ph,Hardness,Solids,Chloramines,Sulfate,Conductivity,Organic_carbon,Trihalomethanes,Turbidity
0.3142382132165142,0.02833850583812177,0.5386167898786406,0.0405889018576428,-2.0331632695500415,-0.6362514469113216,-0.34333676091975757,0.2120616156485161,-0.18134101354823984
-0.10289231678863493,0.8424304716357986,-0.484585221263852,0.5529889499178817,-1.0872236648990197,0.03484684282718869,-0.6225736744943295,0.16311288432607415,-1.6399979696846607
-0.6747082090337555,-1.7199333865165474,-1.4416407561904978,0.31655152065216247,-1.7748252516801237,-0.1401861475775612,0.6762777337063689,-1.0147381105567015,0.8706823544025265
2.0719574297906673,0.20010690782813007,-1.4000800002071696,-0.16257461088153594,0.12916966459447482,-1.1675375728797819,2.74658306917447,0.3576670624871346,0.9442101852463545
-0.02498849356148565,1.8637573289589653,-0.8055011362427951,0.865606438915185,0.9183780158320906,0.5688804382805135,0.1002302409978657,-1.6903443156682203,-0.9465717093384967
-0.02498849356148565,0.26021463055934735,0.42282792825632964,0.5429027312157274,-0.4693907442567519,-1.4382234482808072,1.8936014586087326,0.1750388645774455,0.46992384615748106
-0.4230497183435638,-0.598983742355951,-0.6388635871853872,1.9027792668974233,-0.8998280140544086,0.5082561650923764,-2.3074808869125527,-0.07646672466738098,0.4470810156726004
-0.2906104837441207,0.6305216278607645,0.3638548619159285,-0.22472645159731447,-0.08985724929565302,2.4394880106516887,1.497686076757928,1.0335227244747078,-0.7228902110208022
0.9070879933960244,0.22913257551223976,-1.5447687655687934,0.20628017128196133,-0.00792946719738019,1.4719106714872807,0.3780647397943861,0.9857791606917304,-1.2566006013403916
-2.2680315422355917,-0.1490374134293335,-0.5465583624382835,0.35799433601719405,-0.8603814114276938,-0.252232116206534,-1.4418373523404628,-1.35318227032034,1.4226411382274566
-1.2080455512597816,0.049812696577495374,-0.24802694303019004,0.45489538041771244,0.5010456640899394,-0.0798479179555088,0.11430849145583999,0.9247257145241274,-1.2684506595198834
1.4455519794089229,0.0015568467690672892,-0.21020574066914058,-0.8331679453536337,-1.1064310758785647,-1.0524300295479236,-0.4425768314367515,1.1656444892303512,1.9346127848342258
0.9926198955092512,-0.022194496308448473,1.5338931214913702,-0.2774034400530306,-0.5959876664032192,-1.8028186952749963,-0.6107525183484925,-1.2877933393253658,-0.9129902570800836
-0.09385962518965986,-0.1952689187245693,0.43435738963882015,-0.5628121773957322,-0.07342317143051513,0.697715083617885,-0.060838855120949116,0.2766937720256214,-0.3366484017880299
-1.5628697922527597,0.570378300668681,0.7243566208451391,1.7865168850678266,0.12234283801499295,-0.6421116346502251,0.3881788647048992,-0.3072895127854903,-0.5961360108823696
-0.5409414129938374,-1.06732389859702,-0.13791248905895617,-0.0313539197017856,-0.00792946719738019,-0.47986071024899213,0.24746493090400448,1.1424076439401736,0.21551260016929655
0.15516344883994138,0.038659828864443156,0.5989718921495926,0.4257331327635336,-0.9126166354170939,-1.5840791440663153,0.11279215416004143,0.018473441157523342,0.9694794463697687
2.248307008037031,1.4771795037794162,-0.6400372962152571,-2.019575507146733,-0.7204473882284459,0.7725598665809434,0.919493986243561,1.1391748316391748,-0.5549116353714179
-0.6046511354232066,-0.8354866464698617,0.8699892726383889,-1.0025920999380034,-0.00792946719738019,-0.5783433420457885,1.0344842281436404,0.5969283022182157,-1.537445752084909
0.04538047061189599,-0.4077564510717132,1.0745186710596395,-1.7414473159508583,-0.00792946719738019,-0.18278722214722207,-0.05571909633181707,0.7051338720046029,-0.2711766652831985
2.308286324677278,-1.0378990820492562,-0.025207346459041602,0.49106755628412907,0.732725813795097,1.6955882820830679,-0.040192461620024544,-0.6577301677048026,1.425579150204222
-0.3000871064360895,-0.8189383491703773,0.1618575792252552,-0.04414303834594675,-0.00792946719738019,1.094854214385645,1.858956731956415,0.8164792023835189,0.2719906864453101
-0.02498849356148565,-0.357941906602199,-0.8311579364040101,0.23320781072461524,1.090034778988461,0.11841213945167194,1.7277503110088248,0.5761811111630102,-2.63415255784903
-0.39624014382163597,-0.851883027386458,0.3613974146825426,-1.620466249842946,1.3556291288625961,-1.6336223982357636,0.26016213177787795,0.5032389832795249,0.573662634232138
-0.3702415809670165,0.2737048067553354,-0.9809961717501283,-2.157416148646619,-0.00792946719738019,-1.233148505547829,0.42659527615864556,-0.9396611838354458,0.30643524909981956
0.15976103239553743,1.0054445659036482,0.8882462638539683,0.47275777632904087,-0.3542388258622992,-0.42241478884978134,0.28471549215191533,1.1715843850275676,-1.3448817777660922
-0.05788425023438203,-1.0112563376741177,-0.5120535533598896,-0.4213208533864684,1.263825305420636,0.8354112794688483,-0.7971428451330427,-1.1435171010312302,0.011925288772584551
0.6568324959112526,-0.31537192915806045,-0.06925821919076453,0.4479867872135776,1.9375684021030053,0.4417905459957723,-0.1027280030465213,1.2852670006517735,1.4932109242286415
-0.02498849356148565,0.8598839028131521,-1.545360006328702,0.9215271002251686,-0.00792946719738019,-0.6407817605087414,0.36584724326826673,-0.11427313562827027,-0.6720752513863972
0.4996033835620296,1.0351953535080476,-0.0049235233071892506,0.3943007061229064,-0.41286626935717163,-0.3469211659746889,1.222104230392076,-1.6399042258739522,0.4613944729936525
0.7191475237856118,0.08041148202860975,-1.510202787198758,0.05302429661687248,0.16271078772642966,-1.2272999541987797,-1.5765366416861348,-1.5302551152432498,-0.4206051482909149
0.5114909171747891,0.8338165549047273,-0.8231105285751417,-0.712226932350312,-0.00792946719738019,0.7061115317644409,-2.3162484807772086,1.094720666048507,-0.3697011268335125
1.0572021314232622,-0.17004716268797596,-0.8656267953133462,-0.3422008093834652,-0.00792946719738019,0.9086195186809376,-0.9049914001582313,-0.5935542298594935,-0.6889414543556188
-0.02498849356148565,1.2729632499625103,1.554813157563239,0.3099523097525009,1.5391473898590926,-0.7677282815639044,-0.24481540832809073,-2.134884702533289,-0.1735981204870093
-0.8153248528638644,0.8588730301210831,0.1406819958623989,-1.6271877940822983,-0.00792946719738019,-1.8683072516427266,-0.8894660950466486,0.019450666969211015,1.6256567332193317
0.7310286115140847,-0.16976069039420533,-0.6247415081958776,0.5801831034640406,0.5531669754895444,-0.10011315822164467,-0.603156408688122,-1.1241081841402616,-1.2135716003571295
1.4458553971181352,0.03882741030188065,-0.5378109402784531,0.35574536714816796,0.1326843480676098,-0.14322622865037032,0.3408340873430923,-0.17058523234360146,-0.8284107207105614
-2.3135109346399516,-2.449772063533302,-0.8277941068133681,0.38191505641067475,2.0582990395178142,-0.5518532551992538,0.5021821346377231,0.024245291022433252,0.6640620117214389
-1.4632709369001284,-1.3152328932230528,0.11490489875058002,0.40131863628759895,2.0582990395178142,0.805643415213926,1.0755289281243885,0.20671992263998779,1.1693295317220884
-0.3540881629780399,0.3542591740708155,0.15498376517984006,-0.5494200997701768,-0.6242232194594036,0.9006929313253378,-0.4236819674983292,0.5902837377259704,0.7700210808116215
0.6234704783339705,-0.7222731585210016,-0.9961146049668103,-0.12039364978599906,0.7515892638906161,0.5675152054927104,0.6892500186263072,0.10881829091281592,-0.7573525215772213
2.131789903533579,-1.669779899007101,2.617676220126285,2.5522744139357783,-0.00792946719738019,1.8632066901949256,0.8392055946026705,-1.9188412093496103,1.016175591444955
0.5469336911234283,-0.19137040367739522,-0.20987843145870066,1.3182604820311856,0.07429879701374546,-0.5895424871733629,0.22638471189674553,0.4610081607317827,-1.1169082417684684
-1.9849215731794048,-0.3246764809278011,0.9897582579543621,1.7193847210326518,-1.8106547778796978,-1.8017201790463278,-0.24641643163527108,0.024245291022433252,-0.9284347520614813
2.308286324677278,0.752201043662856,-1.3306959295970082,-0.39442111822096104,-1.1970638572694263,-0.14963703688113753,0.16320271411723744,-0.49264497248556194,0.25155142451699686
-0.11110944182900147,0.10056364941265569,-0.793394375854178,-1.2842307823183798,-0.00792946719738019,-1.5086872403865585,0.2984946270336877,1.5746323602946042,-0.8757256030895785
1.3034989399624735,-0.05853860855291601,-0.2095987887182546,-0.395554422103656,-0.031121045766959992,0.6285791705084702,1.1253154649022408,-0.8709292914036947,0.7950743335975068
-0.050358436593185944,0.9235366091169718,-0.5057997696059907,0.0729937485834556,1.4279349738992968,1.2686514328679228,-0.1418348980060883,1.3967514334445763,1.5824151193215257
0.13596161263897452,0.4334646199879187,1.1053964346954523,1.25015896931213,-0.00792946719738019,1.6619389552761348,-0.2567593508794515,0.4742398295651233,-0.827636524448913
-2.3135109346399516,1.4953665261986508,0.3271858383306039,-0.3323200472875174,1.0785364646093414,0.19969659438956394,-0.29145494984668935,-0.44373622971698906,1.027091054040725
-2.3135109346399516,-1.2375676444421535,0.5455956840396967,-1.357131380591478,1.7768221298773232,-0.4698792487020758,0.9110844086243967,-0.17914669960002888,1.8225343597238173
-0.8672107910066743,-0.35570262383290907,2.556978605696022,-1.7686300710251877,2.0582990395178142,-1.1879088807172906,0.3273078857005957,-0.4361717533891587,1.9998999125509012
-0.06514534409284223,-0.42385125655164935,1.160599720384021,0.17830584197868982,1.39856969381008,-1.2604588602000977,0.03237038982856078,0.24204943902949497,0.4072360851443059
-0.10674017090386873,-1.2738369180308797,-0.47169851930831097,-1.425780773848673,-1.8403276860596134,0.16920507288685468,1.2770232404904411,-0.7022393301672809,-1.7424192005889894
-0.873787719893623,-0.30114534117854447,-0.26074127295112415,-0.33379168628038813,-0.00792946719738019,0.7989145580544522,1.6754851244506916,-0.08337967988002719,-0.26286917117141145
-2.3135109346399516,-1.1801728614441866,0.11515022979969847,-0.2014929768524393,-1.5000822283041269,-1.4916706603231082,-1.400560897530588,0.8781565566367274,-0.25544775177448686
-0.3555695638808675,0.38526872543920426,0.8224167750531065,-0.23783603538357795,-0.1802512786989461,-1.4827941462716392,-0.5826085442537032,-0.037275218531014516,0.3159927887317487
-0.5113013893688667,0.9645344554251176,-0.6804584335883118,0.27767729947105996,2.0582990395178142,-0.8870832404577897,-1.3210318179483258,1.0496555433223005,1.2602954258374863
0.7407044493750631,0.5425575870728538,-0.04037175162085578,1.0515348098781503,-0.26562105332723396,1.0289501208241851,0.8623420084769223,0.024245291022433252,1.6634462556311727
-0.6472416008852929,0.4276959884292883,1.8436396574341745,-0.24098267814128319,-0.00792946719738019,-2.6220450152302743,-0.604556340637286,-1.7104179581918941,1.1065577439389558
-0.4950989893466039,-0.44788266174840874,1.277717064060889,-1.1461260521179817,0.9305819192112331,-0.9535210838071174,-2.0553144828282273,-0.006405315028533973,1.8662764651136026
-0.673830829914509,0.12060337738998628,1.0390100661768373,1.0890068224598048,0.49836045683115054,-1.0646206067020736,-1.5278579094396532,0.8588545437488252,0.847495985703687
1.1380543087223836,-1.0036172403020753,-0.8306130073927658,0.0918822638348934,0.5651435122283419,0.22520921013882797,0.8065095597974067,-0.5288750214154073,-0.4127209425148754
-0.13939499927618762,-0.4306271875202737,-0.20777859650106278,-0.17232572774757454,-0.08062258851918411,-0.0733246404859717,1.144853466170278,-0.40611425896979847,1.1336556438322734
-0.02498849356148565,1.88629589374252,-1.5241622673569417,1.65526617395438,-1.2888988669342172,-1.2704361910749906,0.8037249277821177,0.41311340533964996,-0.7607733127841958
-0.35827435081257664,-1.7168202800526327,-1.0633713991149716,1.2733475935999115,0.2433920963125376,-1.0823456087890193,0.8836389821730731,1.2817417182442439,-2.2314833415922783
-0.02498849356148565,0.6849205998109462,2.3239387318406357,-0.5166617485604624,-0.28141325160653907,0.9664520182179535,0.45273462838772877,-1.1573106580664907,0.475406407482009
-2.3135109346399516,-0.21314209705558476,-0.4070980546575401,-0.1587136140051124,2.01258165534234,-0.764708846051527,0.31503022294229716,1.3215511927988464,1.1287952529444332
-1.809127133414669,-0.22432294293863395,0.20801214517771902,0.4368393039397611,-0.26135439522017934,-0.3091641647158157,-0.19221929125261802,0.024245291022433252,1.1150624766709294
0.05513303873120734,-0.3081913245050748,-0.2942030634751883,0.6169454866151051,-0.8940240384432748,-0.8819358085013106,0.4320364223345744,0.49088369029927464,-1.791612173348354
-0.8354868998630357,-0.5803103128035375,0.6103295595331599,1.114172460384771,-0.6829204476402179,-0.5067937869213027,-0.09506267052051812,-0.3707327271688022,1.095172072824328
0.24210830033769742,0.3612102416066819,0.9145803236172347,0.4375909025883958,-0.00792946719738019,-0.42286598285840177,-0.3314416195860397,0.8735802263723258,0.39160207299552646
1.059323325982468,0.36653159581531963,-0.6489027492589,-0.2605450809656259,1.2559887559067027,-1.002012082848825,-0.6932255336245917,0.9370844258933435,-0.7780886727006641
-0.02498849356148565,-0.10441355844134853,-0.4944551552301782,-0.6729466360049665,-0.00792946719738019,1.4684194282416156,-1.0900190152113631,0.024245291022433252,-0.10544224759897325
-0.25557944171447206,0.45900348280646835,-1.3048132833768276,0.5345468891865274,1.29022400051815,-0.25081393870106744,1.4008768744012394,0.024245291022433252,-1.7062294925523296
-1.1302348310829708,1.0608378430536574,-0.9440815853973911,1.5962775389190058,0.6014532011491902,0.2008351156895577,0.15269637620932405,0.024245291022433252,2.4386184530311037
0.9979827042677019,-0.4170247100152498,-1.0654835606266546,0.17011602410544294,0.9122320038453715,2.019759584656275,0.519078102183503,0.754828739521123,-0.18712874494536944
1.5994298945425327,0.2484171076932692,-0.8941102885557772,1.2432327239718557,-0.16100561411476885,0.06658278671822729,-0.714037051070035,1.5955874897238276,1.6745280757425034
0.227999204058002,0.6660244636980486,-1.1317573634798805,1.865291359704645,-0.00792946719738019,-0.8436875594071769,0.6323764037458366,1.7827267782625373,-0.475644105999771
-0.02498849356148565,-0.7078847064468289,0.5240608917877574,-0.5429406211024913,-1.2870028305422745,-0.7465549570756495,-0.3011480370754549,0.37689762589832193,-0.9736457683028967
-0.3436939973949693,-0.9223763419952049,0.9485193703947628,1.5247776751295645,0.22197480660745747,0.049043165494322714,2.74658306917447,0.4203995646271104,0.4076917649137338
1.9678355170386206,0.5475640174997184,0.22451529380188104,1.5858216752285232,-1.2660156899100699,1.015138885767632,0.5622111772158092,1.0735685355400733,-1.797718151669269
-0.02498849356148565,1.696875218319436,1.0166770857668643,-0.48435811904345893,-0.00792946719738019,-1.0969470133469879,1.0076129088221368,0.545560508224537,-0.7691825665096185
-0.02498849356148565,-2.03129311105706,-0.047699311537023316,0.04663638110165157,-0.00792946719738019,-0.442223968649166,0.18487245542868738,-2.574424434100959,0.9925753391501242
-1.0383596163849236,1.0780331191325452,-0.8814737248795624,-1.236830423217423,-0.00792946719738019,-0.999769326465439,-0.888898043296393,-1.501562326821808,-2.6070829224193393
-1.3048405373174754,0.4540876846975633,0.8345595704973702,-2.1212706015102283,0.26668843630970507,-0.7860826792996344,1.179508456377782,-1.9588043120945475,-0.29658178918196115
0.14337101632573018,-0.2711551483999093,0.26888981105222143,0.039187639610403335,-0.00792946719738019,-1.0030519503464954,-1.0358511332679028,-0.30922868785868796,0.39642322360895355
-1.8131105074791256,-1.2524700762633751,-0.8863133988634827,1.4945693640953959,-0.00792946719738019,0.7229311299655465,-1.961039371736419,-0.7407714237947834,0.5584317958313672
-0.02498849356148565,1.6952850299625113,0.2902564526732317,0.09788466829452017,0.37789379531561607,-0.0008685997132151981,-0.08101752605585102,-0.40021097300795244,2.696183899386438
-0.6876586962647895,-0.9326662832025856,-0.08329486787660509,0.35081546180467893,-0.7073534058995928,-1.0741378558804784,-0.19232269302383098,1.893760742724195,2.696183899386438
1.9589457530489207,-2.419018178446355,1.9432820133030024,1.4131892781130695,1.50366656805441,1.0818817719931004,0.22279710206694803,-0.46296037848333255,-1.2094486730758551
-0.6570124558054161,-0.7921510558850434,0.3413275799726718,0.6947314449301047,-0.30440334809095376,-0.25212145354576415,-1.0394766625994896,-0.03957692951530943,0.5724256468661971
2.308286324677278,0.22868862337135118,-0.8048960803679694,0.4376683498041597,-0.00792946719738019,0.2620898430491102,2.2814239300597725,-0.2936062753239932,-0.6310119153866646
-0.7774342398569221,2.4773274145363477,-0.09382267292949431,1.1598970991296604,-0.00792946719738019,-0.9048567342991926,-0.7608084022267401,1.6816680798688632,1.410565468819745
1.6177829703079283,-0.10533835575034467,2.617676220126285,-0.5354839749019055,-0.00792946719738019,-0.762621439704239,-0.006340363195355319,2.0970131858068672,-0.38565606858044776
0.17497317233918305,-0.5874636641776567,0.16292037611199187,1.2669367775627416,-0.2253489826422902,0.6566478778973288,-0.07507450916497102,-0.7232815228013316,-1.532096561433462
0.45888535864201463,0.8756206867920006,-0.021046721066323278,-0.060286792116600034,-1.8607225491593973,-0.2680749615497443,-0.4316637148649514,-0.20576195367103223,-1.563461723059743
0.3091226303827633,-1.4159151515586013,1.0552889418639042,-1.6392539323308946,-0.00792946719738019,-0.9367064458424682,1.4493255588776932,-0.856123378491619,-1.5663922027782267
-1.2418783340080615,1.3176190201916405,-1.3604552689474019,0.44164293971480717,-1.6523772591429906,0.8812117346496788,-0.5009630523647693,1.3645366819967124,-2.0647474306159666
-1.2948876695250893,-0.46003568743297096,-0.35073182612250237,1.206537005774585,2.0582990395178142,-0.45406541383066246,-0.9708260717393941,-0.16219330589459346,0.13389903043060336
-0.8229581501375066,0.12946483856863902,1.3078093208954322,0.18940385878880195,-0.00792946719738019,-0.3292968037007511,-0.13855892429053088,-0.18573365176385884,-0.0979500199867461
0.8083685799147841,0.16053887032571923,-0.02094883541856135,-1.2171180095335539,-0.4186535073887243,0.48507516460333494,0.4266342645386571,-0.3031535446879666,0.1965860721486218
1.7630889657763207,2.4547116780693568,-0.018312496086391572,-1.201265848702433,1.0052844545778843,1.9451162156731776,-0.18855411002815062,-0.2729719444734128,-0.9968738395938045
-0.02498849356148565,0.5096877652296603,0.4165333325315475,0.9348491023039801,0.17125729944072238,-1.2044432288803606,-0.9864644723424312,-0.12025505660392186,0.33476976461216945
2.0539939251095243,0.44546342542169204,-1.02688353734739,-1.4072592408915794,-0.00792946719738019,0.6901713696624582,-0.7669645864338202,-1.0694013139708358,-0.18976609637162553
0.6401926139515568,0.4818607255721577,1.1644962614607053,0.40734015102490867,-1.377808995209935,-0.9145929851303882,1.1198730074763665,0.7899847330483953,0.19577029093798745
-2.012385281512483,-0.23928377353317676,0.034002396317704194,-0.11410889002772245,-0.2615644279317215,-1.5002926421321412,0.6265510829596245,1.0563182114215237,0.5311705156589835
-0.02498849356148565,-1.792654248273897,1.3633797873219604,1.609735948375764,-1.8587996301530387,0.9198522810710061,-0.17975966382589606,0.2625412569098269,0.9287477704507352
-1.138458185024115,-0.12267548948552805,-0.037337965811170624,-1.0802458871563245,-0.00792946719738019,1.5961509304412378,-0.35982901425701863,1.360427478878124,-0.39714836609793747
-0.32614460274018653,0.6262425946876635,-0.47277925894518524,0.379131959585592,0.41556949202452875,0.5013949725148742,-0.8580928307081942,-1.6276587271471579,-0.4796748251324311
-0.6955522399368039,1.2991370860609057,-0.1880904124797252,0.8498060175128901,-0.00792946719738019,-1.6960240430662064,1.5517298698833917,1.7407639231100094,-1.0178603076690529
0.7257907784451958,-2.214214583020105,1.5487073933184405,-1.5389917270688764,-0.00792946719738019,0.468227814818963,-2.210155650170413,2.095007349730949,-1.1894645573042906
0.784759744669775,-0.43813237491663753,-1.3188797327918271,-0.33889714292816625,-0.00792946719738019,0.0172320950567692,-0.1628185695676653,0.7430178637303069,-1.7933718627277113
-0.7258406496851482,1.0736407660133782,2.617676220126285,-0.44455926952817015,-0.00792946719738019,-0.3633452078731578,-0.06441561044845892,0.6737003523187689,-0.8634461437891514
0.836647327183225,-1.2731364899035371,0.991359017130153,-2.4585575599590834,-0.00792946719738019,-1.019893154342657,-0.1731060296362735,0.7049280449647871,0.7124158145491111
2.100927798130956,-0.829723341220276,-0.7198383979521934,0.005552327561205202,-1.0111110922496163,-0.46806430671054716,-0.21080071157698707,0.342101778064162,-0.6795221557814323
-0.43453093066811765,0.5953281639626027,1.5944487309757236,-0.4065511541002361,-0.8256377328262813,-0.7669542784823995,-1.8900513544725328,0.729100099873427,-0.5488921928604618
-0.02498849356148565,0.831399326641338,1.1837696631266492,-0.777867759404718,0.10680124482413514,1.2632552964779105,-1.3603433471138453,0.7087819081533132,0.05996930940297252
-1.9894277029910334,-0.1661529240438078,-1.0754758458235087,0.7044264921407938,-1.5506287641603067,0.9252098137761698,-0.23017464901071819,0.6569736650361048,-0.04737053203847897
-0.02498849356148565,-0.6018935945545469,-0.49571406629930886,0.6835540615542858,0.6717497290091151,1.1806948754268713,0.263525446827348,-0.21763661534839523,-1.0240114913572411
-0.9545089728586823,-0.257035242746473,0.5563990084218671,-0.5992005217851776,-0.47902618601876856,0.9037073973876816,-1.4175100097832634,-0.8320124071408448,-0.8236076172383324
0.4400291568864566,-1.0357201643577596,0.34791830245676003,0.7217774707444544,-0.11936228679731165,0.07150938324175095,0.5658991230506427,1.4782010627806865,0.85044122051278
0.7081871190688974,0.08728374316337606,2.127462806295578,0.11061099518870691,-0.00792946719738019,-1.661761161583986,0.0025446932480560915,0.1583469941016794,-0.5011675674965499
0.06213606254291844,1.3232452411663786,0.7825659664278616,-0.20640869248038268,1.6878197440924494,-1.1821005056430305,-0.974008579541494,-0.012094258270779609,1.5800221281213789
-1.764114659477247,-2.360397662097751,0.10958937257737146,0.7465128644864306,1.2410358861714075,-2.0794923969000054,-0.3683215979503604,0.014875168283392769,-0.6928210301997741
0.7839250377600676,0.7929428004813246,0.9018622342029818,1.0826157670956278,-2.074137445479777,1.638472444356328,-1.083775939812613,-0.44219731184503636,0.962511818041795
1.1554579637007956,0.809112291671406,-0.9703358050122971,0.0874077826774975,0.4903689775190899,0.4356932027242957,1.16460317816771,0.3962677172940758,0.8124304012608702
1.660586627566714,0.3456220689302678,0.17653261587420963,-0.4050270967473358,0.42298066018065245,-0.07004562043660376,-1.006899177357006,0.024245291022433252,-0.7264105618698431
-0.7363195683382768,-0.24307994474462247,0.32718280894927837,-1.7761455589582642,-1.1996566670181108,-0.8936108446794842,-2.046882866215657,0.8842582624436908,1.0147093330822439
-0.6158445906943659,-0.8487200118740718,0.06653385694764112,-1.4520535404832517,-0.1904318366873402,1.5457916835175138,0.8552085142713775,-0.9620496194873558,-0.0859204255641108
-1.1810463591709246,-0.4066063281744762,-0.7859587760664415,-0.9127553741268977,1.9450739214952442,0.26000459902409945,1.030174511334022,-1.0424576852995597,-1.1355571355604945
0.226432136859291,0.7501999261343489,-0.5142100068370592,1.47211520627919,-1.8948658517267951,1.569253816211343,0.17915392903815439,0.06369271002896225,-1.005281498443756
1.0795725751134708,0.41504418656845915,0.0394346559425231,-2.5652232910553825,-0.3578809675797226,-0.15695138447380988,-0.3860113743089392,-1.514892664944788,0.8166172537571345
-1.1254746988545188,-0.9997034937972193,-0.057305600554423304,-0.7397407626142273,-0.00792946719738019,0.347954913734713,-0.28007678363870425,-0.6864055757965565,-1.5269972253278132
-0.36239662977763215,-1.387341690337005,0.06807342915922594,0.40213139928217745,1.7372848413575726,-0.4062439446040818,-1.2784791643766118,-0.7165736943052425,-0.38232008643925985
-0.9704242707358937,-0.4378912107288026,-0.9950448180090337,0.7188143352104794,-0.00792946719738019,-0.3096937559273537,-0.2732622820758409,-0.8680836124728646,-0.5777719804954032
-0.0674641484895863,-1.2017452422864914,-1.135147807319744,-0.019049129974490965,1.2243700308727539,-0.549097127572332,0.049927491887513595,0.7645326834083636,-1.2962215074704857
-1.5843071399276345,0.8853913113446391,-0.5892362381858093,-0.03678601583662856,-0.3296469561226107,-0.9013566001343739,0.4465682842523096,0.8854195078061843,-0.05458897060267409
-0.5703760035696661,-0.19491433163689204,-0.8582867560891165,1.6701299667992917,2.0582990395178142,0.2812144485069906,0.7137561897965825,0.526575596783741,0.8431652345933015
0.17032175478499065,-0.4389405487258716,-0.9669198181456226,-0.8014964789000211,-1.0485833379463316,-0.019120372960847256,1.1790312303500003,0.48772185833386644,1.4165245807719553
0.379370220134007,0.6530191959067191,1.6603252009297864,0.8979293792985169,1.3669146315307814,-0.40552480396185014,0.987160037968675,0.7399615705125778,-0.41098211387931816
0.6621860940368679,-0.7099490586896456,0.5583742604447022,-0.6937748928733865,0.14808025275585882,-0.9847657598798303,-0.15100882415757205,0.597987166993139,-0.9879306661589065
0.5362864069068788,0.4459726230830612,-0.2511729353146506,0.0960025348729006,-0.00792946719738019,0.2815582631462781,-2.2306910585650535,-0.6830205669384528,-0.794083419693769
-0.02498849356148565,-0.3209612637199493,-0.4587022747535438,-1.4033081359579993,-1.1193758162485448,-0.9817693887354505,0.4537870729976231,0.6015727128340854,-1.1521240680487934
-1.5313377053775374,-0.813578048967925,0.11179143746431273,-1.7358581253429055,0.234793481304487,-0.9986510040711204,-0.2995608040081817,1.1832940068943898,-0.22972212342632872
-0.5350424463512463,0.33912694336086585,-1.5674127154552329,-0.7372475771970968,-1.501158179657145,0.8236316968792414,-1.1427467034350434,0.5309525137814669,0.6995843067197561
-0.0778383826698166,0.4781269827729728,1.357862625828056,-0.5361351606535023,-0.00792946719738019,-0.3863214109106848,-0.019783572823520584,-1.7217913633494042,0.187761480929004
-1.450188027256643,-1.839004419521937,-1.254402762468765,-0.4651085277469535,2.0582990395178142,1.932773725913269,0.3533240645040646,-1.4569401589021176,-1.0293048310650421
0.7359742954443472,-1.9961466178761378,-1.302319244891921,1.527971382195893,-0.5882093649005876,0.672869727311325,0.13572730600587862,0.4099074326775182,0.42800509435180784
-1.5522516594098779,-1.0635551380028108,0.09187578331035673,-1.9988314336872,0.8741117000000888,1.4515601828707396,-0.8235874178949701,0.024245291022433252,-0.1596812154805778
1.004884019311446,-1.0168067061816115,-0.28485820945508,-0.4511181492583768,0.042794437274951164,1.5175024689796868,1.2331610181749233,-1.3410044389157976,1.626189399187745
1.1629855676099294,-1.0665951858603702,-2.116338500635492,-0.5485476560119212,-0.00792946719738019,-1.1075115836451086,1.551932027667729,1.160019896298966,-0.6026201642593614
-0.16018548234065644,-0.0071998905414552734,-1.1791852881563056,1.5995702322984398,1.026639301573195,-0.7831609401302936,0.20930646378145706,-1.6361949440771795,1.0551533695833493
-0.02498849356148565,0.7278795290502716,0.020092338303578025,-0.8097493202490803,-0.00792946719738019,-0.34726094658014917,-0.8476266158225628,2.593673959879202,-1.2486301296685691
-0.02498849356148565,-0.5206713719683806,-0.5812165556764427,-0.07471207151609242,1.2294384825467637,-0.2699812446166947,-0.819482304135919,-1.2867120595304573,0.6452130958914508
-0.02498849356148565,-0.5355771410875205,-1.9686123865155047,1.0296875883446595,2.0582990395178142,-0.424660765001626,0.8009099954484892,0.6439675287879965,0.5652513008354869
0.2864962986259664,0.9044600609833228,-0.6726097889384245,0.6867743160583726,0.5381059944713752,-1.1866069177911012,-0.34949943780969206,-0.4000539976947373,-1.331220744564939
0.9035270413719503,1.049330438942335,-0.41605226429404807,-0.15428731254043193,0.1654928895155285,0.48630139498007174,-1.4623783432066004,1.1509851489567473,0.8602191926878066
-0.5132942923976147,-1.0711770249621315,0.03481267198251342,-0.17175313944479986,1.483894415032556,-1.118755885378575,-0.7828116583723401,-0.023145785931423378,-0.3272667502032878
-0.02498849356148565,-0.11924153383866821,1.6808967856566999,0.20799424378468834,-0.00792946719738019,0.6024131453195283,0.8463271768639165,1.0462541682714765,0.47018846497178596
-0.8300439840269944,0.5971203303272884,-1.0388231221068245,0.41732215998093103,0.0437654188497145,-1.7927545648103134,0.13502577654190426,-0.7139964573887444,2.182396620877663
-0.02474127517708403,-1.5171858031381482,-0.0941032754972223,0.13308054587170234,1.7335680115092973,-0.06370034972626384,-0.07732790757440487,-0.9835676219046884,1.015800851126953
-0.29288221434368505,0.626653986368634,-0.17010077621917227,1.1880449811149425,-0.00792946719738019,-1.121843526445656,1.0809675372848302,0.3492715687729866,-1.3037139169694703
1.882174754683752,1.375183853542104,-0.2051637662545457,-0.05431849482305437,1.3097706753442098,1.7781874640285706,0.4141444501151235,-0.680913040417151,0.877872729761352
0.9254243954239145,-0.87531168768021,1.0365843452671655,-1.0814677456025592,-0.00792946719738019,-1.5539125581280686,0.08754492199387921,-1.618576370113522,-0.6541108059023238
-0.08116727915675964,0.7253786414970673,-1.3578801912088188,2.10723221554155,-0.00792946719738019,0.33877083186326334,-0.010083648500225277,-0.33590247465887463,-0.35567139065993203
-2.3135109346399516,-2.0360361825447497,-0.2782731985083881,0.39724425361229754,-0.8955337166084143,0.38096593343438134,0.8087529664615146,0.9869114432686021,0.4268156218676736
-0.02498849356148565,-1.5113935613041454,-0.7943143123369927,1.2282655800266653,-0.8433209472163451,1.7282172270340919,0.7173018875248519,-0.8860483973382771,2.6859691070741243
2.308286324677278,0.5463677818186302,-0.6093734830533594,-0.32836895572905095,-0.00792946719738019,-0.18779854730929244,0.7241826521116159,0.0922639025976875,-0.5883411893175824
-0.6742417816136029,0.04993573708354551,0.01972904947769129,0.16204037464523555,-0.00792946719738019,0.4856777869351629,-0.06728857069146651,-0.3166440279854662,-0.15847152848274013
-1.065739129574957,-0.7856438716687184,-0.49966147831065694,-0.9937909577236502,0.3115928462242773,0.5056946933691587,-0.12932772101896323,-0.4510620391123174,0.5348304180028808
-0.02498849356148565,-1.6585259281805966,-0.2431681038816465,-0.7996527121641079,-0.00792946719738019,0.012026697578568184,2.540119383288732,-0.856969793468792,-1.360693060694013
-0.13977235899699786,-0.38127361504687485,-0.8789556386286667,-0.24154072917251448,1.2168816137494993,0.8981998423215212,0.16569231876191404,0.4615308325283679,-0.6154319802365431
0.1957118185956914,-1.146620509035731,-0.8301849645672783,1.3231963650004448,2.0582990395178142,-0.27596074838499807,0.9665998867906116,-0.984871608048458,-1.3902275981929058
0.7205901666004098,0.14143345699080836,-1.0904202391329525,0.11215996373911931,0.035940511301056,0.25836333518321813,0.21703553570092202,0.3166640330314351,-0.5766832452347144
-1.5948130357070978,-1.150007097721881,1.259124619802011,0.35599435443894023,-0.00792946719738019,-1.1148546562317647,2.737227808523283,0.6342843812978405,0.22069291670897204
-0.2589198179600032,0.3797060392000047,0.8147011169428083,-0.06796466643092948,-0.9800917874354602,-0.8064628444573355,-1.121836463501253,-0.8079128814078379,0.3977550903200644
0.4817993374299379,0.5486989283257483,-0.18287728497007014,-1.1533318845879623,-0.00792946719738019,-1.1044799240609209,0.8605671138506545,-0.5022839863463511,0.26251300129993776
-0.4412144354178944,0.06471560430608994,-0.35225841634873056,0.10999181901314274,0.06928125744512138,-2.1241751305930188,-0.16134951657476648,-0.8740898016664339,-0.8849914242981404
-0.23958493989330293,-0.5614539288550495,1.1553020236430314,-0.9653096243548612,-0.00792946719738019,-1.0597711510185257,0.17259222879346467,-0.14251290695017152,1.4891047473728456
2.0583695826350996,0.323120407244186,-1.0279096793683555,-0.8073118059858903,-0.00792946719738019,0.004544545674891524,0.023299320063704443,0.5897672234359295,0.34475384079427557
-0.30982977109837817,1.1369120634286891,-1.419117105961723,0.7720243214647737,-0.9935286289517334,0.4042526774096116,-0.2908457585572829,-0.06527797627556252,-0.6676274623769354
-0.14023892354274128,-0.3379732470500724,-0.9352131844091434,-0.05901177458052055,1.3499142885883761,0.45659360960744994,0.9107692010399254,0.5345219917427284,0.498837758356919
0.07533802218377625,0.2302925929557983,1.414590186470742,1.4629237477920598,-0.4186920468605349,-0.13304413769466258,0.6099289791543733,1.5490009206485134,-0.7832101595863755
2.308286324677278,0.6822438511118843,-0.9613714531066524,0.24245916466987755,0.027478477803303817,-1.0619380707759505,0.4402014710581696,1.191836239228835,0.4452407194410275
-0.02498849356148565,-2.449772063533302,0.6247061356354071,0.823766503104642,-0.00792946719738019,0.750917554077158,-0.8943251063617035,0.10034323169254422,0.853839156960091
-0.7865910655266765,-0.4471847761849973,0.5532072891096408,-0.8978117598448924,2.0582990395178142,0.699779041907096,-1.5557026034328674,-1.128777798237651,0.3214528592976703
1.4698844254757681,0.3910066512739792,1.1838662644793407,-0.15437232269950837,-0.392357801552142,0.2899001941137559,-0.5349319987494046,1.4859541549475792,0.6073681996926366
-0.02498849356148565,0.5393363833162366,0.7229599515418424,-2.250928381420763,-0.00792946719738019,0.7235872420033602,0.46193086553528584,0.8106340285625395,0.45506510753731416
-1.1888911037082608,-0.27080489134480223,1.6091791592384574,-1.7851006881225666,-0.00792946719738019,0.35595303934527667,-2.431676925987387,2.4052276096328424,0.7061538354976113
-1.0682163097935595,-1.6569078141139906,0.022887454485645685,1.3606422883792264,1.1240406378267658,0.13751938350235368,-0.8251088387317832,-0.9023958771046071,0.24314641377395796
1.0830186772393233,0.6333599320256587,-0.42942043877914693,0.7424096642420803,-0.7050364983940308,-0.44237395106120353,0.8934218919628556,-1.7234549756981141,-0.35299208231555257
-1.9227156351358516,-0.8354438888313106,-0.8121528815324861,-0.5314268112195145,0.6281673739547211,-0.024130758701616968,0.06032870163522403,0.8339240174391702,0.16368248946639072
-0.4842744732704629,0.5194718189244959,-0.12441631154224359,-1.1306878440862675,-0.18175778274574672,-0.7136634543057374,-0.15084167967153325,-2.574424434100959,-0.047165050333801216
-1.3716111057756923,-1.9009083076468294,-1.1579729162655736,0.9649930137282207,-0.00792946719738019,-0.8030787874661895,-0.9454703216762571,0.6325051842619217,0.837715105139586
-0.02498849356148565,-0.16179098255470917,-0.9252881506222895,-0.06317245566682679,0.8922066125832459,-0.33067391916124533,-1.050581721948696,-1.9957514629020505,-0.29458271629810784
-0.05109032220194698,0.03943911468579283,-1.1474449589300357,0.5454557788863028,0.24936047359352267,-1.5391648325521643,0.02608318664228403,0.29425516597293666,-0.13855444699614186
-0.3476637091020429,0.02507264096636226,-0.5083840386048374,-1.6892295530147186,-1.3793317061693078,-2.1570041865471237,-1.358730328289178,0.4820612407730839,0.7958507717094869
0.17490088076244756,0.2910413262560199,0.20208918970584963,0.6712666764737151,0.0005914694580547885,1.2990238389421491,-0.5850737408822374,-1.6419936974360207,-0.022656966639471938
1.626502492433739,-1.0175543074778923,2.026519487376408,-0.1417324215535167,-0.23873158894018956,-1.0110236356563993,-0.47391262602600676,-0.25015413453394564,0.678402284379204
-0.03124941580762115,-0.9099707976221063,-0.4668453132048029,-0.7917470797328032,0.9360719576298588,0.5689680290463474,-1.097741271251977,-1.3842613720228558,0.1824650317640931
1.853779065605171,0.43316535037176035,-0.4471089876649132,0.5170055396883758,-0.00792946719738019,-0.4877401193867332,0.9982369282094574,-0.021737436006765195,-1.0173303412337502
-0.3305189739301504,0.3285454615008134,-0.8634141981270116,-0.4389374590744806,-0.5470832823855357,1.9580804850502653,-0.532988707911751,0.16542842548741832,-0.7192569261581162
1.4363317719994686,-0.4652397232147584,-1.5974193923398077,-0.279007642699565,-0.00792946719738019,-0.673317187481417,-1.385076710326768,-0.07193216789645732,0.06238360067167703
0.36067894097146697,-1.2512511846458336,1.252962169406614,-2.4568677223058177,-2.074137445479777,-1.870195580073435,1.1153212616653343,-0.24482924589567878,-0.8634191466222182
0.32312339935413514,-0.2568721704135459,1.1470184481438228,-0.9130249786450112,0.029569363967036327,0.1283821763085837,0.3010177552594545,-1.490830127767624,1.0131054332828078
-0.02498849356148565,0.8437994744628566,-0.12130554901718209,0.4016814559794558,0.22582097911926302,-1.176383551748324,1.1858003354655284,-0.3445917195157591,0.8887250568626627
1.2889321013394486,1.5541991874262817,-0.0995467693204405,0.37421541338147757,0.3117790349793878,2.855501274708992,0.8251793319931761,-0.3822732429029824,-1.0886309390487283
-0.02498849356148565,-0.01172321411508683,-0.013697313421377266,-0.2602231352757352,0.8456123308785692,-0.30690793628277585,-0.008383394273182309,0.7323963352955819,-0.006816169562138981
-0.13038657521832578,-1.0279704845956747,2.6170436520170965,-2.5652232910553825,-2.074137445479777,1.6056672839719233,0.7028726436306147,0.07848418364600664,2.2335851454154345
2.0765440580780417,0.37773211391092326,-0.2751167761099955,0.5611674016648505,0.22172023740289956,0.7115888017736038,-0.8914542132276767,1.2662648090329172,0.11826833617852066
-0.1321991024951303,-1.8643689493717222,0.6262636274607503,-0.028107418113262537,-0.8309705174937643,-1.0544775922482612,1.2841690115935112,0.9653116095741819,-0.17138340117791037
-0.02498849356148565,0.3915306926815879,-0.6508084492990841,-0.8108827805845128,-0.7159417757435842,-0.76914733850005,1.098132047356172,2.593673959879202,0.6394873156534189
0.6755861545668373,-0.08819921402710726,-0.8619765745566177,0.05374141833207388,-0.0273127603762805,0.5327868770346731,-1.0407595141526833,0.055637312492970846,0.13271136911974807
-1.219619064536401,-0.34082267051235077,1.6235339735346332,1.6157905625328852,0.3258589074761634,-0.9870635904489324,-0.0747492378587663,0.024245291022433252,-0.4278362754176815
2.02079685097514,0.3855435667946725,1.5379796696840333,0.7805907881234205,0.12465681263844638,0.45590404297003845,-1.2791947087117288,-1.0022681752501665,0.7259262420525645
0.49899119547678605,0.0756718905047349,-0.35949792329435065,0.1546073444832721,-0.5289165819187122,-0.725407385103513,-1.3166048421234018,-0.06964611735381822,-1.0641934929972974
-0.5337525027943636,0.9745871061370351,0.2815172515083533,-0.5611538890312922,-0.00792946719738019,-0.3293078516365635,1.132445553293782,0.3133650399646816,1.020108188759475
0.5836077851622665,-0.3604711067566129,-0.6836421296365437,0.11956322711947821,-0.00792946719738019,1.0012798285794422,-0.9741079569721591,1.4103808526129913,-0.28646642282292184
-0.02498849356148565,-0.17372560775788867,2.0617845586494985,-1.2327730951620293,-1.4453117680834169,-0.7662761087437712,-0.17470862005548346,1.6620625779832618,1.330918000204529
-2.3135109346399516,-2.084010683889381,-1.2015991145272829,1.8245302331773499,-1.0222501754373097,0.9761351324021181,-1.7004825647490343,0.6483218878441577,-0.4278783541096596
1.074279078867199,-0.3919386507632405,1.2766291049117189,-2.5652232910553825,0.808913829041813,2.578236500952833,0.9534455987429817,0.12068050952464128,-1.4378470403549202
0.15555766634527465,-0.04095697613429596,-0.06275820554479378,-0.362507597479794,0.8775533829869178,-0.09793442131889543,-0.8846227290491799,0.968050992555159,0.4024443863242371
-0.02498849356148565,-1.6953555492450674,-0.09619781630327355,1.5211708595949864,-0.00792946719738019,0.04416565766097123,0.6320681908125195,-0.4779099402917831,-1.7562906355027352
1.8916880322920526,-2.0607043984909463,0.9497219838488058,1.396810670572411,1.1851813277524617,-0.17945584682246543,1.1668410274566292,0.6385203496873696,-0.0841921654731781
2.0418130002536667,0.3907225259496936,-0.8546349559382028,-0.5750881432118276,1.0737207859561189,0.2029758030606669,1.661683811510588,0.03195685491187274,0.3342599421262322
-0.6565502762978639,-1.0401119300935058,2.617676220126285,0.01191141653573825,-1.0819674429817019,-1.0228265309141062,-2.7316554622756426,-0.7008448236640152,1.1112967176403168
-0.4109155152846313,-0.7377145609625253,-0.8602184566700307,0.3863641376909171,0.5155385199437539,2.8424188589320445,-1.246170858479103,-0.6086069966136193,0.9145615733954945
-0.6766024281724113,1.4094585029790077,-1.5350606388916714,-0.8963127605689536,1.1444032255472483,-0.7308685168777338,0.793860021535437,-1.211590803777848,1.2833261851674331
-0.02498849356148565,1.4236096464600503,0.4271474904003471,-1.8603366034572972,1.1610211327102495,0.6123276398482034,0.3273028662758086,-1.1653357733372611,0.4472170747610016
-0.02498849356148565,0.3687711771933415,-0.48769950629078535,1.1534074766309124,0.573586036088934,-1.857306592881132,-1.2473179913368788,-0.9138129576171053,2.261354594557376
1.5131280633047355,-1.056463905715467,-0.06666775084566486,1.7254930749202284,-0.00792946719738019,0.94670839493318,0.43880551938738765,1.1274926455413483,1.0927746351896663
-0.09324202467923585,0.3494979320087515,0.26948579994333677,0.055733469191810804,-0.6250970030939549,0.639017208510527,0.6945790140907884,0.5659516813569824,1.2121028074827778
-0.02498849356148565,1.1717216503962153,-0.10459251433945346,-0.2861811913403211,-0.00792946719738019,-1.1732494579139132,-1.3903521391570908,0.7274765112434848,-0.8393917114163679
-1.5757408153436439,-1.8744326412773773,0.7375450258279147,0.8386060161477055,-0.00792946719738019,-0.5031374725065684,-0.12805456423407718,0.4869198630507576,-0.44405821497991754
-2.3135109346399516,-1.695522377687721,0.14155881882150387,0.7350764341447711,-1.2873064961218426,-0.43109524056128234,-1.6441612408659243,0.12933998754220075,-0.639322893406151
-0.6951186233382913,-1.1214319181243846,-0.9459569691714603,0.26184290457568604,1.0695907632128887,0.298543183979195,1.3827084297679726,-0.1255448079051438,-2.3077417774408477
-0.7527652673085627,0.0326528892278852,-1.335623788546176,-1.1757997758882277,2.0582990395178142,-0.1778189602939546,-1.3396844666882062,-0.464659615385238,1.6246695067467911
-0.02498849356148565,-0.18145377555167802,0.5658883198018758,-1.5974274175101961,-0.9905874122795656,1.0436214502294614,0.6031038346744593,-0.14427898232460043,-0.655888906282164
-0.02498849356148565,-0.8101601091702972,-0.5195037726149073,0.7613784125436576,0.511945122494026,-0.6493006676816153,-1.0061383444454504,0.4789276646964351,-0.31485077924573557
-0.32322662290885806,-1.7313139122804486,0.41909688758541713,0.05635498588352769,-1.2207585574844086,-0.6454524082589959,-0.06430438060746753,0.5177373614974423,-0.5434977144896785
-0.24918233291415717,0.677412871987175,-0.563731939376361,1.1441811670057869,1.9218209022128725,-0.9690068520163151,0.03340653095556668,-0.5893022762873235,-2.0106606452750335
-0.4521387839445581,0.5729116368406254,-1.4708850642482365,1.8391903099319942,-1.9187035804137498,1.0318222948759295,-0.4079087308221129,0.331371941049424,1.2474969543086984
1.699412432625723,0.6367038433259686,0.6860340772765275,-0.6291497356826482,0.7100760759477028,-0.9818146949823724,0.6468939376376234,-2.2213315759279553,-1.1154673919566807
-0.47410639577129265,-0.3932102851951903,-0.1753859559740734,0.8449494503406731,1.0531737342536485,1.537767552156397,-0.24638318478815496,0.17722073573683875,0.7389617354947182
-0.904800375703999,-1.3948258731475722,0.3925173881690391,0.4747762053748322,-0.6396790631115028,0.8536131074095422,0.12362941109077367,0.7173403059055554,-0.6763831906165232
-0.02498849356148565,-0.05212857035393025,1.8664196419955474,-0.08809766252173468,-0.0010133666383038916,0.1350425837516232,-0.15439612222623586,-0.37873188393559476,-0.7797773643590569
-1.1160125822213935,-0.8671900033226445,-1.103240543900509,0.38260747192820493,-0.00792946719738019,0.2184569160031084,1.1900301050658355,0.024245291022433252,-0.2601263044567244
0.4034480785667336,0.5628830881331106,0.9030063562645804,-0.40249715157220706,-1.1209103823389155,0.8635651678408337,-0.28918661988048044,0.24174344839597342,-0.2064097793274403
-2.155740189991916,0.172591123514638,-0.17194381293022895,-2.5652232910553825,0.26529272360968903,0.11726354449015476,-0.6238808330611549,0.192518693778251,-1.2736915881569169
1.5882575814217446,-0.8887254867122744,2.617676220126285,-0.7904635582265703,2.0582990395178142,-0.32860295670320516,-0.7093877058954389,-0.2640623342654295,-0.8526702499756383
1.5366188826789775,2.4229465133426706,0.2325624240753713,-0.14796225365755517,2.0582990395178142,0.6504648392815808,-0.2653661233137455,0.3332398646099837,0.7024326852839352
-0.02498849356148565,-0.47353005849956525,0.18304910145239547,-1.0796482541728911,-1.635069999338895,1.064462706419983,-0.08273108358568426,-0.9103700105448121,-0.08553997361126409
2.294310696009641,0.9234011180451475,-1.449730449043067,-0.793920082286285,-0.6197237322984247,-0.6735490685784975,0.32057795265371863,-0.32890749885623227,1.0678125994309668
-0.02498849356148565,2.1914840596547345,0.5020086603512733,0.3629074156505361,1.9895749237794302,-0.7746646220500114,-1.2038864770118394,-0.8644819603982119,0.040493184007351496
-2.173241289283307,0.1238876314181386,0.43319072693824634,0.7754631058805682,-0.00792946719738019,-0.1508708748455236,-0.9765814075906841,0.024245291022433252,0.4783732082942389
-0.21669836149121122,-0.13411472395920418,-0.34208774574461637,-1.7803243077156747,0.3749747570506921,0.3940570796065197,-0.30083096788445796,0.024245291022433252,1.221840422851655
-2.3135109346399516,-0.5633547845587026,0.5967635548995027,-0.42038205590792177,-0.00792946719738019,-0.7619624976590883,-0.5857758398262876,0.48594742255899626,-1.0019697767235873
0.5422398860021643,0.13427573285423267,-0.7361580561683106,0.05416166232226322,-0.00792946719738019,1.1764489412601085,-0.3040507703170377,0.8453057554764396,-1.9227748595658185
1.2615992903613669,0.2812084989652759,-1.0348158483863805,-0.27854202116070775,-2.074137445479777,-0.33764419766775655,1.4402156384876983,0.10640541758418474,0.09210917900877276
-1.5597317693949242,-0.7090603962158696,-0.84158204582261,-0.8298508407678343,-2.074137445479777,2.438205663445956,-1.9986707625359479,-1.7872704616306396,-1.044287478910695
1.3052492875873645,-2.0285556741784823,-0.5343210933919473,0.324039569387485,0.21836545564870677,-0.3353929964921363,0.7616429054593494,-0.8264564331433285,1.2859425531434683
-0.520882965809204,-1.192362622130218,-0.7833119183732897,0.2984527158451041,0.292556529410712,-1.145628043371939,-1.5473175991227057,-1.8320910753106763,1.9368061577747149
0.36076054764753335,1.7976105000332419,-0.6260907121331113,2.5522744139357783,-0.00792946719738019,1.6293731211059568,0.2805265123591877,1.0011922183435362,0.2698546586943241
-0.02498849356148565,0.9246526748186742,-1.4364383588652678,1.0874340178950288,2.0582990395178142,-1.386547962185211,0.7629867656294678,-2.574424434100959,-0.0012200563641841856
-0.02498849356148565,0.8545619145782755,-0.7130429796570715,0.741448135231687,-0.9446491321213668,-0.8250378086805512,0.3051292296010917,-1.1769332064010365,0.25553520104525435
0.2019618083632403,1.0505032770214073,-1.0949077133292464,-0.7452077371724655,0.5769153349878959,-0.6945455739530709,1.588574875386789,0.8859937045296474,0.07345061477068968
0.7890720564995949,0.744456904097143,0.22522535958024384,0.15990384511118785,0.8684560142126686,0.4474200234918597,-0.272366716433457,2.4056953446239886,1.2784138526126179
-2.3135109346399516,2.4773274145363477,0.567962287448154,-0.011802280059424474,-0.00792946719738019,1.1924906713901915,-0.0034872509342958524,-1.5739378293206245,-0.38388518646571596
0.07175556047019062,-1.094177871156558,0.412513053563419,1.962497303220789,1.0986834119365914,-1.2007128851918594,0.3710966295554595,-0.9826419007023757,0.4284105965756516
1.4998747344170629,0.41694082162188645,-1.2062934731988693,-0.34734834872277864,-0.22201703451366173,1.0483542739153169,-0.9181304266039452,0.07816138124250346,-1.1453830358433243
-0.5281810067355738,-0.9295133264478518,-0.4224872706039314,0.6047371193479992,-0.00792946719738019,0.13585042619172194,-0.41429683526304434,0.08596928543593374,-0.02615856812682703
-2.3135109346399516,-0.1167756317847664,0.33283224344351925,0.3999862355627775,1.6091018361784115,0.5949062658095284,0.012370728632630923,-0.6476824283424494,-0.15269315288620108
0.845110207886953,-0.1611640110915171,-0.6459009785068901,-0.17434681494312543,-0.00792946719738019,-0.8946308888088492,0.2894897545271907,-0.1887603929516429,-2.2898990919080315
0.1419833256375112,0.007002262272388178,2.5703205099603514,-1.2013691387791996,-2.074137445479777,-1.2798246271607288,-1.883445431307905,0.19805419295708823,0.7428906025207491
-1.898257654769433,-0.19639413940953002,-0.13615423220658787,-2.5652232910553825,-0.00792946719738019,1.123311198078907,1.1844469278536585,-0.19224691282306172,-0.14995108923231085
-1.1930493929412616,0.9442959331743955,2.617676220126285,-0.04181690293391961,-0.8237783642158706,-0.07594519864836012,2.3765010019103956,-0.4851269466148874,0.16929026819441553
-0.497359009084082,-0.4842681522680625,-0.5262808305230017,-0.4264087973658269,1.1030467851511683,-0.18322370016443504,-0.8178715048145302,0.024245291022433252,0.7469603866606771
-0.6263050411182605,-0.8273111996040934,-0.623392740245155,1.5087946294560803,-0.00792946719738019,0.3879461204749202,0.6484291950045594,0.8468851383721157,-1.0615741803703655
0.204428085562408,0.05456039552087082,1.5362085125763483,-1.199281117364998,-1.0550682462595893,0.27598340065317445,-0.5738804300154692,-0.23247824769541478,0.3894196249768248
2.1591151668546407,-2.449772063533302,-0.6697809565874152,0.5164823694162508,0.9791362487682067,1.6488747292751613,-0.32467253293813686,0.5783714998879954,-0.19734859700862983
0.24450339724503958,0.6734809144614625,0.28604559603019486,-0.7814401375941197,-0.00792946719738019,-0.0021332151759116016,-0.6126144365162521,-1.0920855761734178,-1.9400744431135
0.2367356857946492,-0.21385324226652178,0.8222994041514259,0.8259885930752976,-0.3767377075699508,0.4002016713749915,0.911371979815338,-0.6202803616010395,1.1070760440773564
-1.343572166878337,1.1414262354745703,-0.4896625829176412,0.1060194229670285,-0.00792946719738019,-0.278371957952922,-0.4262719948442222,-0.7028325367193602,-0.6730299659408244
-0.02498849356148565,-0.3675007199259126,-0.13690074995750934,-0.4319947919649506,-0.34106697374094547,-0.3815671612706199,1.296506140185807,-0.005300000294501917,-0.23801773792645958
-0.02498849356148565,0.28218383664070745,-0.22324961501630464,0.07267732742747236,-0.5141727694671162,1.6673057583566926,2.74658306917447,0.12450947329785382,-0.3986047767291376
-0.02498849356148565,0.7294904106648294,-1.4155333521013145,0.8856753221944748,-0.7527050318529439,-0.3687588489403034,-0.5614585835679142,0.3441552743290261,-1.0040997920835248
-0.2582023180518275,-0.4476172810675918,0.2645422509772364,-0.08061333415200721,0.2568559667674659,0.6700893146621923,1.8045817241306008,-0.8049714396501468,0.34079091103810616
-2.9921555890533404e-05,-0.551693327675664,2.0248923024668515,0.935445791672795,-1.6647345544442715,1.1815955898526325,-1.0659586926129767,0.6182536966722195,-1.3059189655549657
1.7639680501321677,-0.3302365043588628,-0.45833135035356953,0.25194771628053547,1.7773479365443918,-0.2099736293478577,-0.571052587719588,-0.1925026192590247,0.2692549055160895
-0.5520005298461228,0.5569409547248066,-0.11775956844531314,0.07932616694814938,-0.04804486799124399,0.09889510365258258,0.502170044156401,-0.09591604337351307,-2.6998940325501253
0.30522374798111596,-0.3240945388102325,-0.9581465420321107,-1.5973712050195201,1.411149111084227,-1.2858180555392371,-0.79054169155757,-0.002122099324185776,0.10307092064105206
-0.18875198408597815,1.334759238714285,-1.6307396809631751,2.075682584663456,2.0582990395178142,-0.6647670248590062,1.4153683860144102,-1.4856267222292945,-0.18129083780797034
-0.6586508399704925,-0.8460815317746784,0.2151033835650451,0.1289552040340377,1.3616813896036701,-0.6607981032130383,0.4503205060579031,-1.170186537564775,1.1469077467227002
-1.333395375810503,-0.9904729261020028,0.576857418892818,-0.3487396794673022,-0.00792946719738019,-0.049587938660404084,-0.054229794820828486,0.49313693062574554,0.5476840664642283
-0.2397416320388834,-0.2887794056721059,0.5035287123069104,0.849697395792877,0.1455620784905824,0.7886117672629483,1.0636045231041884,0.7016344683008208,0.8189306044268759
-1.8299555482498642,-0.8356729061367998,0.9591510739000203,-0.03878317133081163,2.0582990395178142,-0.5087613775289815,0.8692236371466271,0.25767057589229,-0.9973712318658647
1.0812072456829707,0.6693017227883452,1.9721975923040318,-0.0954565003834855,1.2958115660455165,-1.0749464770925046,1.4945327558201855,-0.8094503171553066,-1.31766983032286
0.6502498829081211,2.4773274145363477,-0.5657965951374999,0.4538132745192553,2.0550451761010877,1.108123946491623,0.08751872421783112,-0.37424469086850787,-0.6585723214277672
0.07568500550913254,0.5189900147497749,1.2435031341604446,-0.5417396555639936,-0.00792946719738019,0.8131820158924015,-0.482691306962413,-0.5240224767640249,1.341681882930166
0.8144021236087085,-0.9326898087036165,-0.47498605250823367,-1.9895149468223858,-0.04380655499866189,-0.7902897036412664,-0.528384489358794,-0.650099925281479,0.8257750447460392
0.7281612869804777,-0.6983706443041665,-0.07789939435948447,0.22853901485199624,-0.5814808003111703,0.8896041948527194,-0.8739737899083401,-1.3056304206280007,-0.26349245023285595
-0.02498849356148565,-0.24986964335186101,0.7838744097593879,0.5815604819027114,1.5606863403447115,-0.0494490761792921,-1.133849555571595,-0.20053842566856,-0.9460050070211118
0.987269494255152,-1.3586098784217677,-0.7094306223355,2.5485615358798523,-0.13426286941891807,0.0627159838477801,-0.5945499296716708,-0.888961727250002,-0.0021050157115162504
-0.02498849356148565,-0.44852341730095097,-0.5355041793809362,-0.205322779977548,-0.00792946719738019,0.8706922994911022,-0.8303115425921996,1.2685374206485056,-0.506754733845305
0.017236086246858105,-2.449772063533302,-1.5618295933249573,-1.879428540739738,-2.074137445479777,0.10767248117835442,2.74658306917447,1.8071322726538914,-0.09378742045747977
0.3326230732632256,0.4370334087853565,-0.5965627404623401,-0.3640701424813693,0.36487043953464715,-1.3894419766808395,1.7327780368692005,0.024245291022433252,-0.8848055769689913
-0.23807363004080304,1.0238965548024823,-0.8100141126744289,-1.2953413089968535,-0.5590525421723175,0.22332979580366266,-0.14328196517638694,0.6459292113556635,0.29761825433539313
-0.9273025915385426,0.09893420519566283,0.24637665675066017,1.492541010201616,-0.00792946719738019,0.029889729162331218,0.54860231796395,-0.0942411780518322,0.8998349960740193
1.3201490090949402,-1.9068289946001538,-1.993914957005101,-1.237209364170887,-0.00792946719738019,1.3330784340315815,1.8687163224392465,-2.574424434100959,-0.17103336928727306
0.1716019580930483,-1.4823876244826495,-0.7086612071285912,-0.37599681338257923,-1.8369605108392288,-0.7316613681646514,0.14721923714979068,-0.2395503567587049,0.9193158086898124
0.7619230168555701,0.6524935147911358,1.8739964149070651,0.07637048075298103,-0.6863045708850484,-1.8220396027442758,-0.3763864670651733,0.7957828447734637,0.6081882807218262
2.241981741428713,2.4773274145363477,-1.0892251796643537,-0.3085103979918118,2.0582990395178142,0.7695597800287325,-1.513180597578893,0.10357790919179806,1.3471933322521337
0.2942258027432686,0.8377723550569223,-0.4382137348295592,-1.239254036171473,-0.00792946719738019,0.3778251836054502,-0.06884998021704852,2.1297903011127524,-2.4280221295164406
-0.4272023393733601,-0.6164722509880488,0.9930894059900851,-1.7619368002931823,-0.27764246207855703,1.239820523782137,0.7313846643634513,1.1669743567121342,-1.0791281362181255
-0.02498849356148565,-0.23247371959676197,-0.14541253237003784,1.8977568333668735,-0.6528246706555968,-0.08336160290838193,0.17150667858890487,-0.2460020530527064,1.5373037202447415
-0.09875247279557126,2.0090181850196576,0.31974559893620214,-1.049981680869462,-0.034896130632121325,2.280325452355356,0.3819648351426417,-0.9600787034021899,0.06863912003406465
-1.4241582941885866,1.7184881853620253,0.9526634307343514,-0.26757823332551744,-2.074137445479777,-1.9405566208119562,0.196447519054127,0.28916164875535333,0.765654920470563
1.9381090982700124,0.4175190729749852,-1.2929327791828151,-0.6609838712024021,0.7972668581650987,0.29125400119361344,-0.10341503095823554,-1.2480464729287253,2.0849397143173327
-0.6552804400625437,-1.1555191666258606,-0.2618143889946283,1.8931551755617657,-0.743026899945687,0.9911780525286565,0.7790634728758075,-1.5794494972722464,-0.20207190146054435
1.791900187398416,0.17310975028018635,-1.458262418182596,-0.6615354223958213,-0.44056909369112207,-2.091162201686631,0.4260090679645169,0.024245291022433252,-1.540785491523489
0.3980211002294005,0.8410351760042528,2.1868115911941657,-0.06718835123037799,-0.7272628767584709,-0.7019509748885816,0.039823116602106655,0.4825313154738766,-1.052692011496495
1.2910178520980944,1.0500564397117478,-1.6478205510196307,2.167649892091085,-1.7595493578843666,-0.7042831086920679,0.4770868882388703,0.7038891298064208,0.7968807658877787
1.2421895923917956,-0.15339325445801633,-0.031202370797072474,-1.5319919861655504,1.7285257097152578,0.11741257503174214,-0.732452228707141,-0.6683747758429505,-0.16744251138270663
-0.02498849356148565,-0.8527829832592507,-0.4211995346058865,-1.287289013452711,0.30826238396614275,-0.9452582570982623,1.571553598600732,1.32133161445878,2.696183899386438
-1.8730625985157603,-2.3896533325291904,0.9257080887299876,-0.4921207980605502,-0.00792946719738019,0.0950739337807305,-1.7716425104952624,2.2013303334507444,1.2065440461762327
0.5454459073036423,-0.398525509167411,-1.418859634115179,0.3035208243221315,2.0582990395178142,1.4244184145763155,-0.5863796422157393,1.562379021444421,0.9739560017455292
0.28826257632008595,-0.4059198104560354,-0.847696031723219,0.21846993701381492,0.07523863324051885,0.7090114488279556,-1.631910763328438,1.0554168293453092,0.6947675259605296
0.7247358635773306,0.36370471924461506,-0.759971146155467,-0.9734323874678918,0.9183461281677041,-0.03455697676914623,0.34753097994850407,0.5921585799556068,-0.46447476642412994
-0.5363662655508962,-0.48405787866544675,1.6528175129378855,1.8153702482055958,-1.8504723372877732,-1.4877501905362374,1.220255613913,1.7703831457672818,-1.6895803605267208
0.18079133910293385,-0.09247422258123852,-0.3127015871123271,0.33977397502745316,-0.8537814998734117,0.004885088229433476,-0.4330843244304003,2.593673959879202,0.11370412823247802
-0.07400615728114941,0.714281631100732,-0.211442356578025,-0.05215674423645325,-0.8550018394366778,0.06526746078834027,0.9824783276480974,-0.641981315794733,0.8111211082824473
0.0013500402822749936,0.4591657940875994,-1.2461509545919598,1.1123035108441033,-1.0700649918143714,-0.9124088496077046,0.8183383693722015,0.08133086303079524,-0.0025709737447749486
0.33457368715067776,0.060378342189682695,-0.22028631542793098,0.027237108475626833,-0.00792946719738019,2.2210747392072268,-0.14605248282311428,1.2005428173758634,-1.0978175776052355
-2.0995960390996076,-0.4599257380317969,0.43845775646128754,0.8991522865773736,-1.1565751301288425,-0.33753610109767596,-1.5145088165566225,-1.2780467019440673,0.26886829876372614
-0.1150668974504031,-1.31348702781584,-0.10842054333751376,0.5098165114460534,1.3680903702260745,0.3023690876235355,0.12258584183460958,0.3244112826266188,-0.44431957177124853
0.060810950641893693,-1.3522393047733734,-1.2168111940538222,0.8413607343756758,-0.1255370798476952,-1.8545107240292107,-0.9203478050160462,0.9993950422683372,-0.21637874067573687
-1.66696313588961,-0.4094219162035341,-0.05443869935186726,-1.5446215401719985,-0.00792946719738019,-0.27912184867571743,1.3658337792940463,0.038177474074957966,0.7530261773296154
0.1796704232731249,2.4508475321153678,-0.8631224575293458,0.6236127412948957,1.6425974317669094,-0.13267038247859142,0.7769076195284362,0.1696307723805207,-0.34140044450987767
-1.256656211763714,2.4773274145363477,1.5444117482947297,2.5522744139357783,-2.074137445479777,-0.42380987171346834,-1.1557405737666302,-0.7296878665593965,0.6035186994620857
0.3209319484952691,-0.30410161193612406,1.1562560476828605,0.3254554659485556,-0.5560378707462909,0.5946745398232759,-0.6787223684834882,-1.4960249218254562,0.4463062963633549
-0.25725710358817583,-0.6114735122262762,0.7083380770913212,-0.12411293834466615,-0.00792946719738019,0.3741896904370214,0.5527650861721995,-1.704054644641765,-0.1985976602768257
1.781498258589996,0.2396649232324959,-0.5546793455683643,-0.6304593764691623,-0.7245753171817563,-0.38266066928192555,0.8695011754036905,-1.4315649505524053,0.04436051953082144
-0.5297597104866857,-0.13618443259908974,1.3089623105697017,-0.05475690632421985,-0.00792946719738019,0.7982673553053578,-1.4469766670048936,-0.555140804392405,-0.8975646698556268
0.15639197921603504,-0.6639370060191623,0.07047957615832576,0.48292884310281525,-1.282528658238679,-0.6633411332186625,0.9777022897701151,-0.6183735064385809,1.4245306956443673
0.9219893366361261,1.2556948339602796,-0.36624574413101707,-1.8374004176904912,-0.00792946719738019,-0.5204010510078828,0.2701564009481471,-0.7022217823812371,-0.7134387048639448
1.3572272385309971,2.4773274145363477,-0.9119734871433403,0.6380439516645872,-0.4796728537264101,-1.1418207057427738,0.7470305810048017,-1.1664364959171096,0.5358618426554149
-1.863186742587456,0.08219386746303245,1.7203346959036974,1.6810842135504562,0.15157244830364114,-0.44709711224740445,-1.8913093777188192,0.6066485940166577,-1.5440385703185677
1.4047555177374353,1.2025653662438895,-0.12812619090197164,0.5430685517685668,1.0174116481772213,0.22481875673517054,-0.6417692201409525,-0.7738316589244996,-0.34273914063476485
-1.3265026323515263,-0.14910630742790296,0.3271016460777551,-0.07658288208510217,0.12661709666549723,-1.0400009923098918,0.5177583795191479,0.7135416296050975,-0.9971582993192061
0.540985349431395,0.6276557940051297,-0.0856712543695157,-0.5896421032305702,-0.00792946719738019,1.229397423688487,-0.1083618045085033,1.0921399490723551,1.5093427528373684
-0.6103705692347322,0.2887360645303111,1.2620726042418153,-0.7641077953815065,-1.1196717916389927,-0.14317115242374853,-0.6542476060521738,0.8388213719356686,-2.428565847326784
-0.37706938497505865,0.5702169627926952,-0.0936662147732175,-0.4174421849899987,0.11712784965637377,1.336043417680641,1.2408759240097547,1.5959952735896845,0.7330720974333003
-0.02498849356148565,1.3684758991820811,1.8638830907726298,-1.1146644989970869,-0.00792946719738019,-0.8362403752978664,-0.22596885436648398,0.4185233418456758,-0.9665400361317952
-1.3276357250161004,-0.5982118476133765,0.738256374791604,-0.5402174397663865,0.09526856810769402,-1.2278735551147508,1.3024702591576585,-0.2758116459325986,-2.19831990690529
-1.475071154125795,-1.8613111284170973,-0.812021610891378,0.29091544495769905,2.0582990395178142,0.36053016579708563,-0.0004177805443236024,0.3674199418319891,0.6684249955581838
-1.0134466814366574,1.1372661243783695,-0.6440643269174345,-0.5605118808937115,-1.253664827429502,-0.507607029527681,1.4299933744733642,0.6919462827729701,1.3649282845099533
0.3861832663281199,0.14535501791703515,-0.3276688755846396,0.36936915715514473,0.5790711159362638,0.3144044712693237,-2.7316554622756426,0.5420655100986114,-0.5404968858558662
-1.068962579848119,-0.2540070226380941,0.7788923979406575,0.2631880424386305,-0.21292043660756124,-1.8295898482783133,-1.8059747494548697,-0.7405170393833986,-1.8103337019344967
-0.02498849356148565,-0.8886718220701343,-0.4030854403730836,0.9168398335540466,0.380947299168993,-0.08841642849934873,1.3014804100047594,-0.4300433928550816,-1.2897689437301623
2.308286324677278,0.13979624956283027,-0.4706298052130886,-0.8287297073385133,0.18201921628564086,-1.128771718698867,0.022538675271707644,-0.27056707758997317,1.2423284887533972
-0.0017592066910890934,-0.5871064143271675,-1.0338899442408145,0.11378605782306071,1.0900972132961309,-0.40724742008297576,0.6517142407992857,-0.8103759927021772,0.6801246576060845
-0.9728729289255409,0.021228774001358055,-1.0904826947460315,1.0067349380954926,-1.4843846133940068,-1.0182186720576634,0.9351633831043354,-0.5137064441800412,0.15567834687651774
-0.5402441202796688,-2.2410571450148717,1.0534810975832245,-0.9132635591039086,-0.00792946719738019,-0.37042483283836813,1.2901554468789929,0.4400108243693162,0.5217326685289565
-0.15329547391774495,-0.030516834066774842,-0.7113058515800963,-0.5743807169643528,-0.45056039219257604,-0.27584840119732523,1.4489578852380631,0.5887311516310174,-0.2947602086370833
-1.4421781384248324,0.47788291865860244,0.0863329760013386,-1.159883001807651,-0.5198242048323295,0.7191176499595885,0.07702005052764438,0.7068531243750327,0.5194316868772427
-0.1364359198139447,0.03415583658443673,-0.28776705971763217,0.7556849411779067,0.6977102248124045,-0.5859654849335733,1.2337789104355565,-0.04090702259773372,0.2845697529524319
-0.016824643045719644,0.43654226953015285,-0.9545916499972363,0.7986926111649457,0.29418044098347146,0.7957523317016745,0.1783699880728216,0.18625902163345867,-0.8723359590011093
0.0907487120193594,0.5027321032176801,0.41869041967319115,0.6472004921989214,0.6266105340996236,0.1143937060358491,-1.6421075784544992,0.6022466438550963,-1.2940075928389687
-0.07197762565651813,0.16560319064684206,-1.2405293190691313,-1.8231380164273943,-0.00792946719738019,0.5326410971446559,-1.1601363208339381,1.5166695922912241,1.3166269650168596
0.7099445493309322,0.16853886825600192,-1.1810057604543172,0.04179383502208402,-1.0553082904805808,-0.07061536525512921,-2.1862544942034385,1.5864970136154906,-0.9553638012136103
0.8875438307207648,0.0039416372371714635,-0.34128998045815584,0.14302494881091632,0.3082369359015631,-0.4675117538963262,-0.02933529675589032,0.44553011996471753,1.9107966026121097
0.15515293506150118,-1.262242049996345,-0.671003410867731,0.333663146866013,1.5341129007659744,2.079766865698571,-0.5973731003767475,-0.4313217635355307,-1.0437473126906156
0.9511180629497722,-0.5292751087781948,-0.0017251619725325098,-1.233827388606874,0.19782039516971536,-0.3701269721082715,-0.1696892873622034,2.593673959879202,-1.5174012789881253
-2.284312029131128,1.1577104610192241,1.173040564099186,-0.09022976732227096,0.48205418500675895,-1.967951653115938,-1.4185092039738858,-0.1675782345745795,-0.07414105402921571
0.9053855832824687,0.5094668534464112,2.1933530993897596,0.3650350537295818,-1.0278701343111472,-0.7627217661813228,-0.39370012796314113,0.2701296390852626,1.0541821917552774
0.8604287660006948,-0.0277599480636258,0.7299713130390859,-1.128936225339188,-1.6697460896520784,2.0408121389868517,1.1831912299599128,0.2901113149563309,0.9862502524374301
-0.02498849356148565,-1.6994835788954405,2.617676220126285,-0.709770236606003,-2.074137445479777,-0.7143878811618622,1.9642482983534515,0.24955876064093346,0.8330687024972446
-1.6802774020254212,-0.6190002961827881,0.23581318420835945,-2.005906642204278,1.1053705920698123,-1.732232097196412,-0.32192981362212736,0.7502267567925494,1.9488610297172029
-0.6027028858209756,-0.4106870013782788,1.9658644474350395,0.7145519913831859,-0.00792946719738019,1.324214099968045,0.4946539460898229,-1.2776890939368826,0.8264098781604818
2.308286324677278,-2.449772063533302,0.03358751666638058,0.6594036680799716,-0.8210201744623752,-0.16557480334312033,-0.4187695505412681,-0.03835901294772789,1.4180841008637113
0.26444995396841103,0.2523556938327325,-0.39791284383443826,0.1922666063511359,-0.4852248623931321,-1.0954263045821286,0.6172530918855219,1.8360222562104729,-1.8115429139603767
1.8556979475963906,-0.4231894047598511,0.9597732643439794,-0.9498475338205269,2.0582990395178142,1.8478303198379094,1.0666728757203665,-1.3255231474595721,0.019821300000818727
-0.02498849356148565,-1.960366123147976,-0.43695902122294344,-0.7860848041363138,-0.00792946719738019,-0.13763714377049227,-0.8469500004106365,1.7302306728424866,-0.8363663474548194
-0.9659339195248573,-0.14633567695410526,1.608780454298946,0.5984578873362972,1.456994392206092,-1.4840309824428568,-0.5182275465955515,-0.39809321848692564,-0.06197843776029914
-1.2948361722148274,0.30955460578360805,2.3412967451073463,1.1016098976622162,-0.00792946719738019,-0.1949363525303641,-0.7161385374772575,-1.2843902606495872,1.4326203334585375
0.8569036401025022,0.5669103133823248,0.861565149688048,0.7581143133370993,-0.00792946719738019,1.1089814521070176,0.634862819201374,1.5419700106784628,-0.5293492017984962
-0.9768877343220354,-1.5842561528853905,-0.10216770523509984,0.5265361201544485,1.6631521652181405,0.18726819706771505,0.7523201360493885,0.2691972802921747,-0.008922245891561757
2.1404005345618797,0.42895333102180755,-1.5056815520908777,0.0405875135140093,0.9693574038733878,-1.274830015287113,-1.2458619737710748,1.7086854332636718,-0.14695639222668028
-0.5042046906433677,0.34428441073113647,-1.4150784634192781,1.6903111173898846,-0.4067739655380378,0.5075419781713216,1.5165805739700267,-0.523198507729598,0.10178763663736966
-0.8231743770609664,-0.9006902700917107,0.4542608614894207,-0.5391984871179348,0.5468853039438363,0.5736531773948754,0.47075063556238556,-0.8441337835207994,0.19017625771826643
-0.027786362230945036,0.2121206826858019,-1.1239907630303374,-0.18603022732267974,1.5220472159095564,0.11930859714519436,0.08048653912942234,0.1239368555313168,-0.13520827549123082
-0.1956722691280652,0.02735926226727669,0.05689083386488226,-1.2647337782331758,2.0582990395178142,-0.046345429685500095,0.5158917304223501,-1.193842912313098,0.7133001597358811
-0.02498849356148565,-0.44173923052589403,0.974047789796378,-0.6322940051485918,0.5490202205794452,0.6753578943028233,0.7197449732508033,-0.49659646988836115,0.7443931412311147
-0.02498849356148565,-0.7824548073572267,1.9927382940066691,-1.5580115045101859,0.67711049789434,-0.5586207852061676,1.8427123328078767,2.018681650496122,-1.4835686285210963
-0.7471919660983826,0.9157539434460537,-1.148045832450026,-0.6483237501030769,1.0462845183499576,0.9661117523045143,0.4341240838425696,0.4593949019969788,-1.0575508538242695
1.2382991545598827,0.5930770412598796,-0.9363671424188554,0.26554916487483865,-0.3372689173466215,-0.7176998931554411,1.4433518170754716,-0.7510762569714374,-0.23721794870806812
-2.0202117847407477,-0.9263918113808465,0.2747989785435475,0.16464839921850505,-1.1576162520533164,-0.9625295412336632,-0.23720002146945807,-0.7692783828335674,-0.2537795497695883
-0.02498849356148565,-0.027715143985444727,-2.0768684284836336,1.7717745375225689,2.0582990395178142,0.11609219392702701,0.49409740261130064,0.024245291022433252,-0.4489465590262353
-0.02498849356148565,0.7686374673416728,-1.215720680571775,-0.7080017450328147,0.8291219140597978,-0.2474508480963778,-0.03000112825162663,-0.45127195130912173,0.8129518742543205
0.6620532415358217,-1.1334561879110912,0.8635080443077876,-2.5652232910553825,-0.296991830335536,-0.6901341194686692,1.3737677329581288,-0.7818870128769769,0.14069923314494903
-0.02498849356148565,-0.405808863015806,-0.23660083277338223,0.010681137873899316,0.13522806312653046,-1.6490368951199532,-1.284284535571433,-0.0016343894714345541,0.2883578655790051
-1.6924048455338887,1.7485799628240566,0.09234800614277844,-0.7792866253024243,1.4501250982992562,-0.18681853163854514,0.7222180994517012,0.026232152470895713,-0.055130706627345566
-0.012448701436184591,-0.07449888764885493,-0.6156175891588859,0.364104486948097,0.5424613116131152,0.9888812529444803,1.6855915525185234,1.0341302993423347,0.006992458318094953
-0.02498849356148565,-0.6027699243178954,1.9660148111690166,-1.065404488884364,2.0582990395178142,0.7282958663507092,-0.6011989836536586,-0.30868914318790913,-0.903074284641113
1.0619322852675905,-0.6516493941546457,-1.1838407819821295,0.22389009793844594,-0.7988703479867028,0.6035757021853194,2.34738114893305,-0.9057832643882453,1.4513087823580946
-0.02498849356148565,-0.6151080832194208,0.31985353955949725,-0.4760754828761873,-0.6719145847762931,-0.6166223474478826,-1.2899915657376437,-1.0517302474930503,0.8800117110102837
-0.28936446023104895,1.030485360022811,-1.4396795663233384,2.5522744139357783,-0.22963103302726004,0.16259077147592912,2.1348898383714587,-1.7027183404633435,-0.371109368920526
0.5522717176115632,0.3823026790006098,0.03149030024158068,-0.8256288054721489,2.0582990395178142,0.9620590230231162,0.5835773608267057,-0.38500318599567196,-0.16145347046745032
0.3145048834066309,0.4358588518908886,0.8373642933102586,-0.7791236469172924,0.20917903410045213,0.23717734859998127,0.824935919578502,1.2039042325312168,1.980877930278695
-0.8102646908358592,-0.5157039654135726,0.5251602895320064,-0.21331022536752092,-0.00792946719738019,0.07278296372289275,0.11921738972447196,0.5914080756842754,-2.2399152366294084
0.24456731126467415,1.9930576901938857,0.544679978228102,0.6051026968881997,0.8908682867213391,-0.6239569654442744,1.1124218402938768,2.281476954455414,-1.1397673271695061
-0.02498849356148565,0.2580779258058656,-1.0634506841914015,-1.326275234547071,-0.27629427894679326,-0.2957581422762285,0.7401052335439614,-0.09592618539518512,0.12758647182928828
0.6510488387193353,-0.36311235484781124,0.5580297022872933,0.34597995691662226,-0.1949460522736537,-0.4634552417030365,-0.9926333239345932,-0.8968035278153982,0.06161226598887299
0.6161163827464005,-0.18781069188679442,-0.6471416436928011,-1.0799808009326217,1.954840297531878,-1.6574268809522714,1.0539879291746697,1.044749282313991,-0.09518084359330467
0.4513537640420468,0.7874010306936147,0.3990553415016028,1.7860789300207336,-0.00792946719738019,-0.6701442033026012,-0.6770825968318456,-0.9369258189155506,1.0613408707050855
0.11400995958842415,-0.5082098147821489,-0.9816165824668298,-0.7338743589805418,-0.49227339986070556,-0.05285601563779961,-0.5795052645298175,-0.18681521009808305,-0.2761236540924015
1.9792760552005066,-1.107353696627393,0.9530364281388172,-1.2342946506102412,-2.074137445479777,-0.16345732111328315,-0.5414967591397456,0.6427961612522405,-0.2987435267824452
0.1709710018318006,1.2307347713680257,1.6255423777669173,-1.2459262237572715,1.4062221493748963,-0.5092862850902703,0.866821202156026,1.512602603717963,0.2692353074031286
-0.02498849356148565,-1.0832895954645805,0.8427752072575261,-0.06841086002855666,0.5484546629609853,-0.6327649986960653,1.7038637765997875,1.3227032838160033,-0.5980376065042444
2.308286324677278,1.8715339440265872,2.4950901863613155,-1.9839470276726683,-0.00792946719738019,0.09170393291975579,-0.561881290645019,-0.6875982200763153,1.1895536221014729
-0.02498849356148565,-0.29910201022905025,0.4604090495378537,0.872743598863444,-0.40476224173494735,1.3556004855691928,1.7432311116884485,-0.7758278240724603,1.530287161904929
-0.6529809601907519,-0.6385429304758288,0.5027121564975027,1.6937106737046315,0.46712612973455836,0.34572799923879155,-0.30634056014352556,-0.34190904311360276,1.4480558248818063
0.9172064528504257,0.5463047054778694,1.5598601511124743,0.7895998738437839,0.43165034985243306,1.7947501342382743,0.9946246069286444,-0.22926327746284136,0.5623452123693988
0.27965031960321807,-0.5410026113737935,-0.49605549865786447,1.7613727879848016,-0.1558424375979834,-0.779008441536754,-0.39041909324963076,-1.1213825343041393,-1.3075752911054566
-0.02498849356148565,0.34330319003379595,0.3565956106041159,-0.5175525585491564,0.3933655743884771,-0.07476055551009583,2.5019787974714744,1.6881619264044927,-1.5782761844902928
-0.7890335882532602,0.19785381117865478,-0.2420033101314624,0.47340842934451227,-0.7094491189530495,-0.1774775498814979,1.354686683483637,0.4441878598275058,1.3611714644048902
-0.34761013700129134,0.7560955395278594,0.6535256194887905,-0.6021897438279827,-0.00792946719738019,0.6084378105375231,-0.8575386517628764,-0.8320435530081901,1.0291849296386424
0.63235967063301,0.25980728081121973,-1.0798795268858408,0.37390986741595755,-0.07159845554300531,0.295244709346178,0.43960368609779876,-0.7089514102635024,0.7419505806755784
0.17605123336601117,0.016490603590716506,0.0018011690559551945,-1.1196791821207497,-0.9007057005732259,0.3193578243445572,0.12945983413419773,0.3496918536087259,0.23865717091455502
-0.023753436689916443,-0.34770369755790664,1.0388968631424362,0.9414626274133944,-0.18777992860452977,-1.2544732713841573,-1.3172297780005908,-0.8834253712317192,1.8003503711311133
1.482556312069995,0.41276336433473776,-0.5986265266854167,-2.5652232910553825,-0.00792946719738019,-1.655776396692963,-1.9095874980514933,0.25100231241295745,0.2927611152893229
-0.990713062452389,-0.9555541006308214,0.04163237764051137,-0.29079858980683737,-0.7756922322028329,1.3046480635293387,-0.8569859217268074,0.024245291022433252,0.9334602155790553
-1.4301305570396885,-0.7157351511341051,1.3251285728399622,-0.7080949888602954,0.575390849298029,1.0209109533213032,1.0963999592056999,-0.25047739883927,0.0019300966829595826
-0.02498849356148565,-0.44360030974236103,-0.5218864957388448,0.8270890268708181,-0.00792946719738019,-1.5111538980718804,-0.7541296357104889,-0.3004678379011411,0.2643835156242772
0.3396869433029272,0.9053002552326977,-1.6141152462196677,-0.5331784219046772,-0.7721776349931635,-0.5880806227175928,0.8387838378168141,-0.1336426403454895,-0.4082410745028278
-0.02498849356148565,1.6041404524063971,-0.28875290627456474,1.050176599325854,-0.00792946719738019,0.15938217942422864,0.7345989780434026,-0.08928741341217976,-0.23590084461840102
-0.024971187851511638,0.2809800701488448,-0.017751433020663156,0.0904697938952913,-0.9163918561118677,0.20383034131702113,0.49338573975915984,-0.048301025998860436,-1.3167557932163123
-0.02498849356148565,-0.16517788917830314,0.13170226909125515,-0.001999481552468886,-1.3658920673167618,-0.7663711913357512,-0.484008924251027,0.17853859036830025,0.07524141708841227
1.9028877787947618,-0.196099197895146,-0.3812426995381689,-0.040004066365370364,-0.00792946719738019,0.4381990690273412,-1.5875485786517856,-0.13607966481875874,-1.1302580333558447
-2.3135109346399516,-0.7122369405027733,0.06310499432010308,2.5522744139357783,-1.4166125526701394,2.179314427124054,-1.8100913502982081,-1.0819553183131219,1.9405074153329815
0.37667481508474654,0.8973968131732729,1.1272118458426026,-0.8034819307815508,-0.00792946719738019,0.9761143286177749,1.3146130363119488,0.7809969370953215,-0.0007768104990604614
-1.0511028301962273,-1.3610779627332739,-0.2555042609572207,1.420481746691507,-0.3182199357765349,2.1334459320919796,0.04147761902180133,-1.0969066660731213,0.884109673749027
-0.02498849356148565,-0.8573797454339442,1.638206030682666,0.7679190839748549,-0.1372288188329871,2.066548501327239,1.0652507990438935,2.3907799737435567,0.04619298517722744
-0.3277213707125054,1.100194288501899,0.5087220204280155,1.5694483184780401,2.0582990395178142,0.21525998683262515,0.4400901313452953,-0.32200153168267054,-0.6632705256584827
1.348899593528112,2.4773274145363477,-0.008590055344059397,0.6235071113621834,0.02349148532708726,-0.5060155019232985,-1.6812643563136445,0.024245291022433252,2.406302031521314
-0.7571935283305509,0.2835602846365246,0.14283943858945738,1.2211568207138679,-1.6020947407713146,-0.6877291915610013,0.8084275578983349,0.4345442459794595,-1.64699923778532
-0.02498849356148565,-0.9607530342014712,-0.24583149061986623,0.09181050464905795,0.5976297827064264,-0.0759960292570955,1.0902518499268767,-1.3193194524439902,-0.68784982305467
-0.24934274373454918,-0.03868490513510918,-0.24032797736109335,0.3915856169330583,0.6695557145748667,-0.18053412069983807,0.9503343027855468,0.10759987438154221,-1.9611812068586465
0.7824862898341531,-1.3362150622966764,2.617676220126285,0.4550701952837877,-0.8687350536591343,-0.03411664315944685,0.023344149298729678,-0.0810034132722216,0.520344855465919
2.308286324677278,0.9644898045569629,0.40005619026438155,1.247777905234059,2.0582990395178142,1.7292310408236378,1.1371264395423597,0.3669492424330846,0.5303881890413921
0.025219894743597034,0.8163920771780062,0.9293833168957853,-0.30280220061564966,-0.00792946719738019,1.3283420435862805,0.5919818725208543,-1.3129170401574346,0.16082943218675425
-1.1854038840113958,-0.32946676636389144,-0.4661667502557602,-0.47176829794873065,2.0582990395178142,-1.1818826542334007,-2.017252026774913,0.06552777101817317,1.6343945097231662
0.5489468319955778,0.7721960486839397,-0.9627464472101049,-0.489315098297094,-1.4623979583905014,0.4322848730641496,-0.4761859603851339,0.029426123525508257,0.8562618068925589
0.08916940485004318,0.1234204793660101,-0.9906548365117424,0.5441261119321499,0.801713709936437,2.4029720877852037,-0.9482520879959808,0.3383992528406235,-0.19867114971989186
1.0915365091725884,-1.1336538935341933,0.19098835145698756,-1.8301799238182974,0.8643619256109024,0.8079008462366685,-1.6121687544075378,0.07478168675521467,-1.4933624672728425
-0.02498849356148565,2.016904505924331,-1.1877157316056388,-1.2045096237281008,0.08717589710774314,-0.026551004496741738,-0.5953809007768205,0.2518268416252788,-1.478952595400307
-0.6980631884533787,-0.6748560085694961,-0.6642334777098347,0.5961233039098403,-0.00792946719738019,0.12068208551478184,-1.1081537846203449,-0.27531261006537283,1.5281632945019905
-0.2500251672600735,-0.3292750463439276,1.453160017412853,-0.3729374105795426,0.8714765670784222,-1.5345011819918744,-1.2417191122833233,-1.045894609658911,0.9366435749563207
-0.02498849356148565,-0.7743130959996322,1.9652859875399973,0.7905299478066573,1.6871171091258248,-0.36077195417904556,0.9128128692262786,0.4753925246511747,-1.7023956224025159
0.664639641252506,1.548834501526948,1.175973276184621,1.60659751261191,2.0582990395178142,0.5963174945016442,-0.7778110959778322,-2.574424434100959,-0.5275231772035438
0.16801543264700766,0.18481426805330825,-0.016922931700919516,0.3170834258523042,0.20861605777388062,-0.588949187907795,-2.03602757521672,-0.14950046453219998,0.3585774182691654
0.5608380473993011,-0.7870320769121785,0.45043254159130663,0.9343411701746901,-0.8363691938751064,0.2811615740815,0.667616558551672,-0.3987577412840697,-0.5523327017537788
1.003301226790908,1.0049222511509368,0.8041794389304892,-0.6138929384485307,-0.00792946719738019,-0.8095066685627662,0.095068161905833,-0.3708343281861369,0.569352432488732
-0.02498849356148565,-0.20866093591124177,-0.6151551980872767,-0.06672289311122004,-0.00792946719738019,-0.19705598547479647,0.09236388059250024,-0.40148429249585016,-1.1212339672071532
-0.05408771520398313,0.7251298885003352,-0.6460449048750168,-0.4431962497811856,0.18377316557237033,0.8379176848663866,0.48124809640415056,0.2776235737958122,-1.135475588311913
0.34715209977510497,1.9431724320521333,0.5758703598955746,-0.08556948614768066,-2.074137445479777,-0.9289149362153155,0.12490325871599266,-0.46518929576806933,1.8964289648058452
0.5423955202638036,-0.08995021370983705,-0.5463679446674566,0.5950575225288105,-0.00792946719738019,-0.42345722922354745,1.747308381576933,0.024245291022433252,-1.5020022271409323
-2.3135109346399516,0.34350282348932754,2.617676220126285,-0.9431463006749103,-1.0047720574184333,-0.9373973068244369,0.5377502113832856,1.3188553661651339,-0.30825017578502373
0.606051056191189,0.03681662959320085,-1.465800529252885,1.5901611164857985,2.0582990395178142,-1.951062647052917,-0.9099379479549079,-0.8519219358702436,1.2011170044689958
2.308286324677278,0.9986584457274792,-1.0344753678878549,0.2450518766001806,-0.4476973806807995,-0.6270993461345861,-1.9189892309061485,-1.1552843318379962,0.2826419554092329
-1.1266401999338407,-0.9995528335919897,-1.1707131951048044,-0.21480740273691187,-0.9978648652838088,1.398410893321853,0.04553775936496309,0.2347200137752321,0.9011065353710986
-0.7161676542100394,-1.8222652621703888,-0.8338767061249366,0.6157338737469832,-0.00792946719738019,-0.4629706310141201,0.8578073211667602,2.214875703805068,1.39096991079086
-0.02498849356148565,0.431401847634153,0.5636566751317308,-1.813582016774014,-0.1338077347203139,-1.02536081432837,0.2664916480163564,0.024245291022433252,1.219803334070804
0.0314097682221539,1.664497913442647,-2.0440322543185263,0.6916962794021518,-1.2899392441716646,-1.9806114425461272,1.29008098539417,0.13957033090504195,0.5906645452064239
-1.3285469265033016,-0.3561652487988573,-0.668624529812424,-0.3329455713745208,-0.00792946719738019,-0.39601697818056797,-1.9857234250817082,1.4755352754757705,-0.3418822365773402
0.0575417509589205,-0.5382429199541345,-0.25239035106579233,0.6275677290265028,0.14829222399283334,-0.774124123833745,0.9692968440251716,1.4306917927176346,-0.24383864156976362
0.3787700647730761,-0.3563046118697696,0.12015434005810414,-0.7986772725353994,-1.14803091609867,1.153665009291723,-0.6820192612782051,0.9081258733588432,0.26342181036642676
-0.154939345094757,-0.5822590561135915,-0.6408549714231428,-0.634868925863319,-0.7827411933011941,1.4669395684857103,-0.5003883454231276,-0.3521355886602753,0.9683391454922776
-0.02498849356148565,0.16930605049910297,0.867074342403367,-2.0597649794553403,-0.2647561796489431,0.031247743506821288,-1.6763171667643466,0.6524156981748591,0.20046141834143943
-0.02498849356148565,1.0920328487806277,-0.7436722565437605,-0.07530529085627662,-1.140238656088966,-0.24903251013225045,-0.7446993122998027,-1.0805827354533275,0.6514818596004099
1.3057962801803262,-0.4621484046103253,-0.5306659387152867,-0.0022887262126474843,0.7424143505465197,1.2922605517101053,0.36571471653515003,-0.3711996560140929,2.3246735590032013
0.40424874428893426,0.1969139322889047,2.611580269510729,-0.8475470286194814,0.15223413466544822,0.41318854488363255,-0.276389954337616,0.47246606415133485,-0.246290658413422
0.2330562378312891,0.22023305785985106,-2.398398211144605,2.5522744139357783,2.0582990395178142,-0.8140630123152948,0.7110570558670943,-0.7265795685407029,-0.8042803077770645
0.6580413540712676,-1.2515869090573757,0.5768719225876968,-1.5541135028339776,-0.00792946719738019,0.37252969205619857,-1.8181607135399775,-0.8974093767919842,-1.0164521494557905
2.308286324677278,0.655672707734568,-1.2440732201348934,0.854515660784519,1.3646825903651185,-0.9859587500942782,-1.3850322995078714,0.487429430868904,-0.551935447077676
0.465134356615476,-0.1342740844881085,-0.45395871183390873,1.2974982557268437,0.9895326755028793,2.769526658761598,0.04012230636418992,1.5712900262241731,0.5453788419323413
1.598637267622983,0.06851148685401781,0.30711818009966413,-0.6583844309602657,-0.16807084401721903,-0.3678635859595668,0.6874367352991797,-2.3333184495717747,0.4702079161856847
0.3505155949548378,-0.13123677193276087,0.2542230122162127,0.06815974074357882,0.09072105074414011,-0.712538638105494,1.2177664708081644,0.27683315038821027,-0.33225965339317554
-0.7025275351341311,0.6358920968826275,-1.1000726012343442,1.3892015376365898,-0.49163769178504796,-0.21027200356981152,-1.0785119300382402,-2.2955001786981133,-1.3142137663393145
-0.5504388840682584,-0.7537974577309391,2.1638731143725414,-1.858517064732507,-0.9843582855048446,0.7471248446781191,1.3873636722029277,-0.0984063338409825,-0.32418619184431996
2.101516840785331,2.4773274145363477,-0.3823283015257484,1.3014557680650616,0.8943290785724312,0.3940160444785044,2.260451716490734,1.7798672696492621,1.622677883822651
1.1857497737559386,-0.9384438061614276,0.6632182011982967,-1.1465177833027294,1.2483039216491543,-0.4095666818494985,-0.15375671735637153,0.564824050277133,0.2848002002813338
1.4407284635008744,-0.842747792476175,-2.053557167177927,-0.8702888081503046,1.7110531970890928,0.5745053638922217,0.5943563123782194,-0.2338609754181998,-1.4816335345586502
-2.0514853738109986,0.15721338776648242,-1.0346814944367986,-0.13024847455620234,1.3309863422963213,-0.29523719361923445,2.649280530279557,0.6586268771347535,0.6713681346953096
-0.11364490893162676,0.32863193053670375,-0.47462212298314993,-0.0560607592459306,-0.00792946719738019,2.2076423049065075,-0.7633639641475687,-0.5289796812043767,0.6639468866011357
2.172597022152329,-0.6434153348932156,-1.950316432104337,1.631360339661762,-0.00792946719738019,0.6505792796023316,0.6869914397507191,-0.24149134240769557,-0.1828375932524242
0.872113199756355,0.630120402304023,0.17634455531632418,-0.8382498586596047,0.005760425033018699,0.30995989874784674,-1.723197358630077,-1.7217087991264182,-0.7105805862747565
-0.02498849356148565,-0.15251845173674694,0.04928111017491282,0.6753089196169063,-0.00792946719738019,-0.957059497348744,0.9269288242168998,0.6779972887869555,1.680471137285319
-0.02498849356148565,-1.3750538635595289,-1.2347199913271136,1.024026904844412,2.0582990395178142,-0.5127835640642289,-0.793791957270322,-0.5014088052090636,1.919120082139972
1.2616626719658144,0.9226606566631467,0.18821470428344028,-2.5652232910553825,2.0582990395178142,0.261427486329742,0.029150880787628106,-1.5271586781105415,-0.24611951876404053
-0.9928722664637446,-0.464679214452322,-0.5162545770108375,0.06631361786797955,0.5597103196877211,-1.0125376003815931,0.5510084996409683,0.024245291022433252,0.8178872358839644
1.197599566109032,-0.840578944814303,0.20905950257394423,0.6601636632020531,-0.00792946719738019,0.6631268350423453,0.0847771222339214,-0.15445086195335328,-1.341780847290377
0.5696337884357833,1.1756739508260796,-1.7834535735661157,-0.18681270667141842,-0.00792946719738019,1.4959904999310711,0.7072817676145321,0.07529202811027656,-0.09644603617573616
-0.02498849356148565,-2.449772063533302,1.844247405617832,-0.9804094190125295,-0.00792946719738019,-0.8448740119338859,-0.6299249912512441,0.31133092399046547,-0.1116607281784942
-0.6839703787540571,1.3947939308970696,-0.727885451495341,1.8974827298002281,0.19494246853398095,-0.2367379513590063,2.180313880653693,-0.2111703406743937,-0.30584630871534463
0.5050325078308691,0.5204303652837529,0.3739745707066754,0.3211995935854986,0.9732999114319133,1.4736160153344267,0.3112279199672331,2.593673959879202,0.26523619897483747
-0.6880374624936623,1.2014845704902597,-0.6236935330584016,-0.7393939672870247,0.472302050903266,0.1471561096967803,-1.2932870838011996,0.024245291022433252,-1.4767477713601969
1.5658766721611483,-1.4080177374074232,0.5182140167811842,0.6180809919018837,-1.2542277847806713,1.449414507919953,-0.09102617424279161,-1.7367556134745985,0.4317494264327166
-0.07685875507129285,0.4136611565360025,-1.3302994844300429,-1.717235611836762,-0.5678195583278052,-0.43934491653309077,-0.29687475699602656,1.3676565027724763,-0.988233036268451
-0.02498849356148565,-0.24470211196858718,0.6590793740829344,-0.9822984655950074,-1.863598818202349,1.1855494205016388,-0.4422773916387152,0.024245291022433252,0.5659312398832154
0.47089586072636025,-0.6911697626375457,1.0421774229145775,0.6919995898205877,-2.0342065702649768,0.14240902411338793,-1.5217039848417826,-0.959464060758749,-0.07958151854091841
-1.6997895216289423,0.4043860472901652,-0.22827840999960738,-0.3496443872583158,-1.0050756042645494,-0.9041244097383615,-0.06876125180250892,1.514370871270605,-0.04767321761377475
-0.02498849356148565,2.4773274145363477,0.04811791486184235,-0.23232229938813367,0.3306410617677718,-0.38714047323655587,0.2028267481331269,0.051990517307450954,0.625767401968409
-0.2983864351676637,-0.14353313389370842,-0.7963015607358339,-0.946854341691797,-0.00792946719738019,0.5634773633835488,0.3681452222415196,-0.6357008321089757,-0.16862564717575831
-0.02498849356148565,0.7091060102082578,1.0453688919051658,-0.23320403623079472,-2.074137445479777,-0.18460694544088035,0.6061865594496328,0.29398294619292475,-2.5537033140880774
-0.34823181942045833,-0.2955372772922387,-0.619457880238219,-0.4371486799942034,1.4655242077051744,-0.2623868379074571,0.23153752399063174,-0.2708508858855323,-0.18960108021410524
0.6113451506703496,0.6683096449647006,0.17855629377228188,0.22987562088393526,-1.7365208844124513,1.5317111581788068,-1.2098766552009277,-0.07425601329366799,-1.0637599332290124
-0.6316044973296305,1.6625489896038514,-1.0857680292618976,-0.5667501898319544,-2.074137445479777,-1.9012040192514283,0.03290000955139343,-0.5648735484234377,-0.5352094018076193
1.5322921335648954,2.4773274145363477,2.617676220126285,0.767846728343546,-0.5941949977844456,-0.04840225865166211,-1.3212064847398193,-0.14631774089825653,-1.293321480230299
-0.02498849356148565,0.22166137095335775,-0.07194442356992702,-0.6827849080183184,-0.4422914163473087,-0.9749807362628748,-0.504560669992227,0.15049981378794802,0.844513347736608
-1.350103800308276,-0.6659164143590998,1.327202717574958,0.8174341839627439,-0.4509159004020942,0.7296386527159188,0.7927048196752841,1.8198987428168731,1.8298974942627608
0.6292913248632606,1.0903762494635274,-0.5330197746069854,-0.5419647515993028,-0.00792946719738019,-0.46670164855751356,-0.11327500615385643,1.8975504942515025,-0.706622330547869
-0.02498849356148565,-0.6153510548696377,-0.29610037331558625,0.5300134079317799,2.0582990395178142,-1.8783015585586296,0.7609787230187083,-2.12688824628255,-0.09314538445274545
2.308286324677278,-1.6487021455756363,1.077343907254481,0.3811822959607367,2.0582990395178142,0.8167344948926699,-0.6927143995496994,0.6048907709987749,0.9321361152253711
0.01463881364461307,-0.331891759595869,2.018680116610014,1.073772386123291,-1.5096655752606534,-0.8819313108966766,-1.9969416787266416,-1.7334168741495122,-2.6998940325501253
-0.02498849356148565,-0.8598497796603585,-0.11690079239743865,-1.0096052417275434,2.0582990395178142,0.1855794081639088,-0.5849469567051865,0.3706525382956703,0.9446112463812211
1.1523612930316538,-0.24153616059254657,-1.0247548381578195,-0.19314362511882668,0.06167120764251182,-0.3325272316806973,-1.0987368809641522,-1.452343835085525,-0.40841013925669567
1.0854665306081632,0.5535830626073869,1.9416918877651212,-0.33872705313514406,-0.7470564555288278,-0.5468568439586269,0.5098230131743314,-0.5925648720074295,-1.7703569452104853
-0.02498849356148565,2.4773274145363477,-0.03829918099263766,-1.3480595346599302,0.4782163494777279,-0.9821358950645714,0.3470824441241718,1.272188010464471,0.05633377540629029
-0.7354845116478637,0.47437239748971743,0.9463655645304743,0.3720495813321063,-0.13314804587567325,0.06182391590675202,-1.1202150325462488,0.024245291022433252,1.509171272543443
0.7613058285678,0.07332686406245756,1.5277156435162633,1.6385667125364862,-0.00792946719738019,-0.9694045897643332,1.4905332367343866,0.42505092232258324,-0.38320951598241115
-0.7066240254843066,-1.2885231371290158,0.6119273159797477,0.4381272536130287,-0.00792946719738019,0.13581504487733947,-0.4908008826496469,0.024245291022433252,0.4367375087223092
-0.7957529857828872,-0.44825972423514926,0.21918696105165655,-0.6081517180202641,1.0146720607239528,1.774946344314917,-1.9938081899709288,-0.5290725029443751,1.2400592166216595
-0.33131636763460004,-0.6823280217377385,-0.04990609188982179,-0.3559296015005426,-0.7817883852501532,2.855501274708992,-1.600654097697287,0.16247782314022843,-0.47534505295333285
-0.7281735103457816,0.9947519684105242,-1.3720079267368028,-0.7397550399036438,-0.8502104382275618,0.19244081452784248,0.921320110046463,-0.0638901194724749,1.2007359358617402
0.8525953616006641,-0.19932950123666238,-0.234681328782415,0.8031483286436565,0.7299090000330887,-0.6088897190701302,1.079406885170905,-1.8574127102001186,1.265296582618386
-0.4008850059692977,0.1834646461947105,-0.5745383082905603,-0.5996749856973015,-0.2134331342094174,0.6981467232671843,0.7069635376413671,-1.3061140811489118,-0.531858465443985
-0.02498849356148565,-0.02729367329607351,0.7401864474665274,0.22779068048126072,-0.47458363065515063,0.8567716000914409,0.2401654233188179,-1.2451927180588835,0.11908741535870207
-0.9020320456681045,-0.3720933570406364,0.8524326679354708,-0.6965380335909002,0.4818274274832654,-0.2580614760715525,1.3905360555215627,1.0297990221530913,0.22190752932983165
-1.1327794384413397,-1.4368319814752701,-0.42986474052883905,0.216191738989253,2.0582990395178142,-1.5798216106015806,-0.6011723241464725,-0.6892998248532708,1.21608546412725
-0.2318653806327521,0.029690779019707594,1.469874223574966,-0.8131910445971763,-2.074137445479777,-0.4536313347644931,1.0846496794691565,1.626931590403767,0.5421101977871512
-0.6665112342845554,-0.8760933623860295,0.21547972131147283,1.515963898076402,-0.49026412750710757,0.8533136349592045,1.5041512979242524,-0.39339190833300935,-0.153840784922464
1.7194606177645086,-1.1909506150576776,-0.18136135245897184,-0.8211274587269467,-1.5362311045837582,0.6362426048429984,0.0438328718726795,0.44408656269155794,0.3112815410170013
-0.6625962575271581,0.034906592196149014,2.0449278755925744,1.7765653358973708,-1.4476721060988516,-1.3402996746423521,-0.821351973729091,2.593673959879202,0.8281063320220997
-0.02498849356148565,1.1129527585208738,-0.06692552042903553,0.9883721456191678,0.8767326489401034,-0.6415379025340925,-0.6386728204491059,0.035067837472964436,-0.006652599820500163
-1.036862244227481,0.9519214486513091,0.730821396080329,0.5636596226722705,-1.2628338100737688,-0.9419074539405312,0.23870715327784708,-2.022000848807968,1.4095174766678578
0.27899863618077786,0.9070786378041765,0.3138276964740191,1.3578451118102033,-0.00792946719738019,-0.30208263331123203,0.398321125513403,1.3477277968111776,-0.41666264619042603
-0.02498849356148565,-1.1965923037570176,2.617676220126285,-1.9728583825093133,-2.074137445479777,-0.33157420337294746,0.5682874711735877,-0.8324302958608698,0.1921062143156823
-0.02498849356148565,0.4446280279368866,0.6900485429547834,-0.7633757680105852,-0.00792946719738019,0.13399579072226855,0.581042881298437,-0.11427957297618299,0.4267615621916661
-0.10080683421478795,0.678547143831464,-0.9934746412991681,-0.9480272744518511,-0.00792946719738019,-1.5540374252667486,-0.9859270956319193,-0.2850383724563789,1.2350806412654751
-0.22328347817528263,0.21835921159076488,0.49769739362047105,0.7904602414914876,0.2748604359098846,-0.5616975678762599,1.6311956805781205,-0.5213391582516798,-0.263990149701911
1.1127922428745232,-0.21612796830254732,-0.872588783047418,-1.2922429226650571,2.0582990395178142,-0.9810812443133984,0.9611425018716527,0.024245291022433252,-0.5692034573081364
-0.020495337470327685,0.14326886547507703,0.2870149656459761,-0.8462249007183662,2.0582990395178142,-0.6850555701354734,-0.43232649350102853,1.4846141313732484,0.5971137443027635
1.637109561715729,-2.085266630223439,-0.7004548057751023,-1.7542928540272504,-1.9761636201983468,0.9250763414862391,-0.36127005922233213,1.0720524200441885,0.3174283628246087
0.38115592677018506,-0.1733264293307492,-0.6531262961633265,-0.8971453332667819,-0.00792946719738019,-0.2934952731570496,-0.10513351652636767,1.886488475346885,0.5055354242349458
-0.6549259311937509,-0.9434487304574138,0.9571360863756099,1.1955365351004563,-0.00792946719738019,-0.936062003766979,0.9755620978745563,0.58505738699572,-0.3545124970787432
-0.02498849356148565,-1.6158974012703173,-0.8739764605690761,-0.8456992459533864,0.6502702439341854,-1.6987283380189993,-1.6384535260634863,0.08199548324790215,2.5365395408381257
1.769327993080831,-0.6524998536603525,-2.0392934584467373,-0.46186480916340567,1.2030364618419123,-0.24941637634068534,-0.152041599950073,-0.5768899345769646,0.3581913908592061
1.7262348244517094,-2.449772063533302,-0.18560865002580018,0.5716632260441289,-0.561438664929939,0.408150898715112,-0.5275065215749036,-1.0044453380327283,-0.6121670687909174
-0.6101318407727974,0.22796393104696966,-0.7474002285616468,0.3959326972568938,0.8951831410875307,0.33588385564326095,0.10832699140831367,0.29387284439171674,0.2455040697231243
-0.02498849356148565,0.6934170384387687,-1.1968973842653094,0.2763846419342009,-1.1824968819705606,0.3334436447997717,0.12950409141537023,-0.9778696131781393,-0.5155428700990092
-0.45161601305582777,-0.1074065710262238,-0.28528388976356905,0.3248757982270087,-0.5897401470760292,-0.5838606080878193,-0.41681099039457153,0.6177076693042987,-0.7036771999510069
-0.5240354130205082,-0.3364542131555226,0.4514419591401351,0.6837005877334366,-0.36872739812049626,0.8136755677783208,-1.1060160855083399,-0.9590118152584518,0.7768338669837241
-0.02498849356148565,1.7609650776091426,0.8508471822180593,1.7804123737638933,2.0582990395178142,0.49026477401033886,-0.3167363030157222,1.1604111060362121,1.4121720398129647
-0.02498849356148565,1.5885623923069545,-0.3595350845977607,-0.03141450011463837,-0.906524785413753,-0.08437927375328447,-0.4597263197364706,-0.389857899300905,0.4229450817056329
-0.620280513576918,-1.7939272983495895,-1.780252706231673,-2.093698484522761,-0.00792946719738019,2.201878025867219,-0.2712894221690959,0.12817640828441998,0.4463524901331371
0.7019731537108976,-1.2018287421595855,-0.2755256928852724,0.8341393158270362,-1.604334477043083,0.06443938788384959,1.992247700133424,-0.4123382745276742,0.5536409906632717
2.1922461426323414,-0.20957750624629246,-0.5181952541034294,-0.15455422126707044,-0.00792946719738019,-0.11968911362143957,-1.4729875302281592,1.7248043826031731,0.48328573666624464
0.7473353912349877,0.14236702111556193,0.5147434025515094,-0.26317648077190064,-0.00792946719738019,0.07555486963551254,-0.13831630727615185,-2.185054797168732,0.5297022047954129
-1.2488723981022143,-0.5568675414367937,1.851795926639905,1.694552606273396,0.3185417363765255,0.48845879318551233,0.1815680415006144,-0.06477831446865165,-0.04945656853872051
-0.02498849356148565,0.26014279461017037,1.3649213624269738,-0.35796424470402577,-0.00792946719738019,-0.0011598260228432794,-0.09458843995880503,0.1770599800199314,-0.14879238995060737
0.7797002745608137,-0.38179467786282045,0.9278132105930554,-0.5911133842920938,1.2928176144601184,-0.32096452272537973,0.3219649728592087,-1.8526593043547424,0.31532932108278044
-0.4308660639685175,1.4039669645930448,2.544143213060073,0.1830538823790233,-0.8750996950662756,1.4870740052753681,2.0147310985492415,1.5140928650269185,-0.2193732120467913
-0.02498849356148565,0.19990837216708862,-1.1765369977829832,1.164817584421863,1.0966657785583533,-0.5852519437674785,-0.20219339020435884,-0.48702109148342054,-1.0424063304924165
-0.02498849356148565,0.518920396232135,-0.040622536117147244,-0.15049963280816472,-0.00792946719738019,-0.5327227858627895,-0.7577617902496847,-0.5829035158058601,-0.9276936396757538
-0.02498849356148565,1.7729853094378392,0.7923810281835311,0.8925610480261538,1.007427230000303,0.6721268580692596,0.48700123455416167,0.2878490544130641,0.9523968540630725
-0.02498849356148565,0.3079964436806602,-0.44292682976459896,-0.5770880450112497,0.6038538529857518,1.521288190051254,-0.7680768140232354,-0.258121650691554,-0.6342516741450884
-1.3817671529723894,0.34042784944768395,0.575954479656473,-0.2849421183562571,-0.00792946719738019,-0.9564260834826823,-0.5423860596084075,-1.069334011107014,0.9430928401476765
-1.9865536089697178,0.9107351247979855,0.5949127742364403,-0.15879180713056662,-0.23679083525554817,0.2532511755587494,0.897781649792295,-1.4891798272783816,0.15257886775703197
-2.00172029142506,2.4773274145363477,-0.2744791009973858,-1.4007757999439667,2.0582990395178142,-1.2067787504462621,-0.9122239324904509,0.28183414440385207,0.26251745369880436
-2.3135109346399516,-1.3759181268586484,-0.6637111861945103,-0.746743574741232,-0.6493108028875906,-0.16647004404313226,-1.320894963278601,0.14173530187880076,0.1870413931079991
-0.6772999080127902,-1.400612259275525,-0.8060821745087682,-0.3369998036149287,1.5706066724778762,-0.4776028110674865,0.7337667735117259,0.18460280106736648,0.32538813499868235
-0.6774266993484476,-0.5274483390993371,0.6863849950381702,0.6042233436672009,-0.9511797445231993,0.5148158690153749,-0.12705379587888815,0.1748413601252486,-0.42556595643535755
0.6437656664731713,1.309045920337541,-0.33750229111719343,-0.8245767407441446,-0.00792946719738019,0.10651402960420338,-1.7245646800184,0.06360305605143893,-0.3464013467829394
0.4483192974004304,0.28346568538909095,-1.6903922857350444,0.029944491295999274,-0.00792946719738019,-0.38847138198574344,-1.9547300660919533,0.6527114650620524,-0.31184906460135836
0.3952352480570255,0.4366152814548799,-1.445368823006732,0.8829436953137897,1.222903713335645,-1.2618238903577315,-0.7614626691494665,1.3106940821279265,2.060204657915615
-2.0471243107613715,-0.045433752703188,0.017208383166864814,-0.011858919749745246,1.427257439960238,-0.8834443968067441,0.18927208723581074,-0.27967565270868716,-0.5746482888065014
0.06523205208955735,1.3266360833326243,-0.8505957071890005,0.9455087691499187,2.0582990395178142,-0.7588554088504654,0.2224261847392701,-0.8556139640524978,-1.7144447961169043
0.1306381649408623,0.17442435421019348,-0.8791229068580834,-0.25578988383843404,-0.6179352717945666,1.3640225413919236,-0.01008500748725153,1.079079040896558,-0.22913471157090037
-0.02498849356148565,-1.1079457664301056,0.4115440827959513,-0.2174055446628745,-0.00792946719738019,0.5186843584569797,-0.04351909335030911,-0.9084280618167812,0.7160229173596281
-1.5579876057662234,-1.1015517611517582,-0.9888868537774768,0.6881299476401687,0.3200460145235687,1.369340714850345,0.03387178564364545,0.3324317913177214,0.30530340592595984
-0.02498849356148565,0.9182348194875616,0.7145686262763168,-0.798319169650848,1.0539734868325656,-0.09919865525180767,0.9453151866009841,2.440255107653636,-0.13487383031685557
0.15455191057944942,-0.6703645965290697,-0.9088707078644344,0.4522229911738676,0.13859506505442643,-1.3019178110437615,1.1927371912691955,-0.5286257114205564,0.30529247011827393
0.40346211853206204,1.457858406254423,-0.5055767912461677,-2.5652232910553825,-1.1189426396847042,1.554714420126725,-1.2915257100790538,0.6614667532443705,0.4385891371997021
-0.02498849356148565,1.8065174809004891,-1.401797557120592,-2.0090295976564536,-0.00792946719738019,-0.7705690114706755,-0.9049778447902653,-0.4525701531411717,-1.0207643844239098
-0.02498849356148565,-1.2952764836651178,-0.17179584478414217,0.6759904461286085,-0.00792946719738019,-1.7076246966123172,0.7338581328028623,-0.4351170931007427,0.16761258966801074
0.8565180683228656,-1.2777312473562839,0.2326624526911638,0.32380640199931576,0.15940784523400675,-0.09931346827833448,-0.3028922902911927,0.016464883020351668,-0.5568682774466175
1.41351194010381,1.0173413340762019,0.36798261317513925,-0.23662002253185155,-0.00792946719738019,-0.5779609414536366,0.3928672517026934,0.024245291022433252,-1.3739699215406547
-1.3562232964355738,-2.449772063533302,-0.22949575659689872,-0.142230000437592,-0.00792946719738019,-0.7202268032355112,0.2761158462130435,2.099037982355727,-0.9784769981598435
0.2116091778447018,0.37252656117593086,-0.965916395149422,0.6965012752865581,0.625991325057779,-1.120820406406536,2.0386571057838245,0.20209100424908075,2.4614600226161554
2.2353547948961774,1.4316316726308556,0.303166520537427,-1.4983432771528065,0.4407128435413612,-0.9755242245337963,1.0404423804901588,0.4334894052416238,0.6738551739734534
0.39385956752205104,0.5716000549555273,-1.2276530251297861,2.4832579179228964,2.0582990395178142,-1.3197687670505787,-0.6906005225896089,-0.5338843401958914,-0.4850539021014645
0.1807623197011522,1.5157919909589461,0.02786976888472761,0.3728721819271142,1.1449201347189004,0.6411820837048228,-0.5471400115751334,-0.35819608281777876,-0.3268017263366852
1.3978032544290093,0.5830147666988867,-0.7098237906348054,-0.5384220863353179,-0.6535834965969713,-0.4490649489355809,-1.3428349480095125,-0.7306853044415217,0.8448547591514407
-0.139554618011373,-0.6963545768397992,0.2407825315499958,-1.031490432904477,-1.1432290837865924,0.7276678447077859,-0.8536896532231724,-0.06621422299194013,-0.1766249631058423
0.78058041668651,-0.5544719390612529,1.3635991473685825,1.2636391747283378,-0.00792946719738019,0.689377110084896,-0.6095161353242461,1.920417736748095,-1.5722891330340658
-0.7044903055037037,0.5676334254899806,-1.2080722808117916,0.062109047602469505,-0.00792946719738019,-1.0309250133861034,-0.3132538282524063,2.1009839517888578,-0.37946501214372125
1.0977864757227813,0.03550806388256552,-0.7136289833839732,-1.4584474735421933,-0.6976147479438576,0.48409870436204194,1.3870535076302122,-1.6944198779942263,-0.5868543940185249
-0.3416966219739542,-0.5237100486660445,1.5350057005540254,0.19923840845337487,-0.00792946719738019,1.2717093132824981,0.5877729282353951,0.9854407928891328,0.015535025290144822
-0.06652537531186985,0.2992036895162704,-0.32846673064522863,0.09685203712324947,-1.597665224534905,0.41442240871032243,1.133777271604607,-1.0027346748322656,-1.2013667705678208
1.202149067749777,0.7311556181666274,1.0031678900060808,0.0857793340319105,0.2435385957748516,0.6991698640776546,-1.5738537572465148,-1.0481938012116967,-1.3863364321077798
-0.02498849356148565,1.0425712181642057,0.04724383129283615,-0.9208233952856351,-0.3952559930734347,-0.46638508366665604,0.38768427568519337,-2.0825362040921025,-0.14100175204524407
1.1550913160179177,0.6808655307985152,-0.8400532560317462,-0.6240493713029417,1.0522556290008325,-0.11681044148698179,-1.634608688860389,0.40873734803060224,1.5354881820038988
0.7832724507074648,0.48116303444310743,-0.7593868864129827,1.4875842081372737,-0.00792946719738019,-0.791625784887166,0.35736595718033154,-0.7682465560710846,0.5050013443466864
1.3040456371423486,-0.0840047959116135,0.23764415150535623,-0.6118018743168664,-0.00792946719738019,1.2623617929751363,-1.3421516144419299,0.9747853424857044,0.9274141770305678
2.308286324677278,-0.27612798185885506,-0.9936451096915925,-0.24365946222961696,-0.00792946719738019,-0.18720226335987547,0.2768321418617084,0.527430621139404,-0.5571736946577773
0.6927289833451127,1.842025387847079,1.0233284609713815,1.0451943039541225,-0.00792946719738019,0.2050105794988811,-0.973687621035977,1.7496076227555883,1.7576583018199394
0.22547469593858688,-0.4912306519580532,0.42185240984314865,0.15559638691870348,-0.7293458627369608,-1.6087765470690947,-0.48644722998384343,-2.5166520538386283,0.1608769258842404
-0.025114880343796407,0.1998438475027412,0.1700685034774425,-1.218425068563311,0.07141368339788774,0.5645395091867917,-0.10963172457660253,-0.16700751635361996,2.6230939153269928
-1.0691462864557337,2.0290770938627043,1.5367546280807278,-0.34739044587804535,-0.00792946719738019,-1.8525547148296237,-0.21036977331481835,1.1004430349208894,-0.11643875754900165
-0.02498849356148565,-0.7186088728447281,-0.43159544088085205,0.29710459290117636,-1.6258870978522877,-0.23267678953597123,1.8391613698709934,0.829666607630949,0.28570051807297325
0.5692112345318759,-0.08269310810652718,-0.9595299663809443,1.2027749010710533,0.33016030654426853,1.0564386171953177,-0.14784652665803544,2.1327285310649158,-0.37884145641303024
-0.16431800361390214,-0.5563053840830511,1.0937025087475138,0.5189129810837666,-0.9868100591451369,-0.1390723382827436,1.5827033092114011,0.024245291022433252,-1.2133233684438578
0.23655035914921962,-0.15155568291565105,0.5007249080459368,0.8294569167692074,-0.00792946719738019,0.9921769484837398,1.445355210744015,0.41064173490870465,-0.21827592443941024
-0.02498849356148565,-0.2070006671756279,-0.24949369352834877,0.6300156892856373,2.0582990395178142,1.5175393358318667,-0.3977008194877091,0.29948880351829227,1.2066659403355389
0.8304014402827059,-0.4233261768591991,-0.35833282399343236,-0.303484059059508,0.4427270590130265,-1.1717710852457723,1.260865101065466,0.02363419587269021,0.3423901492366473
1.447581877758627,-1.2858264118038183,-0.7311719745427487,0.07499344446262232,0.3177601756734585,0.4673189012149176,1.114473752745409,1.0939700856801247,-0.39825606843925565
-0.9805682528973293,0.08427355732185352,0.43848327586204044,-0.48301300276140097,-0.00792946719738019,0.7239152436905469,-0.805836869092437,0.8536846012545198,0.4732968906466879
-2.3135109346399516,1.1690289858412417,0.7720342652078119,0.37856545535945607,-0.00792946719738019,-0.19821711269401077,0.42175958762561105,-0.780665188442602,1.3614069549289574
-0.6904004795785555,0.470524844905964,2.0185867090739977,0.7592501891062218,0.4954295529225249,-0.45934634726479606,-0.41684069012682484,1.235683001328901,-0.045590790944338544
0.7054716508532307,0.03704564695405545,0.36757898900359204,-0.4074810671215023,-0.08874770217419947,0.8117804142033258,0.2659040805374498,1.5241193230687342,-1.9494019383460457
0.20393257798206038,-0.27407377086600726,-0.08867271546560634,0.41684227728706585,-0.00792946719738019,-1.181452736759108,0.8018377306182694,-0.7339412690156928,0.08454451154995946
-0.5753283811449545,-1.1626987240018671,-0.38606049574685447,-0.19231158739910234,-0.6121681887995853,0.9220685063676478,0.25182666789990965,0.1157458642270637,-0.8973390681956399
0.459967581036309,-1.33428602419503,-1.2115139195466342,0.5900970978029628,-0.00792946719738019,-1.6135127336368003,-0.4136289399895233,0.47810275834495597,-0.9841371824521206
0.01948010063550383,-0.1264518843817073,0.4047350919300462,0.1405689792952264,-0.33916137783483163,1.5412836593940713,0.08585962140573619,-0.1428222052084449,0.04215284353835412
1.2669954631943239,0.9292491343224007,-0.45226851411072866,-1.4167349463237089,-0.4013677550310735,-0.9550233868827942,0.028539908639487733,-0.12917283363273158,-0.10493866733152722
-0.5117368751455278,0.6926598108918459,-0.39142476851637764,-0.28584956145639145,-0.6708288472298488,0.9699133224690969,0.36325629919077396,1.8218449382545945,-0.12813390008917813
1.3873477206240452,2.4773274145363477,-0.2990938716296771,-0.5981726595585289,-0.00792946719738019,0.06618822415703235,-0.4193717296545599,-0.16250316749326588,-1.9701291684485467
-0.05416849820113417,-1.972294385797077,-0.010775923949932131,0.9267980529823661,0.25384142138695337,1.3825584656282386,0.5962275785745507,1.6479794277022712,0.3696391606347074
0.9102649657231542,0.5619134847342508,-0.0022136267820670884,0.5937534090320469,0.7553722079296687,-0.7899034494474,1.2942630391042962,2.2084313090207757,0.8641503918335831
-0.02498849356148565,0.37385939234245313,0.04718935983184974,-1.1122543111668661,0.15202962448548535,1.4406009152701171,-1.3177214544108669,1.1845276248860654,-0.4728266270772173
0.22840639932990586,-0.0487826248494884,0.7811055994957796,-1.3243595681854574,0.534168082676746,0.8647144980365845,0.00038242275457117696,0.6991898740563509,1.5086757174332028
0.621162941713938,-0.46653194947217513,-0.7232589553688564,0.08208655946532338,-0.00792946719738019,-1.6873443907637928,-0.3715381252345395,0.7015800527321774,-0.22769541807216637
-1.2149758822327066,1.3648328219797987,-0.44660477011191146,-1.0173234793790529,2.0582990395178142,1.5734100629770245,-0.4410029240566949,0.8735460468298117,0.2754452047511655
0.2464416909664339,0.7012839322927762,-1.6133798207559742,-0.545460339200627,-0.7231371546594076,1.1622570629276463,0.2903227717161313,-1.0054488417609666,1.189046126919785
-0.9304480107748406,-0.8358937303888769,-0.8503347324510955,0.08131087400450175,0.8316882098493261,1.3747155716461839,-0.7641810587746716,0.06315890025236358,1.5563276328751612
-0.6587291474202666,1.392078371638225,-1.8215389722561783,1.5900582630149611,2.0582990395178142,-0.9013324712514004,-0.5887577968347362,1.098090739386046,-0.5281354704399908
0.8200516233409072,-0.7555983192127548,-0.9875361762798327,0.14098671333960308,1.4147180664432797,0.36216885135394705,-2.1633491836757184,0.024245291022433252,-0.6087588912272248
1.885789800257078,1.1603539907364375,-1.0240912975175196,1.937058295103473,-1.2900677361683688,-1.2480853353970702,-1.1758800871938035,-0.2511760958215917,1.0104395782529043
0.9062852568639772,0.30312286966271573,-0.17118387231219268,1.7253635106785212,-0.00792946719738019,0.6637459083462293,2.3150181984467224,0.8886552459632651,0.6486407763969455
-0.02498849356148565,1.2078604045984531,-2.1049064679194656,-0.12628295668292944,-1.492316897914409,1.5987475730673306,1.5974325030653225,1.2025533243691047,0.143616617666533
-0.05916700329684125,-0.1430108123334696,0.4818936147445731,0.09263405907351258,-0.517251451080448,1.738800369888395,1.6001754764543932,-1.0269034141749875,1.2559492740012337
-0.02498849356148565,-0.010745557800024477,0.08223577236624421,0.3646275066355383,-0.2513838233462809,-0.36562804971152635,2.1143831012617293,-0.9339057822707787,-0.31943911603860664
0.07914181233005502,-1.0628838039288917,2.041076477835375,-1.1096162258207012,-1.0457979118723866,1.0152698935014757,0.7143900138181885,0.024245291022433252,0.7405818543398295
-0.5650400862494631,-0.6429515870683528,-1.2133914138905908,-0.04837093452294592,-0.00792946719738019,0.05210076145139989,0.44119659545327305,1.3267154097013394,-0.8811094306939741
-1.22882876530072,-0.5170653454810987,0.5812726438230638,-0.394785831099015,-0.700498856625185,-0.2166096649626356,-1.402886139216536,0.854387244815708,-0.11486750583757106
2.308286324677278,1.2885779267882216,-0.019231568563247977,-2.5652232910553825,-0.00792946719738019,-0.6548531977389834,0.4812487008864404,-0.1193213264209796,2.3129239077192185
-0.19968586638119712,-1.7551782048867173,-0.5185396754626544,-1.959972469997183,-0.00792946719738019,-0.6528417881216787,-1.1157672796651943,1.9971392614236168,0.11027173177306508
0.08969797921633821,2.048394083764609,-0.9211019349203132,1.203632050089552,0.8143063906506263,-1.7045752090058504,0.8968431621535792,1.0193064398919098,0.8232975199330177
-1.6089252843430837,1.3998290656220749,-0.4304717323215298,0.17218448405810655,-2.074137445479777,-0.8902457057652857,-0.47231715038748373,0.5890874047843428,0.8015900722459096
1.4085085056874456,-0.710307414069019,0.7281288245527048,0.8608916137931039,-0.00792946719738019,1.3228419348545741,-0.4347994914569165,-1.854106931081086,-0.23941987571513
-2.0502633865712254,0.35201130947116877,-0.0955302203501222,-0.18679882214627033,-0.9310432533429801,0.7820755366078915,-0.23383389087992015,-0.06600931459060143,-0.2935483225695088
-0.3386296234967776,1.4419242271074582,-1.4688672753093075,0.10789478369660484,-0.6573218929538452,0.1811727605496673,-0.06769178231268827,0.2989952850161702,-1.1625836915526684
-1.8575082350558618,1.1824159829378347,-0.9234388079751691,-0.5105543833781061,-1.1862254504501972,-0.5495465148595535,0.9597442044329033,-0.4752191857862786,1.2960478850780357
2.308286324677278,0.6510305600972868,0.6517556631139046,1.1418008014148757,1.1607026196483623,-0.5427227612568464,-2.367943792824339,-0.43810458743511893,-0.8727169971865015
0.5084736237769357,-0.7135193675180163,-0.7531131234302316,-1.3600045075289806,-0.09391476779837507,1.1862154063453356,-0.957161641669264,1.3735393375028815,-0.9099126947145154
0.24297402667141893,-0.1862360865124323,0.06081676162964157,0.7549436193408618,-1.2594321248997227,-0.15397910081530572,-0.2919202894190284,-0.18918942684208487,1.3313826481144984
-1.9262052992554075,-2.4136948163443326,-0.34091107748749394,2.5522744139357783,-0.00792946719738019,-1.2277186833153955,0.20561544845915905,-1.1015642675016886,0.0653692413041831
-0.856105530413324,-1.7160861976694233,-0.9731746371001521,-0.9211548177884378,-1.7161433307633251,1.4104126345812633,-0.6833829637689406,0.10276440806560985,0.09309615030890336
-0.7143558223029217,-1.7376611057361346,-1.1886931682430204,1.2806903437116288,2.0582990395178142,-0.16445742503219896,0.21263980966047227,-1.1883985750908077,1.665953476335182
0.013311941862213782,0.06218866087688817,-0.625427275805177,-0.13118789657689803,0.48809750542950103,0.5789080797359816,0.92764209430786,-0.4345434225656038,-0.9006532315273021
-0.3111639388871726,-0.3026063209716233,1.0330997565842803,0.3651030617156041,-0.00792946719738019,-1.1966240085263329,-0.13303377431270672,1.3262518944568875,-0.6070726928547101
0.0640694484835471,-0.7249135389262803,1.000271397683052,-1.540460011262153,-0.00792946719738019,1.2520640684299906,0.09926868468888915,-0.5519767151254905,0.45025675619230693
1.1009266229583565,-0.6862779184355716,-1.8040089628785356,-0.060744811153246064,2.0582990395178142,-0.2834858029356676,0.5795419105106054,-0.9191198259796777,-0.988387207703579
-0.791427104998749,-0.2924622536508964,1.0223715581375292,0.09370860951466926,0.18408483917681503,-1.283434114473745,-0.4925487174673397,0.3862300204309193,-0.05906421736379319
-0.02498849356148565,0.9919789872034882,-0.745100213962074,-0.5196453670828381,-0.2184809259848035,-0.29599206313777743,0.12537437782192942,0.9099194791902047,-0.6076090712263519
-1.0660342306180521,0.7636741256466231,-1.5444130358269408,0.7624625647743046,-1.061014218884978,-0.16906907471326452,-2.399380987893691,0.9292412272084758,-1.0271299626854657
-2.1598500570861416,-0.33105893553601484,-1.3998864985668877,2.3280638315023543,-0.00792946719738019,-1.4854119818503941,-1.4035418523758865,-0.12745383102723185,1.0713313761183578
0.9850142357606699,-0.3352336304023825,-1.0212581492976844,-2.0156595367586654,-0.8070723268157106,0.47055882699222534,0.9152707441761443,-1.1387896724543476,0.0028965073903927476
1.3300966720113323,0.8087209074787134,-1.528096289928568,-0.7221697421613291,-0.042254128371411286,-0.011879082499721489,-1.049817745235478,0.024245291022433252,-0.33516229647859824
0.9782457454489824,-0.3519918794676314,0.9224061196640402,0.6700076830194103,-0.00792946719738019,0.8002638919676502,1.0660696936786327,0.5132465742651864,0.5067772284788172
0.5465009643402962,-0.5034167612492848,-0.5246769093453938,0.2272940375942312,0.6076299701942157,-0.705209556336291,0.013243814960062288,0.9451220958880309,-1.3682733717913174
0.13285364858060103,-0.2623674505023007,-0.1346229109217453,0.8474132345093919,-0.00792946719738019,-0.6093009952324769,0.6520398547383266,0.34426171435997727,0.6549618530397314
-0.02498849356148565,1.941832065820313,0.4016602424168064,-1.4220126934316406,0.2474200530789591,-0.004719721120146865,1.4663561735972976,0.06987654812263572,-0.34679475378218283
-0.2948962065397916,-0.2654948454352808,-0.3344535240001838,-0.7618278514466013,0.3858615810051234,0.09671658428457972,1.9388078740902563,-2.574424434100959,-0.38611228060597125
-0.04164731824075554,-0.8601765038970433,-0.1762855732087717,1.9280948109257046,-0.00792946719738019,0.39521173846686475,-1.3694592619709376,-0.6104158525278828,-0.7856479495001311
-0.9842113274658635,-0.8118438144708306,-0.570542523571637,1.5425843110747235,1.3288174512214068,-0.5939250452221929,-1.011388072777576,-0.19677748547921564,2.5807102508226683
-1.002902306535465,1.0070366282704495,1.9886530756253429,-0.7199880966814101,-0.00792946719738019,-1.2066376894737922,-0.8720097552053061,-0.45816125178856076,1.3717494658779212
0.11712194798851056,0.207982605264713,-0.967264098094054,0.4422929380222927,0.60274290024004,-0.17394195934408366,0.580491241232272,0.8916567372210845,-1.0333344760697594
-0.02498849356148565,-1.0337163559917266,1.2566851399106589,-0.6865403540488652,-0.5081693449711513,-1.8399003980502135,-1.0609574148656378,0.9869331583998086,-0.49847098211795493
1.152626643267712,-1.3112059290577613,-0.7121596862845688,-0.4011306708511117,2.0582990395178142,0.23444439792777527,0.1267307920753537,-1.0912635660615089,-0.8968464928814414
-0.1535099567937867,-0.9584018238832888,-1.853344605824532,-0.644557479024925,1.2785227224725015,0.2086110526022669,-0.9662839039028301,-0.14910596341826574,0.38364578088308343
1.4082706200403898,0.8160313078934841,-0.637471036543649,-0.6497211727255889,-0.00792946719738019,-0.1880918373180955,0.5530537013244995,0.06104702828478194,-0.5588508337488857
0.13058079128578873,0.5321617456821914,0.1619565730447218,-0.775805636326682,-0.15904198487057467,-1.2655405002801499,-0.06575937056784677,-0.3735057475101094,-0.16498875201858115
0.3858177699814206,-0.6056873584841629,-0.8269486057510687,-0.7030211423737179,0.5102994579648233,-0.8901328448345516,0.900568016925746,-1.5716718572574508,-0.7998790210681141
1.2766385051087956,0.6263848682091847,0.5886202809259482,0.12008972140990323,-0.00792946719738019,-0.5293241140229318,0.5279031054597547,0.8118046109728714,0.5885997293804717
-1.547645502388172,0.37510009260718996,-0.7018462434924174,-0.955539523902568,0.5235879560016659,-0.2733256932500827,-0.8781889883683707,1.1816511283570892,-0.8151653184471233
-0.02498849356148565,-1.5709667596102472,0.41616885028136397,0.11082850754074948,-0.00792946719738019,0.47730596217685484,-1.8198337601009433,0.17380827466836424,-0.4877718086259132
0.8763532805536298,-0.13846184694827482,-1.1777947781473084,0.7980187461962018,0.40601807811810364,-0.2615870064754792,0.9727537410158057,1.2413269124502533,-1.1423510617497392
-1.1399624198985066,-0.30465569351549493,-0.6265165312691046,1.7172072258052773,-0.00792946719738019,-0.8818705998619935,-0.6153598865182336,0.024245291022433252,0.772293818007995
-0.02498849356148565,-1.016577031477417,-0.29253656874318085,0.027958090272941123,1.9399363180915452,2.0300432570666174,0.18416779676741274,0.17415116145604342,0.2710422433178172
1.383170822796754,-0.021334390229237218,-1.5073473691787513,0.2131976429089908,2.0236833278203497,-0.5982614574432239,1.0845816405939304,2.593673959879202,0.029550711530468766
0.89547382409573,0.05544478671421372,-0.5302128555411789,0.7245570759608989,1.162610951694147,-1.6555872727458416,1.1674875185673552,-1.4453121541802583,1.8620949031349734
0.25589338368264,0.0008180622731175931,-0.530636959312724,-0.5307859035265521,0.700195545889228,-1.5726074774090832,-0.3300075724042836,0.9270969253891718,-0.8662166663774432
0.4581381173704247,0.7637251363175852,0.5395980729125814,0.7395325679767856,-1.069399078340289,1.7372861372712716,-0.11881933594767405,0.6941069290283255,0.7266964250938437
-0.09946490724670876,-0.3321026976534312,-0.8535909888614795,1.768001439669862,0.24827988161737888,1.6903328186856763,2.5389566012502294,-0.12522663231348288,-1.399742259185171
0.20980379122785542,1.2143188271091743,-0.18503875975779258,0.02732348752952583,-0.00792946719738019,-1.5163050635795612,-0.43717771824978224,1.6079793724236682,-0.1273907933676513
-1.4589595631318104,-0.5236051110494606,0.060363585712621785,1.9180371474493831,-1.182669519285132,0.3029055355338713,-0.009460230135565864,1.0219823352963775,-0.8123398638407563
-1.5745321148648173,2.3949741794134107,-0.7591255360956413,-0.09643704223973232,-2.074137445479777,1.800752205711004,0.9436794373700736,0.8617354628975493,-1.1386113148810748
-2.3135109346399516,0.7757780137780569,1.0570179946653702,0.3086252593380063,0.011443837886025897,0.16248358097839405,2.1311717808264548,0.024245291022433252,-1.8435691542538488
0.21898608742450618,0.6014839935299489,0.7225601912036416,-0.4217123986936075,-0.00792946719738019,-0.10754499868439014,0.7123249397327793,-0.6443379378471131,-0.034477079542739236
1.6016560098247992,-0.47485308101514545,-0.6379176830872564,-0.07245728897304107,-0.7719334294380784,0.7724937645501125,-0.3144482614925448,0.024245291022433252,0.48306709465597203
-0.02498849356148565,0.3329090669147107,0.9906272962317354,-1.7329847640906313,0.27454136306128035,-0.4101008392424662,0.4071730787483641,0.9801201510460656,-1.0994160456425424
-1.4281142714811834,-1.1416457211056428,1.983177377124262,-0.6937178561535184,1.3558492793136254,-0.32669764629397846,1.8357657994953465,0.1534958136076478,-1.7574525730225872
-0.6374916368949897,1.6408251443418715,-0.771317794318461,0.5647905477316338,-1.930764033421942,0.7716517693906806,-1.405427142908064,0.21895746948738362,-0.3307952400775289
-0.037667650431638215,1.6430621442053608,0.4757038021034141,0.41024523202714797,0.055563560674861796,-0.28150654639649303,-1.031982770328816,0.584850842040882,0.8644145059836789
-0.01967351355531802,-0.8642528159642058,0.8510317154302559,-1.121028142854738,-0.00792946719738019,1.200531557387343,2.1229228761033525,-0.48350199728343496,-0.42250689986208323
-0.02498849356148565,0.5996432915270953,0.38312449391118764,-0.8661968880131572,-2.074137445479777,0.03989775187264587,-0.7388534526311533,0.31428235074743555,-1.0680000349765024
-0.8097743667939692,1.6511667021184266,-0.8425228201404965,-0.47842916767632443,0.07934274866820172,1.1473651741272144,0.5206097600891111,0.014742306768431405,0.4419963054071387
-0.9066135575390806,-0.028543306502425175,2.445705243883513,0.15006846667707,-1.6476584903337952,-1.2599696447148567,0.24728747569951667,-0.9757295093431289,1.1101246755791938
-1.6360255157043313,-0.49009273437193746,-0.9842650618329803,1.183579022191431,-0.36088094638105367,2.024435775544099,-0.5699206583899492,-0.27890937009437106,0.5925318075648368
-0.02498849356148565,-0.6486525703460151,0.4545484233091902,-0.5821084492153474,0.41363766039634664,-0.5886914766491211,-0.18827732915124415,-1.021435430655627,-1.3040357267964864
-0.02498849356148565,0.790462665378655,1.1875136574539513,1.047328601634352,-0.941088656967977,-0.8640884572034284,-0.44069067314346805,-0.9705717463501987,1.0917242063299917
2.0024376241332047,0.6760711579218184,-0.8027272590500726,-2.5652232910553825,-0.00792946719738019,0.9136414988602645,0.1822991697426531,-1.5682325326673145,-0.9490346936007126
1.8309196028049675,-0.018443286648367096,-1.2401595726246422,-0.5575929131438455,1.061260871500497,-1.2855415579924618,-0.3639316805996258,-1.8808359795137282,0.9134587377973187
0.020475009804145277,-0.7431830420885507,0.39014484204952554,-0.12468486583016739,0.7030255206332668,-1.6010076210998188,-0.18800780387972366,0.024245291022433252,-0.9430756767004175
-1.477530824600698,-1.235316354311758,-0.32087734161497533,-0.6107737113760917,-0.0564473619715303,-1.0650150985213536,0.6023703756653487,0.5828754674370508,0.16706677146178722
-1.5685777889356398,-0.3717487439193723,-1.2899858524395824,0.20975017781495722,0.6253622531095314,-1.0986182670165998,2.279055919773049,1.6024778183947852,-0.4721202843349245
0.22532636073883086,0.35350147233109636,0.3338248517867984,1.5941927903029849,0.9289162630147769,-0.7911337375055943,-0.8351641981906808,0.0906532049912796,0.5847133523395802
0.34304356382636,-0.2976858498253503,-1.2064020965379287,-0.7996978761632331,-0.00792946719738019,-0.7868919732896641,-1.0830512309543954,-1.0874245867129086,-0.6430376496519783
1.5217918416013283,-2.397793833797964,0.5316145958062329,-0.6616222683759924,0.31953140876549607,-0.5832350933784832,-1.033697046953418,-0.7624035200531792,1.1993111956343496
-1.0069620091148233,-0.07188925947791988,-0.22700522784252652,-0.22949211478097334,-0.00792946719738019,-0.2785473498903683,1.2473993103876098,0.024245291022433252,-0.47581383090510093
1.086687789244782,1.514443664479179,-0.9032646120881026,0.20473672491346875,-0.5561340239138897,0.9343990288986042,1.2300836646662874,-0.5816118458888965,-1.3197837783690758
0.4379339832802289,-1.4326775384319006,1.3788404920322503,1.0351572236372864,2.0582990395178142,0.12761152545652732,0.29977076878465236,0.024245291022433252,-0.6111840783716795
-1.2499626070458363,0.8879846873535409,0.796162363400407,-0.6982785639109313,-0.00792946719738019,-0.828670581050061,-0.6174968859704845,0.05391109080672284,1.462092949221036
-0.02498849356148565,-0.05360783390515829,2.1556990255254433,0.1850054566003471,-1.377972863907112,1.148370609415955,0.6467220773836958,0.37454555389506916,-1.0788468792090369
2.308286324677278,0.06638148206285514,-1.616603264665844,-1.019625947423468,-0.04176353968630745,1.7818880124253325,0.43715237133912155,-2.438015879455094,0.7919614893799729
0.2787992574872865,0.20797374358806306,0.40058617606390123,0.6685530998339947,2.0582990395178142,-0.26058242082264177,-0.29756475454936104,0.5251134863762512,-1.7952318166846106
0.2727321094610007,-0.9110265928613532,1.1487716312076555,0.4890395010163779,-0.00792946719738019,-0.3465513398034022,0.17853350118396694,0.1901169157474419,0.694636161620232
1.1359039718841775,-0.32872963235361563,1.1037775249919275,-0.03585599258728353,-0.00792946719738019,-1.0524766541233974,1.2361438379772407,-0.26848955398219143,1.4743736873441944
-0.02498849356148565,0.9344127422407502,-0.772644933230273,-0.30443184908977067,-0.00792946719738019,-0.4220932415960331,-0.050451897597826034,-1.0411953959747862,0.719506687605272
-0.02498849356148565,1.39507668676197,-1.2311836735911712,-1.0404634565129598,-2.074137445479777,-1.293544577067778,-1.723641228102713,1.4512988537653337,-0.20398724650557867
-0.1108072910889558,0.6374280938553523,-0.2374851844877631,0.10736017001598906,0.2174955774764538,-0.8753824269099681,-1.430870746112458,-0.33769790165611846,-2.372551593334885
0.7205956551461152,1.337329696297705,0.7552939267943416,-1.309743032520967,-0.00792946719738019,1.8612953702073722,1.0908576416147617,-0.6473498359870866,-0.5633918147760509
1.3384752477686541,0.18895231822771094,1.348168646672248,-1.094500548287507,-0.07993402404148517,0.00017173126751576385,1.394150346598619,0.8469746409810117,0.8802924599689543
0.5518944089846323,-1.2287187566000684,0.14863597521647007,1.2521728167551849,-0.2714743825112888,-1.6516772178363033,0.9082283370920542,0.40536773424723793,-0.5523039556380221
0.5227006857248844,0.6373526514711279,1.5108659779688685,0.41697096339215006,-0.8551316007130508,0.26362036195882915,-1.1233922305940671,-1.9120624961862889,1.1151706958282035
-0.3021887398052646,-0.8619351059324409,1.6791403031420755,-0.6892595160864746,-1.1144793117265714,0.601277904698447,0.016308620777547696,0.3494394712434264,0.4381572584072305
-0.02498849356148565,0.44830215691072256,-1.1383254700292933,-0.118410876596577,1.7331182639551108,-0.05205824274685855,0.13418063948839062,0.7139980000555424,-1.8658370861102744
0.963669596050148,0.5907844668894023,0.5796724625562704,-0.3735156763822848,-1.6175101927979463,0.21689005434197745,-0.43393516975638885,-1.2955663084070645,0.24575280287312057
-0.7086120012439812,0.3955452222030534,-1.3831147081659627,1.459543310781568,-0.00792946719738019,-0.1966873684838326,-1.930592207802736,2.261471631387394,0.06437092962795064
-1.4031734700544822,-0.044061035152681366,-0.5522043492728319,-0.06928176271184894,0.10081794215462885,0.2579084963768542,-2.7316554622756426,0.4228420317872555,-0.5890576817658375
2.275288224958856,-0.17617996255048268,-1.522526678211373,-1.436336323410775,-0.8598745911123781,-1.1903095762244624,1.3217259492474371,0.14432599753317235,0.005444589565217889
0.6445979206026957,-0.3017276960231486,-0.7969141591666274,0.44850163004502724,-0.00792946719738019,-0.24561305919948648,1.9439037327494033,1.4109077827416436,-0.831256119050498
-2.3135109346399516,-1.3060469298560866,-0.022955799386368946,-1.3940264118290788,-0.00792946719738019,0.14069017899011296,0.13680828604032608,-0.6384476491066674,2.6082433478049056
0.4701487425000203,-0.5515227763477636,-0.39777551419930623,0.3849966092937996,-0.00792946719738019,0.45240023986702566,-0.1105013833545583,-0.09625801551137775,0.3552996588803929
-0.8904596186947219,-0.9693068544166797,0.9265850661233098,0.8339132624051048,0.03452091570679823,0.8536323243423725,0.7475598493379897,0.21137651206969052,1.5923354316577227
0.910190971627062,-2.449772063533302,0.32229426786813437,1.512740875242842,-0.00792946719738019,0.6818275350273153,0.007661251008632901,0.7485468569598233,-1.6344209376357681
-1.089773826779312,-1.3189162975065585,-0.17804100403066841,1.6126120208015515,-0.6362973428046995,-0.8911056689830626,1.304198667040947,0.5723429845455353,0.7444231713388255
-0.2093567882427327,-0.4573685003941806,0.5620405759283881,-1.2333010330519447,-1.5570537169128538,0.6200060105946958,0.12942304886562414,-0.37709647486633646,1.2283595394110063
0.9768990652227545,0.44988946751053804,0.6528189826525557,-0.32195000338387714,-1.3345273442479635,1.6249529582091276,-0.5873833012233022,0.047878162506596454,-2.0519435725728665
-0.4207268272956816,-0.4842755924550232,0.7112516603251123,0.015946981831011026,1.2207790323677858,-0.701712926852608,0.8327980360152272,0.024245291022433252,-1.125395459345425
1.4533758572255087,0.21784797610507994,0.07810370351298279,-0.7533366442175246,-0.37615524272602324,0.878833187215692,1.2729795879998214,0.655191527836821,0.12303518287260981
0.9822012262329696,0.3725749669754594,0.7192636869905651,0.4169193731576595,-1.153648270046215,0.23088484894867872,-0.49461153124379176,0.8071075555310827,1.2536299900942411
-0.02498849356148565,0.9598317548488463,2.617676220126285,0.6044421850805723,-1.7169232395588874,0.5785305799226783,0.8548017256369354,0.407831848271835,-1.054053355120727
0.344553955856449,0.7941993146797733,-0.8365210685636282,-0.27893219189001905,1.0607246782071063,1.9747293343895842,1.076607969372683,-0.43096097271324496,0.3207175575464008
-0.6174847025903328,-0.1092424721593173,-0.997510942003872,-0.8457434318008452,-0.23766007496167757,1.3514012265585336,0.1362488110907418,-0.37909204774123745,-0.5311821056246394
-0.514015732231195,-0.18918397102912513,-0.8277414783076716,-1.0264220987503347,-0.00792946719738019,0.25952061416697547,-0.08119947411123453,0.09691103748847799,0.3942393720598049
-0.02498849356148565,-1.0485709509272785,0.33414847192081526,-0.4888278638560887,1.7627333152317222,0.855318446699781,0.015831044193979137,1.1996468297903151,0.4408254569808135
-1.4789351303491027,-0.055041825802193495,0.6127442059078856,-0.629552701574723,-0.00792946719738019,-1.4150889627555312,-1.1858079017697731,1.256926586068726,1.3894440572285172
-1.2257984859792828,-0.6572855839502579,0.8091051410679561,-0.42010909467626084,-0.00792946719738019,0.4684385788210527,1.5826740139687154,0.06244535793004112,0.396768387692391
-0.7174855036985107,0.1405811748689161,-1.4756011881177709,1.4471735685397582,-0.25175052803158743,0.3047345120664024,-0.5631216000554109,0.492728316817332,1.2338858367542025
1.4528443363449037,-0.9941107092818294,-0.20624631339562613,0.29101419021435965,-0.9216701447216115,-0.2168764616176303,-1.2565365482478177,1.1944620452544745,0.4385363345462598
-0.02498849356148565,0.633994343464076,-0.4836367304227093,-0.3353299553124961,0.16332075593048317,0.15016960350434683,0.369134675534925,1.1003028729323716,-1.7518410487491092
0.7177918773851643,-0.7725368736835259,0.7313056046341669,-0.477503024362796,-0.4588833589811318,0.8881856734246365,0.6012265116117338,1.6099622180872228,-0.24920731148178793
-0.6408558137885472,-0.098422801887352,1.2578088814149182,2.4168623235858946,0.13415994923983404,-0.14152620649584843,-0.38568327895541243,0.23001714018072456,-0.7999532644522295
-0.02498849356148565,-1.2415043373212684,0.12146416472999438,0.08644108710345476,0.05241762106534412,-0.6017100823803048,1.5446523061711153,0.9898608650437619,2.0741997339511613
-0.02498849356148565,0.7689226655742519,0.5170674046502144,-1.4042652877390605,-0.00792946719738019,-0.4671619466340138,2.112513731225648,0.2559187555808314,1.1829232257720808
-0.02498849356148565,-0.4863304627138948,-0.5027523581077393,-0.5859699046940285,0.5408998471321614,0.2732893836001901,-1.1692682636365903,-2.223501812011176,0.05026691026644567
-0.02498849356148565,0.61179486787871,-0.021476981564181062,0.2070593365013011,-1.588777542917465,-0.7718897092120618,-0.8844168783491233,0.6631308428551522,1.4427107787336444
-0.02498849356148565,-0.4712514538933845,-0.8655268965372045,-1.092457581371492,-0.00792946719738019,-1.4739232076545083,-1.4521884026845977,-0.39664575116342554,0.2604755095082318
1.326660004166836,-0.361827138263906,2.2937773005092055,-2.3939186238473376,0.11944368320201877,0.43828209183135075,-0.16400066615377332,-1.5740826777797712,0.7269126335101662
0.012959168087747728,0.7590722071131796,0.21307059931244654,-0.6126178415607059,0.2777965546353417,-1.1693166720605812,-1.1072516202287215,1.5563734439944077,1.039605907628115
-0.36730755227863027,0.07453991873997637,1.389097744243328,0.9997599723518089,-1.8725063703857576,0.6402845918374908,0.0380506545607707,0.7692282245574802,0.9406929052363019
0.6740714072747341,0.46526029768306487,0.5703553202567894,0.24128175832609405,-0.00792946719738019,2.6598753534045576,-0.0937879502373295,0.1993119461287456,-1.0332065375856758
1.6394840538207374,0.5098548823786664,-0.7295812327431078,-1.0500420344532044,-1.1690990161855979,-0.33148957788697003,-1.1194630031675277,0.5342944437559489,-1.232613422932266
-0.6590573915622978,-0.2508845014684805,-1.5819683576979562,0.39159708521991393,0.8100442971460069,0.2911412669531337,-0.31696456446059884,-0.8678415816617749,-0.6667201401508995
2.048961757430641,0.758079184610962,-0.24895760844476508,0.5469273801144461,-0.23221087109858973,0.434962118809482,0.21088613958269153,-0.43636679614542445,-0.2715430604552427
-0.9591348486709137,-1.193114056964521,0.3859560058489112,0.3812441906436878,1.4175253617097876,1.7847219651292718,-0.19145458228325749,0.6250570359460346,0.9988180948682097
1.1768096203503664,-1.1052771641549344,2.177477082379079,-1.1265539320901785,-0.8906976542912072,0.9179344500332126,0.531041564695185,0.6225940136695503,-0.10714198754686294
-0.02498849356148565,0.24521661231745434,0.4972182450377457,-0.7696194585655968,-0.00792946719738019,0.7672304578632797,1.9031678171516944,0.2607388666573988,-0.8462046670900579
0.4511849556948479,0.6688513235468283,1.0576450226482876,0.569552266202324,-0.00792946719738019,2.116195101697258,-0.6339025087747847,0.7040949182304527,-0.5396716298021887
1.2139997906176445,1.9037620387177097,-1.0806443073801242,2.050544799418587,0.7402841378712833,1.0070945026031972,-0.8985395981568831,0.20134375754610176,-0.7648417709825581
-0.3963587153403816,1.0281224081419824,0.05078216464161145,2.5522744139357783,-2.074137445479777,0.6696345286353398,-1.3167812231141653,0.022348242779415273,0.8437182750941837
1.6362918106925868,0.0910281614874399,-0.8986711231788718,0.41744458886488023,1.0491707234529701,-1.1016271211758661,0.29926515685405713,-0.1904040936413423,0.2184414151910931
-0.02498849356148565,0.5569874872149827,-0.3494314393339526,0.3209240078404401,-0.00792946719738019,-0.06319353876676159,0.7967117744900517,0.5391729513577453,0.03444131151231775
-1.750607716501577,2.4773274145363477,-0.6872483137685903,0.3675844037856631,-0.00792946719738019,0.17292637030673674,1.2955806074646776,-0.4011125869260789,0.029251440882652455
0.8539381516950573,0.09919903047431043,0.3492561798175884,1.3832388772524788,0.5614381687750722,-1.2281753146972256,1.3890007442842305,-0.7730356425382574,-1.1249734922003465
-0.3580468432415655,-1.1489485840715945,-0.3473415447358633,-0.2840375649210197,-1.5965075331848138,-0.408695530084002,1.2234081249569302,0.047377957130081395,-1.537283084630138
-0.37725353259568195,0.6948619928517706,0.14748802771141561,0.027102379538914218,0.7091399775271612,1.9964518578949084,-1.0824334726738472,-1.6587566088477919,0.32500591687336167
-0.02498849356148565,-1.9314445156586069,-1.5131104935134787,1.215067741377343,-0.00792946719738019,0.025629686027472683,-1.722903334980045,0.5485190589260283,-0.33695602660594054
-0.02498849356148565,0.1422612245187675,-1.0836398506063172,0.37172295016491436,1.9799866120080443,0.475300776373546,0.26035970204815306,-0.1752712495391854,-0.26386896698361123
0.09525176235228018,-0.6564101083642094,1.4967263113369673,-1.097293022410629,-0.0360542345495064,-0.18672985602943337,-0.7970682318863503,-0.3922775335822796,0.46591557605659983
-1.0104702869613116,-0.30613578745730824,-0.3897875856816321,-1.273131491794218,-0.6486962358060983,-1.1384930266685138,1.02091169197437,-0.4383774250750767,-0.504048200382717
0.30729306634736425,1.9933328357886093,0.9956815147047013,1.4417834055525975,-0.00792946719738019,-0.2699979550815748,0.5214142494292895,0.019261286246605166,1.061166475509289
-0.8786939290786119,0.49267781983287795,-0.30404155858654985,0.8396556923631091,-0.00792946719738019,-0.404581316514974,1.0241128651568656,-1.0994963776053546,-0.761509082163799
-0.5996836229644822,0.38328740897617347,-1.1475639413499417,0.9154795312500321,-0.00792946719738019,-1.2660804627557145,-0.3087170175182035,-2.1387484044701854,-2.6998940325501253
-0.25396557460615315,0.939320843499573,-1.6015164866214018,0.3579916581573435,-1.3911442017419486,-1.7755134007479185,-0.7345229242602472,-0.9380484747258787,0.14755073530753382
0.2565161608673818,1.2091107931083795,1.2207467706566613,-0.1858965608492536,1.7262743420165347,-0.1781751820463667,-1.2360526778659437,-1.417547359273283,-1.0335852588515981
-0.02498849356148565,-2.449772063533302,-1.4035622554670442,-0.5128318718312402,0.67239708438855,-0.1360474227812473,1.6771734510168304,-2.574424434100959,-0.22331327912963764
0.27899844268448537,-1.4292800552925051,-2.0738859543241173,2.209153731540395,2.0582990395178142,-0.886440656834592,0.3416235492266847,0.5477129602209799,-1.5697853373463189
-0.5829243464533214,-1.3395863385627635,0.2644596397532202,0.6915888445210648,1.0906101061926796,-1.6465796435479407,-0.5383237705147785,1.6195427633937591,-1.0518652171939058
0.2758376843130885,-0.40900680302110604,-0.5544862300931236,-1.6224363469273528,0.0739050719769924,0.33680386659953443,-1.4040592411707615,0.9227010725285811,-1.8922405295986335
0.04930956101612023,-0.1573399001487937,0.37023337450351346,-0.3388911746159314,-0.45100478480854816,-0.08623903093577581,-0.42659749715675244,0.7884076759411671,0.7113962252721431
2.2814663726352253,-1.5043122499096644,-0.4206422385837,0.175222802835949,1.8366600471438692,-0.19594548304246331,0.26477222149745466,1.483708560229836,0.19694191897540034
-1.2020744529067704,-1.7435201024312421,-0.553703864923206,1.8772474810529405,-0.15907292791013028,0.5864179620255938,-0.9235926692825852,-0.6097637366997686,1.1175218241183498
-0.33213652673957145,0.28788352060235023,-0.27876154396973213,0.0243934906682244,0.3434192218470713,0.05508626705306448,-0.640753308919468,-0.5822087042022133,0.017241976409714563
-1.4226435835698104,2.4102550518705237,0.49554807533009737,1.981951023854458,1.5027326399402257,1.1012912492161488,1.2435727129461716,-0.31805655964191,0.5066449827714969
-1.1875555412567687,1.125900053178838,0.3562672811060194,-0.38461749572286347,-0.00792946719738019,0.5913656360587902,-1.0592741260542382,0.9673611924154865,-0.26306787683723504
-0.3099560205607587,0.16417801362087,0.24648118590019477,0.5328356008805766,1.1635996676370013,-0.9959118972054752,0.8609178760532317,-0.33232075748674833,-0.7418829030036722
-0.698547019139581,0.11332822191975798,-0.6537060252955527,-0.47751981522209613,1.0480675352006525,0.22955511753830712,0.5509145552159499,0.3880550436738904,0.4417848840180184
-0.02498849356148565,-0.10819822496730122,-1.2664373750873974,-1.4009653391262218,-0.27447066771461653,-1.1705031390686744,0.2835988448631829,0.8400900177002897,0.9550858649834335
1.1450192902772218,0.16100923894752342,0.5148619490353333,-0.10805717961453365,0.6085773894338609,-1.4589709057112588,1.0559746099762977,0.15195262465797274,1.6840910268873532
-0.0859740634961905,-0.4886884754242423,-0.7664925767227379,0.003120490555025325,-0.2501838819743292,0.6869285848270741,1.8705888492539517,-0.31185664863863044,0.2827219198567353
-0.7524773790762533,-0.5699058308587572,-0.3564309121857461,1.9779482990268893,-0.00792946719738019,-0.3215367246863793,-0.43386805163255804,-0.35408994329594345,0.9058848087158392
-1.1376523601296573,-1.9369730837030243,-0.7031013520479921,1.52224754529249,1.054385209600726,-0.09456315998539269,-0.41662992423413026,-0.554648423467566,0.03460903447937005
-0.09263301165261958,0.27903742933704484,-0.29096098251798824,-0.3940785052144446,-0.00792946719738019,0.6157524639694621,0.4409179347997933,-0.802970517377446,0.611465597202036
-0.02498849356148565,2.4773274145363477,-1.236859238611482,0.932225014016895,-0.6141058993366705,0.5205449204017908,-1.03984345666209,0.17209444897460519,-0.9099471284051143
-1.1463183857308266,-0.9702752914352601,0.8134077475789789,-1.0359441961465736,1.2043568531877757,0.7860778101262476,0.9324514574751271,0.9030775908647245,2.696183899386438
1.3276192624087404,0.8657628675508883,0.10708613076084031,1.1866311487417653,-1.8793946303633637,0.503183963842971,-1.4064862670083176,-0.43802850941735083,-0.4409142465855628
-0.21014770538773028,-0.6027938067964242,1.4575237299790642,-2.5652232910553825,1.160760001294902,-0.46029004191417516,0.9333433051585459,-0.09450706230090702,-0.39353146248718474
-0.02498849356148565,-0.9308068422469372,-0.8391129385204491,-0.21422713074415473,-2.0390856743746375,1.3833097418365297,-0.1257626995223735,0.7287997756974428,-0.6791859072107475
-1.0369300715512624,-0.12791164153734866,0.09508128692597526,0.4044344425743269,0.311526625818127,0.1617552101785617,0.29451228615124125,-1.0448602418435515,0.1310796052443446
-0.4013306250000597,1.373276849289929,0.87011478607043,-0.23130825693855722,0.269494627859402,-2.0206632959370667,-0.2088761066305327,1.7426113057067787,0.6945061623432965
0.9362444104825761,-1.931016941977159,1.3491698946570652,-1.7319601412989205,-0.00792946719738019,-0.3648747804453952,0.053881703923331435,-0.6970880925540379,-0.02743704714420174
-0.9027691799049639,-0.3880589547107936,-1.3840321932001782,-0.3844167818632818,-0.7651275856185819,0.1936403204909094,-0.8674387605664352,0.7260643722357591,-0.30868944930660847
-1.768064485098164,0.0905694028489355,0.5962160851486981,0.05353826584684919,1.2096065832212681,-1.4301141601731506,-0.06352495812274056,0.024245291022433252,0.4677664967315905
-0.8350258920739965,0.5336627754590995,2.2981892247251356,0.5072861219499779,-0.672850579656908,-0.8653390697318617,0.4177766338556684,-0.7727166247257657,0.4346292530050013
-0.5799419138827081,-2.0680336179864094,-1.427847837397293,2.0221259254393544,-0.4154594133155124,-0.3368010508435842,-1.0501111179823541,-1.4869542767438804,-0.03631647324591825
0.0013395037797143483,0.6111606332931129,0.3428691687542519,1.2870956861237124,-0.37976380173070645,0.06594587063602911,-0.4003179797603789,-0.1492364011170691,0.43791076582355754
0.8297074899247266,-0.2551384128645826,-0.2477465469823085,-1.370207582108647,-0.00792946719738019,-1.190728755652009,0.2521747188819739,-0.5524757842226903,-0.4216571662322787
-0.2857190449047484,0.8159683401335907,0.38095356189152163,-1.390661899565964,0.1839577362190259,-1.351220360843425,1.5821996477334095,0.41500187423538903,-0.041030049905070615
2.308286324677278,0.9927057984792933,-1.5947548437139776,1.7762294575184283,0.42725081282276456,0.9291578473164621,0.3831496151849326,-0.18144554990557096,-1.2089351086437334
1.0799725869973658,0.6258637604068515,0.7975317110750877,-0.1275341074112775,-1.2211812097680728,1.063839573373594,0.6041613412402652,0.8787015199639207,0.11134799960042192
-0.37080359580638855,2.4773274145363477,0.4028274916314272,-0.24794972827201522,1.0754473390006003,0.8934028604891229,0.7156063869182075,0.8439270752605628,-0.4503146435314134
-1.5998480335746736,-1.559165946364986,-0.21004838393079092,-0.5106496692540023,1.1417907527323568,-1.0001824035532727,0.3151523509723282,-0.6059970869614656,-0.408632568540231
2.308286324677278,2.4773274145363477,0.767687581977221,-2.5652232910553825,1.4731142593930684,-1.1547396844477171,0.23643744763026156,-0.07300074453543236,-1.174501047799414
0.8023483911084471,-1.61315259092969,1.6420194435849413,-1.6640247061144673,-1.1334635430878004,2.251260528981876,1.8457970290701498,0.024245291022433252,-0.7103546075184143
-0.3832789256841068,-1.8290378156345284,-0.3322639977248541,0.1366600846894389,-0.00792946719738019,0.8095533071568429,0.6460396280961457,0.024245291022433252,-1.0064270190615108
0.40354568412760017,0.005659705890659206,0.5852579541433405,0.15902276433644447,0.3801352044732253,-1.2199726016373913,-1.7603988539139954,-0.4011865862571048,-2.0277090954228516
1.2218651868524582,-1.5038586125680633,0.015933731718864537,-1.076963513517826,1.1555314388672204,-0.2359683994152131,0.5083157734683831,0.37911658007885296,1.0386006095130702
-0.5815221079358364,-0.5015725780340387,-0.9529845287355014,-0.03863928020724078,0.42653654499650534,-0.04485938465093031,-0.7439053060193103,0.7474894608821929,0.0445641831897136
-1.2574719486236694,1.1253287410381778,1.809152491492145,1.120954492939344,1.5147522074302666,1.9428502634769425,-0.6031461341894438,-0.7150578727725478,-1.3953893031025886
-0.8428038893487322,-0.5556785729491419,-0.5358895915801094,-1.1842743693428048,-0.00792946719738019,0.5966218784865677,0.6768560543175874,0.8535028100568804,1.3864726308321622
0.07216182520516094,-0.8955332306056081,1.0283375021108532,-1.060418926119905,-0.00792946719738019,0.14033110850487648,0.41250638411648227,-0.29024833687213425,1.2714146966936266
-0.5256967157177241,0.03306731038291029,0.1651898143278768,-0.6514121137263821,-0.9542763198887677,-0.3341254857476614,1.4133982484235141,-0.26627007215075793,0.10158895167477598
-0.425595094357015,-0.991164549798909,0.25637502090182746,0.31339864341164414,1.278714229973476,-0.7294675931019378,-0.45786476501948,1.978204685344669,0.22535011480286576
-0.02498849356148565,1.0392921374672588,-0.24160858634920318,0.3041724126241484,-1.5350268494193697,0.8250790552827241,-0.994473580310941,1.228140786189677,-1.0941570246892398
0.20144141174004065,-0.23707357057770073,0.9291002225955427,0.21355477577325965,-0.7598907439588302,0.49382149133696357,-0.9860769734683464,-1.242627846574824,-0.2893602431700602
1.2807786933536076,-0.20196393076271474,-0.9876011107658398,0.006876440267252097,2.0582990395178142,-1.10073547411101,1.3273065116238516,0.024245291022433252,-1.172931275400144
-1.1098505257937998,0.6917067693741327,0.006748389314274122,-0.449123518225212,-0.00792946719738019,-0.16707186782630265,-0.49616841569023323,-1.4279772594066409,0.8155050896107049
-1.161240138679816,0.7230461278495149,-0.12414214611963448,-0.19821405041763457,0.6975698318870528,-1.4333982878185716,-0.06707763557690823,-0.5499976743995345,-0.20780586038237675
0.14670535726721873,0.5039261075936393,1.9353500168649487,-0.8336737218414133,-2.074137445479777,-1.177171731018129,-0.04560974769322115,0.2581511307485555,1.1454072082902857
-0.03965540147358597,0.7356359350441382,0.5292385052663282,0.13863264675129586,0.00842686552080105,-0.5848219625090982,-0.2970734511579393,2.1190818290405256,-0.47874502839375843
-0.0664691369380975,-0.5701053146020957,2.084145734238859,1.1536381629186099,0.12001558447388173,-0.4080452760753171,-0.0009484048274752732,0.5876240957407818,-0.4234497261774571
-2.3040117222359413,-0.5858998852951978,-0.011608094655726393,0.1506784910253296,-1.092389201373369,0.26533631007640046,-0.5543083119232929,-0.20522905322585933,1.250562976917392
-1.24352264597437,0.4770247010274161,2.617676220126285,-0.31064690130563033,-1.7166209647576638,0.7507319265835912,1.6790787994438594,0.27412951674374963,0.3616639222638391
0.523889848665094,0.01220364409260292,0.31937758990795573,-0.3770241220946493,-0.07321402256887025,-0.6706330094756294,-0.6734554814068143,-2.574424434100959,1.4029723788941781
0.7586977707530687,-0.712644680265991,0.6081576286990015,-0.3159036433787453,0.6640542137767556,-1.2049688578700333,0.621036145904415,0.024245291022433252,0.8887488170239629
-0.02498849356148565,-1.5860623232751312,-1.022773174804832,0.4955163997615591,-0.9397983359380421,-1.5970031646967138,-0.4685572068718081,-1.0898564857124322,0.057693747822664225
-0.35969599498029486,1.4045363332411138,2.617676220126285,-1.137114767372315,-0.00792946719738019,-0.13003419144660217,-0.8014128301842895,0.28002341664529945,1.722673543316106
2.308286324677278,-1.599407692189525,-0.6803669555181212,-0.3350228351189444,-0.00792946719738019,1.5986834220165909,-0.6657309639960419,0.2215027049312762,-2.175300720558091
-0.3376722649382271,1.1611950971831482,0.4122541972614629,1.7030174687357968,-0.00792946719738019,0.7977411929980345,0.044221929107095256,-1.2893493536302367,-2.0858271688032795
0.44840888703143167,0.26405632328189077,-0.05886198993456871,0.6747570771973065,-0.00792946719738019,0.24106635724591582,0.6374515197806013,0.7592840422493445,-0.9997202694112459
0.84638189338244,-0.4455073174283703,-0.4532549974981689,-0.2719621163323667,0.0788438767305873,1.8051922942255205,0.26962891193870175,-0.19246614651566932,-1.5230700823706098
-0.8067191664034592,-0.18392921117759192,-1.0758444017276991,1.159459066375731,-0.30701734507568423,0.9262483306677258,-0.5655771696897336,-0.7939001100378729,1.2194383011605803
-1.5966004460497631,-1.5853675944640764,-0.8277574874069069,1.7312757861526344,1.9023225182188035,0.4158206693976659,-1.1737268494790922,-0.9111533295647735,0.9525420644555019
-0.39861520236180675,0.04174548066956103,-0.22228690913570612,-0.17508253037156665,0.6311882143889919,0.5843499507503643,-0.984617285341049,-0.10783521652377939,-0.20347938949871797
-0.02498849356148565,-0.41347802426052416,-0.20032746497437465,-0.22127158280272488,1.5430418836437492,-1.019686217650797,-0.9600173065857919,0.34929039932919104,-0.09419944852989492
-0.02498849356148565,0.12155738071816273,0.3851415442603401,-0.019289259652995185,-0.9190880695736768,-0.4008991468848271,0.5624630292302084,0.7457220978684296,-0.879423964983719
-0.4722443751469224,0.08470872672854168,0.745411297228149,-1.6202023563611883,-0.07714712119219326,0.2848527392608095,-0.7998734065696255,0.24913352636063438,-1.3005496967385843
0.5035003355459433,0.011165171094355403,-0.3496617195226473,-0.14354294693083483,1.9065729146577104,-1.101763062200233,-1.0729457206492519,0.6682463797512438,-1.591765047993215
0.9048052094843437,0.0598233359658371,0.26780251771924024,0.776350099047583,-1.745491254327283,0.3811887557730274,0.3915689811213474,-0.12202416672353265,-0.2634858278569906
-1.8707379257010586,1.247870202190489,0.5577754585308724,-1.4731004209215928,-2.074137445479777,0.3868362181254555,0.6113690582589368,0.5006271998543886,0.47495907910124735
1.2640123769770581,-1.2271396403402073,-2.008840462166942,1.100675355612225,0.751766146189317,-1.5933728877153992,-1.4846729791384743,-0.30407199259190526,1.5717680129385057
0.5452552500203727,0.004937841082506428,2.380751643660939,0.1281117556939841,-0.00792946719738019,0.20559123792088022,0.12987890605305216,0.024245291022433252,2.696183899386438
-0.2253745037386366,-0.9403805674021377,0.05078751341272943,1.1309773578523088,-0.5032699229967348,1.2718386234451968,-0.44083605856521524,-0.7003699804272593,-0.8372534063536513
-0.02498849356148565,0.6557269300421843,-0.4704046302134221,0.9374054121253875,-0.00792946719738019,-0.21286447434454345,-1.2456392368112517,-2.574424434100959,-0.4589830883534148
0.6053450262857999,-0.867332011661778,0.7759827947549679,1.4175862930905507,0.6620953067254328,1.1459821542938475,-0.6961307279442271,0.8787813059461524,0.5577519026473067
-0.02498849356148565,1.2207866963563414,-0.9412922482330267,0.9099584874413194,-0.00792946719738019,0.2542687490887475,-0.03443785249054482,-0.9490845151783408,-0.3846660012862385
-0.02498849356148565,-0.05072352370772595,1.2701165984447802,1.5546473411682653,-0.00792946719738019,-1.7501489847398697,-1.1832100792122822,0.36231041610820336,-0.9417387899006442
-0.10110423184972765,1.7510190818296667,-1.2709849795960708,1.8364608787792267,-1.5250234027637606,-0.7225659056202097,0.8878533649637105,-1.4709261798078854,-0.8823801232078881
0.8003383399359725,2.4773274145363477,0.8133123036081913,0.5510769383548227,0.0394633304322263,-0.5197226994369087,0.9761403256154765,-0.13721460383729933,0.26144010242952065
2.308286324677278,0.39690311477940093,-1.1825519612161655,1.931354528926231,0.5321802792793153,-0.41420453367307725,0.37944715642037896,-0.019088008426399378,0.589359185282625
-2.15007879715187,-1.554071891685829,0.2570661802504803,0.07692233219379545,-1.6228296531990194,0.704707280263693,-1.1227711811235472,0.24313501315567637,2.5749857111313648
-0.6158845543932912,-0.03157387948568822,-1.0353339609582544,0.47810535964035344,-0.00792946719738019,-0.11214780341919711,-2.0815246388049506,0.27416357776585026,-0.4494625011575441
-0.24288197357610666,0.8374979191633855,2.26482970211603,0.39158826714210754,-1.992621698903379,0.4735465759561244,-0.33403369510523884,-0.3418429590684537,-1.342789348104691
0.2347158047011941,-1.506912732790382,-0.8843101217455807,1.25276889756263,0.4693173590730734,-1.3761423980233656,-0.23242567587119178,-0.4844929148655287,1.780888575259755
-0.3380994868931313,-0.6203404082624804,-0.020850155243419016,-1.558953291998065,-0.00792946719738019,-1.4532865320994455,0.020954270390138887,-0.8846348515099273,-0.036948283338503
-0.11452192755811674,-0.9925864653942731,-0.18509911496296244,-1.2666684275502758,0.26336741446397394,0.5304431698670345,-1.1996634091689373,-0.040864994762887775,0.11332258893481446
-0.5787656085680849,-0.2618818658578644,1.3662114407025816,0.646421938414587,0.2621158369960368,1.2070654615699434,0.0682818044602735,-1.2512945006270588,0.5650614044841625
0.2226369457738348,-0.6290324407656753,-0.6236861710703214,0.5959703658005143,-0.00792946719738019,-0.8966561330153373,-1.1007273116588547,-1.8801678833962558,-0.1848717102061807
0.48941364684801714,-1.8506257054505126,-0.616679161186315,0.34733389281142785,-1.6277535256867144,2.124064677502299,1.3929880430001782,-0.2130412466454683,-2.3417200972346772
-1.0476136680910173,0.25495699411119294,-0.6292215130533966,-0.9742996340935718,-0.5520093624603485,-1.0629242463336481,0.28649686185014783,0.46261409986443447,-0.6400327416513196
-0.02498849356148565,1.1761934490611616,0.598840728503294,0.10421225327925318,-1.0088181275596402,0.8110859024782048,0.548687880538441,-0.5063605024604374,-0.9848289150699354
-0.02498849356148565,1.3834086693748717,-0.23574547012040425,-1.4315657588770845,1.4885356005900163,-1.241458414842115,-0.29671893399010657,1.0945689701278543,-0.6554964238756662
-2.005022501256555,-2.2673769894197595,-0.46412041150085925,0.9432741607984328,-0.00792946719738019,1.536973454216209,0.4436787826818826,1.65785688098916,0.8477575746585818
0.237953061840617,0.1450099246141642,-0.9419719212655507,0.40559236816779065,-0.00792946719738019,1.6901699094905642,0.0681563049034637,0.5225913482325721,0.5801426836140331
-0.08091384201560195,0.901880465138315,-1.7597861222003346,1.9158847246793969,2.0582990395178142,-0.49713427432821633,0.4938333408836583,-0.4447282699276734,0.17498577882285576
1.8163816154306471,-0.7299643411420271,1.9439789783168175,-1.275619987807474,2.0582990395178142,0.8317460490875759,-0.4145957738353874,-1.15837201171036,0.30722881929596946
0.06231580805075519,-0.015782112711711756,0.0473150786637545,-0.3104964173686262,-0.00792946719738019,0.7316863501343748,-0.5805027885230046,-0.5708922984597534,1.8526143662614072
0.9421550150918169,0.6798311474309179,0.7758154637626438,-1.0271449273177249,-0.7383496299358534,0.5698369603375356,-1.112578235111824,-1.0745941228045905,-0.3157658564933646
-0.049465777479649274,-1.3603843135872717,-0.19125268321444322,-2.5652232910553825,-0.06628577759934302,0.4265961345467399,0.3826910698042919,0.21720540661644563,-0.30429765316456614
0.42652643587780475,-0.2479438777740321,0.05495194228904913,0.9522130012427167,-0.00792946719738019,-0.41285978990107325,-0.4299480166305973,0.4537419272962509,1.2839416886745731
-0.02498849356148565,-0.44980830318853315,-0.4837365182343555,1.7333554026151472,0.9044765533529753,-0.8378340015026284,1.8418604436805726,-1.1145399583652629,0.2712381663275386
1.53394618362789,-1.0379428185060695,-0.13569107077284048,0.37959875194926335,-0.41348272433440697,0.010315476518702921,-1.2454862423230268,-0.2527632078119604,-1.1006127148069904
0.1748871313162224,-1.6592266615619342,2.617676220126285,-1.5205699602993366,-2.074137445479777,0.2595089055266293,-0.5161591712577156,-0.3684859042381563,-1.0342957119178193
-0.06935396069354711,0.5115400873119235,0.9191496691115792,0.34692361024951496,-0.3868946756448805,-0.6038236927913855,-0.34556783773713856,0.37424633251113626,0.03903683537499658
-1.2819607666922337,-0.6790266022220027,0.7728941494111572,0.945518752758602,-0.5226269871490672,0.684440429441911,-0.15386969841384462,-0.899053134205663,-0.5531258427910288
0.6794542745239236,1.3955804378751224,-1.4423477976079764,1.739417726230654,-2.074137445479777,0.034022393927913105,0.22985022870882038,-1.7192288094658463,-1.7239377269837355
0.57951521199945,-0.4503577193264177,1.4570219244911693,-0.6087512745852934,-1.4776142660194123,-1.7698100709706917,0.03681348979513341,0.5559868461528467,-0.5951973704234966
0.09491217438402005,-1.4126564215136204,0.20238746291737106,1.3359407670537562,2.0582990395178142,0.48913739378766863,0.8147739174841616,0.7265351483982514,0.4012357686691497
-1.1191833807383251,1.0115931035567804,1.544292269764977,-1.7918342252343524,-0.00792946719738019,1.2549213436000695,0.21144519840022516,-1.2688002307294581,-1.502111375947222
0.5176173075944257,-0.052985084459938554,-0.9525572987751069,-0.984470277449476,-0.00792946719738019,-1.3092636513342717,1.428448150675273,0.024245291022433252,-0.0625889561649628
0.45297639110999993,1.0616810893413464,-1.7075463395079686,0.5500821551015408,-0.05796390284867042,0.8372568190109312,-0.0038587204552839884,0.5027671771408689,0.2830158019205277
1.3232597086915585,-0.496633390789131,0.46713097340113086,1.0754241195909957,-0.1954438216406292,-0.5966239165645418,1.0416344005526361,-1.158728754714987,0.9965450530731365
1.8000474827362025,0.4890568326243499,0.3658562771930533,-0.5984631367323596,-0.537024077126567,0.9052716408471531,1.793114342266623,-0.8714449776313,1.323197643968229
-0.4397839752344101,-0.19113600914717824,-0.00029434706179884526,-0.14172758168830346,-0.00792946719738019,-0.9075462816893931,-0.6450767772264067,0.057654050875649704,-0.691767494220322
-0.6934615300829783,-0.5331629067175125,0.2505443334520411,0.012901180273590907,-0.3807653823885306,1.2522557097272586,-0.23731635077242869,-0.4067965308013095,-2.15563351449067
-0.21624699975338454,0.6295133462456309,1.1744355315546615,1.020230154971018,0.3295282298677393,1.2575938462032887,1.8744051271561322,-0.37671856147094407,0.5040770937451196
0.43833935165718796,0.42489971059650355,0.11097974803892643,-1.0225211130203726,0.32610210596334893,-0.10590289518371908,-2.0064822271758365,-0.17999377429318256,-1.6197763940912664
1.8575962150169198,0.655821912100249,0.3642225819817591,1.7661471854906028,-0.13290968051324642,-0.4033003364713923,1.862939208455478,1.2669883446723536,-1.73853036298366
0.5944205673544536,0.9260538268224153,-0.29602020848123445,-0.5954398286096633,0.7378045818523824,0.5800770264123796,-0.6953686502266648,-0.7332911199063831,-0.4915185037832618
0.7002288267268105,-0.8482397861171297,-0.3329680648122011,0.607994610495302,2.0582990395178142,-0.9492386607102447,0.2876019741222086,0.10904054604433777,-0.2898722704196885
0.25894571814403916,0.07136871219042465,0.27295507949604403,-1.5064978740602015,-1.4100570377207806,-0.7509245018499491,1.287670134217548,1.4069552315047713,-0.7354891830308264
-0.0049720491691692455,1.390930812659039,-0.2944571139643351,0.5885103729426159,1.6138450456278057,-0.615092435110368,-0.3987324278513264,-0.7012832538137881,2.2126344451335282
0.1071570426486574,0.2374545359468368,-0.41126756059527614,-1.0135496347761586,-0.6972670784881319,0.14238360929160976,-0.3866801752044495,-2.2679344350605994,0.9634114118304045
-1.3700797163042067,0.3081948617167099,-0.47852725051484285,2.5522744139357783,-0.00792946719738019,-0.8598391779528499,-2.7316554622756426,0.3739671412248295,-0.15391698267388806
-1.4211807088583466,-0.4260295402579901,0.1802185183670899,1.280931685031996,-0.2239311290726991,0.24347349573310514,0.2753229005539168,0.14826378728342002,1.123386347579151
0.1257039500182362,1.1000387886496084,-0.6285731356077056,-0.6825257729454177,-0.00792946719738019,0.6234300621935351,-1.7167124004456864,-1.9794578622440768,-0.36351002399450877
-0.02498849356148565,0.13261807902643288,0.8676908511914717,0.5339761676662238,0.4558327178057622,0.6282009002292832,1.7617731613219505,0.024245291022433252,-1.2050857124848564
0.49879285693475495,1.357633700503934,0.8465022309074268,2.298913054253694,-2.074137445479777,0.19283066356276057,0.661927131022756,0.024245291022433252,-1.8722466414099959
-0.3699583285685989,0.5164758962805205,-0.32513576365070396,0.5300501214880532,-0.00792946719738019,-0.022286606890668324,-0.5125665076299406,-1.086693292097419,0.29739475150396233
-0.02498849356148565,0.27580354864134543,0.06682734273814457,-0.41730382879838057,-2.074137445479777,-1.4209695739559516,-0.8101619715557805,-2.4620197778812587,0.02360042327292972
-0.02498849356148565,-0.30779842502028193,0.8657300750241358,0.6312878496713166,1.4459643406467546,2.3858237062467715,0.22126709048516816,-0.057115650311506706,-1.9194604364190595
0.8154982582787409,1.3949175355742085,0.18615588301216515,-0.3365752734802637,-0.46901450112556625,-0.20109314977369794,-0.351060722234378,-0.6109274787336595,-0.5083723727114392
-0.7786312428632516,-0.4899771747790473,1.3006767118782323,0.6112207291617975,1.0060460456096632,-0.41690960423597007,1.9229391489958585,-1.0505954615013704,-0.609544543334328
-0.19677986729335661,-0.4505171075659314,0.42058139867818634,-0.12556093024824655,0.6098064694640378,-0.07881910768706336,-0.7447465600655838,0.3318555044684169,0.38223783980828946
-0.02498849356148565,-0.49298171971062243,-1.5487970678854206,0.9872861078544246,2.0260933599093667,1.358222528534708,-1.2190725737737222,1.3846090021000128,-0.06028155784412419
0.5584168510717391,-0.17618105638933337,-1.664562569988839,-1.4714637627807186,-1.3079808026912585,1.0205246971443622,0.3954421195427216,1.213055307530325,0.8124643699787962
-1.0443531298424182,2.4773274145363477,-0.5519186803287571,-0.6645071766248776,-0.00792946719738019,-0.3352834670977619,-0.6120425465505532,0.9909929816158801,-1.3749336765010238
-1.1297297505600943,1.8236535272597227,-0.11079407531344686,0.7929559296636859,0.4646507594077481,0.5477593293145494,-0.23167777393849284,-0.40760307874036966,0.28210040851342094
-0.02498849356148565,-0.4804562081259925,0.9299719320878526,0.5399715627849795,0.8579708928379571,-0.6029611870842708,1.0589033905586007,0.024245291022433252,-0.5658399696783547
-0.02498849356148565,-0.7908561382148229,-0.18861930196774188,-0.15353420795876424,1.0856410339932054,-0.9028666754404351,0.6661871022528572,-0.19907497515171121,0.02416550201798413
-2.3135109346399516,0.3600587430906808,1.32159199721721,1.0581937404382782,1.624715979865608,0.1960493311507033,-0.13607777673454488,-2.3397272565086946,0.28975007848229717
0.003482005982238037,-0.25155233363302243,-0.17064622607579463,0.1978891544663482,0.8655381412162451,2.855501274708992,0.6265430786421333,1.201218740814252,0.5705441811278803
0.04273157841405255,-1.1103367956174537,1.2175276610962102,-1.3147331468705876,-1.3152871619269084,0.17761587176965962,-1.3091567731307023,-0.3015268055169082,1.7953961267577014
1.3890552387521315,0.08046823716296066,-0.21028060106887814,0.27902633551228,0.6207342551772306,0.8278069792231708,1.6604178068270774,-0.1393916931362261,-0.9826886757864252
0.37786174454021737,-0.4908357209098924,-1.166185606916159,-1.3865830043322334,-0.16488320780454238,2.4072741348512556,-0.21164684751482984,-1.7598991722780568,0.6424837657388145
-1.0904376024917375,1.0237067927854533,1.0801542447946857,0.4023387803685893,-0.00792946719738019,-1.4980321424269527,-0.08390723593910161,1.360027434070806,-2.4098371807154613
-0.39514339414671296,0.0733004370181267,-0.09502741295673972,0.9867360889537506,-0.3117126056880754,-0.16176235077961576,0.20187509610059343,0.877956226702984,1.603669559228925
-0.9999792894969612,-0.4471240935624887,-0.479133611107742,0.2591550147225262,-0.00792946719738019,1.5158865731048008,0.3005198909534102,0.9888249489799649,-0.8636764502719048
0.8226265898937898,0.5664287852116491,-1.3518450449562411,-0.5396470991828326,-0.1963952614377989,-0.28859288937193567,0.2534722894133854,0.4176011596016921,-0.9585045059103431
2.308286324677278,-0.1700505774801296,-1.7799583863184367,-0.16411068325209563,-0.00792946719738019,0.9136213182334637,0.09752113371586241,0.0244935670640188,1.2875927152325086
-0.6849159234691344,-0.5629362996032807,0.9944754848781603,-1.0070096334763183,-2.074137445479777,0.5786494376142621,0.761415769106637,-1.2835950368778,-0.3617069375441361
0.7095891494259479,1.1719055651624497,-1.6058022914229872,0.7439066560952862,-0.00792946719738019,0.43995162924072867,-0.4227073089546717,0.157532176760723,-0.17343453983866325
1.438232946963718,0.8064627674580872,0.09187434768108171,0.3049304393123139,-1.2904587408671109,1.6647189339577289,0.34321677637407066,-1.413264729540927,0.3276279506033053
-1.5661053596205636,-0.8513104288587331,-0.8542814874240965,0.7603489152931119,-0.00792946719738019,0.1427182521520408,0.6093412507919471,1.0142874438202474,-0.08501883006456316
-0.3971692210340699,-0.45563534047151655,0.8239378767486158,0.35372651048385145,0.3984623546958429,0.6173990986825139,-0.5946736296602558,-0.9015364059040286,1.1506737227805717
-1.1780540672751445,-0.5822848798928523,1.0891222397680747,-1.6392136672678974,0.4415984760566944,0.8050395915056074,0.562173533030308,-0.5133699039383425,-1.407702437096433
1.1192986585736375,0.6455007599409924,0.10833685237296614,0.17650119476148227,-0.00792946719738019,-2.0275912047596765,0.7556935805467689,-1.2869033448447431,-0.3812080441830226
-0.02498849356148565,0.5950550892190961,-0.2469207868152307,-0.1494796604375967,-1.0973642398175698,-0.6867317342686912,-1.07495736196307,1.2297838097593492,0.8173159400459855
-0.7332113854035643,-0.5943088167411796,0.7655640664486674,0.6676794524962588,-0.00792946719738019,-0.49614075672793884,0.39181922490917176,-2.322087425106468,-1.7713490993425036
-2.3135109346399516,-1.6331172884547358,0.5442315020506188,-0.6682343072326864,-0.00792946719738019,1.7329772714750582,-0.18389256699674078,1.6863013289111557,-0.08682063350025218
-0.08848016329105116,-0.5901172064313203,-1.0922618605880297,0.15781998771765482,-0.00792946719738019,0.16891559756959387,-1.512989653087449,1.0931944360934351,-0.3052464214030477
-0.8301898310242678,-0.660628078931923,-1.159758459390816,0.7925905718818962,0.4666976700091893,-0.5676397319864963,-0.5299324273647186,-0.0733789044402713,0.08213018807648384
-0.02498849356148565,0.5202032580994469,-1.1606847985971034,1.7088224669891237,0.508080657536681,-1.785012177407688,-0.5641946785961895,0.5420913066527836,-0.07926475640315961
0.4226880613461579,0.4206290693841346,-0.017639405113698253,1.538225549050345,-0.00792946719738019,-1.1117890563851291,-1.6626882083835726,-0.17381986881754471,-0.25603261962182355
-0.02498849356148565,-0.17679422075116508,-1.1389043678886468,-1.599326386696512,-0.7935374296724916,-0.3377974330035749,-0.7319541461965196,-0.28809893824140026,-0.6425095418228749
-1.052862837480771,-0.19070137416464938,-1.1291643403677816,0.9082283520810195,-0.6936789516716768,-0.3335892034216633,1.3213819745583268,0.05855869016855319,-0.2733824443841749
0.2444900645290908,-0.3627251271351908,-0.26001571882177893,0.8267832477972206,1.726754750184337,0.028151055318181968,-0.34070282566605614,-0.2587975924812456,-0.016932632087882572
2.229301115886864,1.4270599653294502,-0.806452400609179,0.9911390810950429,-0.00792946719738019,2.1368359955973775,0.22386764857055477,-0.25698966640678195,-0.11403290840135541
1.7946936759041359,0.12934883064568575,-0.23133789446176103,-0.03635253917022301,-0.9424476847494823,-1.1378741998939632,0.7381574823171614,0.32360951686443573,-1.2094674631458293
0.8023664759226522,0.1405026563564557,0.5923484617351825,0.0817001770005919,0.3474796666108009,1.2484722492957183,0.5856010891998554,-0.0060312574537027125,0.4254718772714352
1.3025613517119166,1.8219256852675139,-1.4406580003521594,0.5260827886926615,0.48361673182311576,-1.0280201913435887,-1.9493809332787475,0.7650400065661759,2.023561595927709
-1.1508822449583136,-0.14443344492584634,1.6710474477749118,0.1506019622043712,-0.3269805376108638,-0.5311761479094412,0.5050116471332858,-0.8802792806772339,-0.15022368690330434
-0.02498849356148565,1.894527356166574,-0.959939589416647,-1.3181139814178087,-1.3786540967396406,-0.5181740519407387,1.0764970316256632,-0.5173847802359339,0.024636283272103217
-0.2994985957465914,1.7348462732094387,-1.917360223206437,2.5522744139357783,-0.00792946719738019,-1.0919928652953803,-0.7153864659514108,0.6621873617112002,0.5524139577715648
2.308286324677278,-0.8460540344549222,2.4948159364562117,-0.8011270837263431,0.24710013713143691,-1.1266753879900826,0.5693617730742945,-0.4434289705800134,-1.331753113380283
-0.523939677759859,-2.449772063533302,-0.7505916741794537,-0.18239286065749125,2.0582990395178142,-0.5743469078295057,-2.7316554622756426,-1.14187975095635,0.5123329527365594
1.9865138048003064,-2.449772063533302,0.6174280193350312,1.338344689085524,-0.3244469451179801,1.0830983330316,-0.023941986788373667,-0.4459989607398547,-1.5454454000095108
0.8297139394317237,0.25797717078093796,-0.5365356349719491,-0.18996356107988355,-1.8127009484006584,-0.9999260038660988,-0.5377242863384061,1.142112711549095,1.5114326813357613
-0.6278150251558574,0.9160216454794669,-1.0623734442787147,-1.5394740372159055,-0.00792946719738019,-0.461675164184789,0.09689546444398534,0.6578731121331491,-0.6380206538323212
-0.2551612777061772,0.08951933500277699,-0.5341193424842897,-0.2090326115744426,-0.00792946719738019,0.35861651986744486,0.10528310375394055,0.9773244751770477,-0.1778223375652058
0.5909506769045478,0.9348499464864197,-1.0825069542781203,0.10785809764538794,0.4193496460345915,0.24110658251319306,-2.527619926742802,-0.20750578687953017,0.3597993314213305
-0.11258562796108547,-2.449772063533302,1.2701187943586767,-2.5652232910553825,1.124026965135347,-0.11205063114569967,-0.6572269806091259,-2.131021053373756,1.4201457207130948
-0.31508970134374686,-0.34487861974843464,-0.6588561416616769,1.5019970987151972,-0.3998572017988934,0.41124924082124364,-0.5431590103768607,-1.6466737178322297,-0.5345460750037199
-0.22330517726572613,-0.6146946261528404,1.1609363135288688,0.511880856368197,-0.00792946719738019,0.514521409686659,-0.9364032878860044,-1.2199871139606924,-0.2909193588901298
0.3241836305631859,-0.7489839856242625,-0.4304376947351511,-0.14619755832426506,0.5801146194965687,-0.6165112584492852,-1.1021685667839756,0.16411050871274235,-0.33250558275543796
-0.8814850301927012,-0.88075616111211,-0.3344076145004303,-0.16508076810162417,-0.05908209425413553,1.011877064980383,0.08639799213488038,0.9153423145588505,0.2365308274036978
0.41666662858098,0.2705573019442724,-0.49221817688952807,0.013796974951401393,-0.8501006651611369,-0.6983076530995738,1.0009097764132369,-2.168588142454106,-0.015425933371721177
-0.5786070298155731,2.318134636674481,-1.5627376422573591,1.7906478511768014,-1.5063419580624615,0.8133016797413368,-0.4077341232756886,-2.574424434100959,1.0247542560476404
-0.8614351802643012,-0.3208505881940235,-0.3629902031281363,0.8731974967057864,-0.14660136347319855,0.012677887476456151,-0.29233720763789484,-0.9194024914815293,-0.2991767631133288
-1.3880077328751192,-0.502311227069313,1.2421842087676573,0.5484927482159906,-0.1565345473917568,-0.4637323480797244,-0.09367352827611944,0.024245291022433252,-1.1169066674124701
1.1455608108453534,0.3104559477701819,2.033320087822004,-0.7295562276778977,-1.370160867533256,-1.0131275702571796,0.14275502418472336,0.024245291022433252,-0.7026769043428968
0.08917867778293602,0.8982585831022089,-1.9659944926115838,-0.6769850246111643,0.9074782992561132,-1.6472234011157476,-2.6902190451493087,0.982225352971546,0.059702086168953186
-0.38570927520457604,-0.48069606650062313,0.047188397670370884,2.14591069656943,-1.9700017793882603,-0.9431308095124037,-0.6950209540661038,0.024245291022433252,-0.5080681296682282
0.01482188442713098,0.0072879294971154324,1.732681527121523,1.189681875164468,-1.2502857912139829,1.3044019414996606,-0.1310876600290121,1.2628960277377719,-1.674302566001191
0.8627897216913808,-0.909245482271938,-0.5129344503901906,-0.058364109208603805,-0.3180054468107386,-1.8679534787789764,-0.541459114303379,-0.32779161658888795,-0.6012877431256552
0.41543925881900823,0.10102939617083215,-0.6644746941588094,1.776814302107861,0.8092283282604216,-0.07080430380340584,-1.1450614959746819,2.2020062079679033,-1.3354835411922636
-0.39120859950600895,-0.4132872373736552,-0.8997844078987254,0.8056293120732053,1.2748281874722116,0.8694972124561205,-0.8055687721831546,-0.4974675387352263,-0.8892506878081695
-0.40625900314671454,-0.709382421513623,0.19699276376286515,1.2039922126033344,-0.1011685127746635,2.1018704144137557,-0.08035713769532336,-0.17077154549619752,0.5114103787378691
-1.6668118175926545,0.22266048918858897,0.18169846386307903,0.3417452428746705,-0.29607052741349965,-1.723553341640935,1.1794903965511474,1.2719488422717016,0.5755606975969962
1.7213664107182596,-1.648047341883892,-0.15233397967423523,0.36293100882677803,-0.00792946719738019,0.5473318027822577,-0.009476433751980285,-0.01599383473792021,0.5828105097812104
0.9840262932917058,-0.14274138082670662,0.8444766269524423,-0.9827075982751445,-0.8653240341795527,1.514578792783985,-0.3436324546920565,1.9346944885396686,-0.668781424298358
-1.4872519697451065,-1.1249317409340795,0.6013382565131481,2.5522744139357783,-1.3894005634755273,-1.5434398710274444,0.717529106769055,0.28401070858458305,-0.38136022033932515
1.2345470877255245,0.4516409011641372,-0.7032520233213052,0.5834866839671216,-0.14619976808255816,-1.2823707981032537,-0.6542442033587742,-0.4242684945634809,2.366246751341244
0.8237767549300534,0.20911170389763853,0.6573913396096234,-0.425589630327008,-0.14212906004395287,0.23154552740655038,0.001368730277354219,-0.22190773308336778,-0.7735013157667988
0.24606950264450925,1.9284530686420531,-0.40648893005623676,-1.052554991971678,0.20893541282303119,-0.8978820359189936,0.22627735366839732,0.43394063030045743,-0.2134267209944962
0.2822364566631689,-0.10595333177918016,1.1854077397942868,-0.673813864908241,0.12226247905707291,1.8412461033793608,1.1780514935100896,-0.5792879429670494,0.5301845842687616
1.2994599870460974,0.8309161605245939,-0.32249072009829594,-0.9247499882809433,2.0004429911679034,0.513768877495424,-1.1714290408115722,0.48396278120508623,-0.6448648311376596
0.773335695941505,0.20802267779061281,-1.0225275084388687,-0.5296893762150982,0.9281317927925826,-0.20631675897334398,1.2450735781588786,0.8183418405864157,0.3670172583484821
-0.02498849356148565,1.9968766338203927,-0.29244061645890695,1.046641573050958,1.1379385478557984,-2.1993504868926714,-0.4453710613712014,-1.1473086542929505,-0.3809515601392648
-0.02498849356148565,0.3178408503922129,2.1671669036293886,1.078445825668345,-0.4125885455099453,0.5258645159944492,0.08557905349082581,0.3327909354575425,1.9723820832824386
0.19013860241594388,-0.010077696953868707,-0.29050280280979807,-0.30463517245358046,-1.1372731679446724,-0.10167724974223914,0.9005067389446793,0.20404735272372332,-1.264929924571015
-0.5714354961242877,0.5328363263258181,0.3259682280221633,0.7952966849119109,-0.00792946719738019,1.4718950409086633,1.133642175912815,1.1850980017340975,1.7364154784367267
-0.6843017421424199,0.9285768802607345,0.30895194573554013,-0.27484310795771794,-1.1216319516240953,0.04437316007756598,0.08946489492081156,0.30650018330641526,-0.348196779841567
-0.20846617348953939,0.014838204311432658,-0.9571581961783245,1.567670149105867,-0.00792946719738019,-0.9867709127652939,1.0685290052145304,0.13344313490581317,-0.1718928311217668
1.0678981946216077,1.6328168548005126,0.03885788127020813,-2.5652232910553825,1.052199785281054,-1.0599542296769568,0.1379052121944508,0.8040175730795985,-1.8296898771937782
-1.9052955282107862,1.8718653508940517,-1.5424877063554583,1.2048124229141925,-0.00792946719738019,0.07452525075785556,0.6366261157840379,0.024245291022433252,0.4019104380527324
-0.18821342907783156,1.4271340274623268,1.9852889633995414,1.5205342411673828,-2.074137445479777,-0.624278142677794,-0.8692021781096972,0.4838503633605727,-0.13610838285591131
1.5301470789904086,-0.9624024502908558,-1.2439611458427502,-0.3318177755907896,1.2576193757538603,-0.07212354990713012,-0.275893470919662,0.43170443997563374,-0.35397041258532425
-0.21521938062499124,1.1161425086541585,0.5944400058371434,0.4817312257082519,0.5489147208269739,0.49274039960006516,-0.11814295001002953,-0.09816537912029978,1.236173787772515
-1.3548166966142514,-0.7885931348881411,-1.131292033378151,2.346077822626825,-1.0286257707975257,0.9466182804783554,-0.606071154049205,-0.7693371312188494,1.1840737681883768
-1.7229795065199007,0.752985270882603,1.9394467305966459,-1.5952765743370503,-0.8612907507820471,0.2053995403545291,-1.0209265666037701,0.024245291022433252,0.21394303558453204
-0.6685651897769831,-1.397701713934169,-0.1712788848975977,0.8690985643915965,1.6294944230999298,-0.7854837602616604,-0.16455697343959044,1.964406556519394,0.9621487087374154
-0.02498849356148565,-0.8344126236552678,1.7682623098839767,0.5735116770027266,-2.074137445479777,0.3562477462153105,1.3514607444082631,-0.18209114227440298,-0.49958786694621954
-0.22828066291892835,0.23977053285035416,-0.211434851337602,-0.6489780938576307,-0.9229394880459697,1.4837935435473646,-0.6894987078241749,0.4079450814620244,1.1740814396556791
-0.01585396045877398,0.2660379271527432,0.2982239718799326,0.6071333462084398,-1.6852677920567385,-0.7575227998810735,-1.0622288400430908,-0.4162651052444309,0.3586468482265069
1.0281973995499984,0.1358665233118231,-0.8281576306655507,0.15693526666789517,-0.00792946719738019,0.739850816329008,0.7907217554248162,-0.856315656840197,0.3374071998909409
0.41919949579787524,-0.5684044587752511,-0.43278129304570534,-0.37728091935337404,0.929964174948796,-0.40171630361121824,-0.9126560274115042,1.0169719174946148,0.6933402342625532
-0.8327274149352842,2.4773274145363477,-0.7883450774645271,-0.320446106807159,0.9636793658902261,2.855501274708992,-0.3422752625741128,1.5241234318018686,-0.38689607399264786
0.4955164177555904,-0.33997291905530286,0.9921971458313231,0.5818199457830711,-0.00792946719738019,-1.4031866806827915,0.8914258580072723,-0.41891598722372947,1.6124571900374858
0.9004856635651125,1.1267718683324113,-0.6370614393916443,-0.508729414609149,-1.0332288379915575,-0.38717404230549374,-0.14099438215200413,0.7982901635061469,-0.087342072509893
0.29025246095318236,1.2884821113872156,0.3697007640451129,0.09135511843876835,-0.5371839669025924,-0.6088881771721866,-2.573596221653678,-0.27787085502020925,-0.014506758850886158
-0.02498849356148565,-0.8475483470204911,0.1272201821586769,0.7148698436169675,0.1194689360553207,-1.2031630960666455,0.15526113026649627,-0.5172552531402588,-0.5727340104150646
2.165377114282477,-1.9910578686318772,-1.216347800092846,0.9093967873236475,-0.31454227377086,0.20838230468972513,-0.2688232377140096,1.6783205642466767,1.5165384825837895
0.2890914045484713,-0.04375329605489455,1.2924300273037441,0.2673679150382584,-0.00792946719738019,1.3560616416982314,0.9537230486010165,-1.8149421975227609,-0.5370600023896228
0.8008616376999884,0.2189502902315074,-0.5933473060642502,-1.002961855581996,0.1260217777068583,1.277525647541953,1.271069023816697,-0.38503131100213595,-0.051860689413507854
0.7686591956904698,0.12296764501200291,0.3917233250165396,-0.37756866971738007,-0.6164094627298276,-0.1781296881455733,-0.5643634249893382,-0.42595441131847467,0.6050359057610631
-0.02498849356148565,0.16912222117954598,1.5530090234234613,0.7201023862542952,-2.074137445479777,0.2650555440473613,0.41947397183052915,-1.352443904920453,-0.7440102560494819
0.8935733505488345,0.30477150189326846,1.5295246653727974,-0.44609610584329906,0.4404729510564831,-0.3351320957556344,0.5619353550554963,0.8848812039173708,-0.007138040371946349
-2.3135109346399516,0.5409020200973903,1.3223930854365522,-1.0235091348058662,-0.7994442312529437,0.49545700078718086,1.1986312552537464,-1.0545262742124573,0.23854204139834226
1.2839035732051165,0.09389208583693355,0.3554459079560071,-0.2040752711632639,-0.00792946719738019,0.3463806885274092,0.11922879020646333,1.0599156088593047,-0.6567577030967366
-0.02498849356148565,0.13819014808224006,-0.1501964064103151,-0.1473207670839814,-2.074137445479777,0.3037345855970468,-1.2470683627886476,0.2708016512561017,-0.19560312802275046
0.5790687055317147,0.46603320576982293,1.1243757637142031,0.24701000476011326,-0.640339365183856,0.09131032560759542,0.513688212295057,0.024245291022433252,0.6952049057847632
1.281850281973532,0.6166654744944517,-0.4995832545475246,0.46330380556862255,1.4082469681567698,-1.5605219542748539,0.6067379093301408,-0.12432185694200275,0.5993152918535783
0.04334302791590559,-1.2436392334600748,-0.38376845466536985,-2.2676843138523832,-1.6340311227805335,-0.9851805609955391,0.5198858862601677,0.8554245377351122,-0.6650220018660882
-0.02498849356148565,0.18249076780328616,-1.167056749056227,1.3196824848568491,0.21358195042002548,-0.12034426542739927,-0.051650780786888686,-0.23104050284045038,-1.6562517536355341
0.39635722487172126,-1.1227775081922995,1.990098827020163,0.4440912638637141,-0.6816296733613946,0.9666885014129668,-0.2716508356757047,-0.27929101538312084,-0.5625558848776359
-0.3171471397479795,0.01455525726687268,-0.6994815574204718,0.07762295019934744,-0.00792946719738019,-2.0328090630212996,0.05081461560437667,-1.3552572104077567,1.72005024315056
-0.20594959010032934,-1.3166664441920175,-0.7557851079117825,-0.6753987193061105,0.31129108088992674,2.1573403558289437,0.8871552563935777,-0.6622120741028247,-1.2185316553481884
0.41752808785375073,1.3309518754867085,-0.4527713597804829,2.5388579308298724,0.5846078962743665,1.114933983622957,-1.732543984514436,-0.6960041027133955,-0.810892329529217
-0.2718094692008023,-0.08094194170545412,1.4065951790787816,1.761410699171272,0.35947676809897416,0.9027230714232763,-1.676544161576951,0.021749418973331984,0.09102840179876362
-0.028019707557526724,0.9055980737106445,0.12445704389529134,-0.7890390874707958,-0.40981067134741395,0.4235035912299024,-0.17802570522526473,0.7151398596421761,-0.3679787107762568
-1.978517594650003,-0.13337258487707057,0.992888410566427,0.18674158614524705,-0.1928863500028,1.4759670275898853,-0.9450425379491051,0.40523946468745403,-0.32536416790524136
0.46674744121859385,1.1963183655560983,0.00230821797534956,0.6355642535085796,-0.00792946719738019,-0.36130000634936127,0.20112252107542314,-1.0000329518719293,-1.2006677478135541
-1.552308651308378,-0.15526442309918206,0.16107088564997998,-0.1784233789005022,-0.00792946719738019,-1.3781180436243656,1.2464563926418404,-1.4861073907292484,-0.44856698745670687
1.287630578061933,-0.018753011581485395,-1.2101762762062662,0.47213861509267907,-0.018008221792769476,1.114456031998005,-0.6038218379160728,1.3701357524299307,-2.421255901015693
2.101331839362609,0.7392737075367466,-1.1719277687216183,0.8311227012474034,0.13343549680419958,-0.3452112670350115,0.16869615229456514,-0.34618960481126126,-0.9224745470377417
-1.0954063495332202,-0.4314860828413285,0.6244543601457554,1.5747621348174008,1.4490300491958679,2.1406551352194643,-0.8281894456546992,0.8150325269874616,0.6313521445880024
1.0238926531535304,-0.4204507576734256,1.6683426716512553,-0.63650373814716,-0.00792946719738019,-0.14898447866033565,0.0027529103668242497,-0.6225349353785175,-0.6106548505922341
-0.20070766837713808,-0.007627411882216936,0.3863948595952554,0.04182501418260719,-0.6697527135031053,0.1120279190844953,-0.6573028691216403,0.6507434057858493,1.9497078693670176
-0.16206265059013852,-0.9293582645468623,0.2617913730110166,-0.1760764567633586,-0.01407984850080096,-0.4441084659258286,0.5438107379698986,1.3488967277685142,-0.3795401352743562
0.1538232615402151,1.0225894300309883,-0.6537271404744955,0.2920285140246386,-1.9567274231158602,1.1607088302569217,1.1220370346098902,0.05064337106516487,0.04697835045168557
-1.6761434355734461,-0.316944402910647,1.29014524655198,1.0956707602437261,1.181109895170907,-1.622450356145112,0.1661411531907156,-1.1603262980343187,-0.3374883088611969
-0.1098802241033541,0.45959986587829654,-0.32641545115822374,-0.4853103356919363,-0.8404227930209005,-1.2844040189568788,2.150484081639231,0.36333879488834414,1.8682431016798906
0.197744564124862,-0.218482297333647,1.1978467826875001,-0.5068945932466137,0.2572563713814975,0.809316657657545,-0.5278816366357177,-0.30791651261993397,-1.7039578739568992
1.0821593521277584,-0.14770940305378877,1.1692999871240088,0.6297504482241185,-1.2714395987117202,1.1649138866515598,-1.754129562525377,-0.5363671773175045,-0.5126835849785851
-0.02498849356148565,-1.6633328651510921,-0.6701601178303545,-0.5818419566848123,-0.00792946719738019,0.9730423308517133,1.6491660235642753,0.024245291022433252,-0.6572872709834175
0.4788199310197834,0.3760994720018176,-0.5557899818480855,0.3534660481289655,-1.5039071306143525,-1.973419094748106,-0.7688502602903304,-0.612839581511295,-0.9517288346470256
-2.2338482581353434,-1.8952785342387375,-0.5346414046105579,-0.5329758061460598,1.2874848602980666,-1.026820399425281,0.4256055419842076,0.13286881940379705,-0.379268541441667
-0.05565985711906525,-0.4792391305780144,-0.5262306017712576,-0.1308460473048837,-0.00792946719738019,-2.9129123428675534,-0.8179659203104296,0.37066919962827916,0.6033178525037614
0.968556699260704,0.09610795212204241,-0.6110794475127771,0.6309471832403927,0.32320261411353834,-0.29769667070700734,0.923450733642007,0.6186436180544483,-1.4534629765121498
-0.011303293644602056,1.0387459956189102,-1.0981713687279557,0.45139502131315096,1.8318092636397283,1.6575455904537413,0.4659074148422733,-1.951310721234664,0.40906041027035894
0.858421450528577,0.09015804017140003,-0.9433259949892335,1.4356845396007063,2.0582990395178142,-0.030589702850452954,0.1713970049014221,2.0094706016713775,0.2139190719933854
0.19808807524459335,1.1676830762093715,-0.6929790271192392,0.672565055115264,-2.074137445479777,-0.3068078533044612,0.3297477350172585,1.0074224584111144,1.0501463871960095
0.9632676830402194,0.539755657754566,-0.5063388564577369,0.7797585072281613,-0.00792946719738019,0.5675300968725884,1.5613652862963487,0.2924794441165739,-0.5047890503077738
0.15728660605038178,-0.048382545401149966,-0.437237667779921,-0.6511115294442469,0.3705145953862568,-0.2951893704620331,0.3747754381572414,0.6922431721184721,1.2552712281601732
-0.02498849356148565,0.00018261670992961553,-0.4536247730369516,0.5608195240959163,-0.3131297630647753,-1.4165466709918273,1.344983397610071,0.10647257784275421,-0.592215558622438
-0.02498849356148565,1.2324442915203155,-0.006259241626261821,-0.6900802315614405,-0.06564459745859155,0.1888959375627231,-0.4642188817933961,0.037361591064572534,0.690539287378743
-0.036489167713295086,0.755673790361927,-0.3956199949741983,-0.22719389333831397,-0.00792946719738019,-0.35381058160559975,0.17366592925206897,0.7426413046526468,-1.0835827962408995
-0.05889656058171311,-0.41276129235937004,0.12498996713879063,-0.4076555169946849,-0.3258348898204032,0.5513170540448875,0.567241896490909,-0.0213342981422889,1.0427533679937473
-0.02498849356148565,0.6127509731771746,1.6171070588294454,1.8603200978535401,-0.07891489304200136,1.6566911899447134,0.028220094687081573,1.002729537844588,-1.3263445077846527
2.308286324677278,0.3312096867707224,-0.6891955419686007,0.6754506428043837,1.165596064903636,1.872674471019512,1.0225518321598321,0.9365151667570872,-0.31019088186619326
-0.28612499270285546,0.6995680536222448,-0.645302290372864,0.12191324513896502,-1.0729994958471667,-0.17409140956476155,0.9100567877138876,-1.64175172767516,0.7004645848070499
-2.3135109346399516,-0.3470067523087962,0.07575769759931052,0.6526245467299877,-0.7726134453886001,-0.3491139889805444,-1.3008772727071267,-0.6736836942161974,1.8474877436086499
1.7633178951396422,1.8193250907160934,0.7491213568311914,-0.6564597967184006,-0.00792946719738019,2.4461687676947195,1.2885267018569468,-0.0568888128364736,-0.4254361627939038
-1.3250919888506505,-1.3880005400371556,0.31953657463007856,-0.5310855305834926,1.7847019540517515,-1.4849033795059976,-0.5103583588197276,-0.9542782916273012,-0.34205269354496953
-0.6967361608352035,0.47050985221771013,2.009588452331727,-0.5931155868338479,-0.00792946719738019,0.7781258067915738,-0.7581961053228995,-1.2592222445455525,0.8148325340051259
-0.02498849356148565,1.3566834988097185,-1.1279840181385161,-0.46747141699379896,-2.074137445479777,0.7007585414795796,0.13066053978160344,0.8100184987804495,1.0107225574582863
-0.08180971217887675,-0.8624636825749612,-0.521969162020035,-0.46635132879642227,1.7302680222969762,-0.6799522325065536,0.29398277979061893,0.49878847213501276,-1.758009616741804
1.1821065341178638,-0.040152047706527534,0.30392843757180155,0.7046358748226809,-0.00792946719738019,-0.3494242985128049,-0.5762828962033839,-1.161017682727136,0.6692119812131924
-0.18071898526337377,0.41670647235779396,1.2261420522058983,0.18474131953045164,0.2517374415421744,-1.081678886163609,0.769223703283101,-1.5564671626841275,0.5714641009957279
1.991783386640587,-1.794252299571264,-0.6056018355832931,0.4219690827234922,0.8881385057570054,0.1507615714394339,-1.0178784302339101,-2.0636314958681226,2.0396857935320076
-1.7576698438991927,0.39079738086249943,0.8437043253618103,-0.6487637584447415,-0.9388436437209979,0.37723096875322387,-1.0592631239096955,2.593673959879202,1.023255142507095
-0.5622613018539467,0.28023161458577145,-0.24744331779478346,-0.03657419065772036,-1.574346721453569,0.5742373363470301,1.1678154260309848,-0.12735693143590152,0.6728455790027785
0.5094835336657767,-0.08469315429418835,-0.23423298161422995,0.7769160571254821,1.2910546157366725,-0.6416532281729201,-0.8681169412922906,-2.4235374157802148,0.1981549465506553
-0.26613694975351837,0.12455362214524157,1.740376072506409,-1.5473694823265542,-1.6820850025621763,-0.6215633457483073,-0.5440084278225139,-0.55220646847676,-1.316031617571098
-1.1112012644896685,-0.2589333360798767,-0.6875871249685376,0.7528433231569748,-0.00792946719738019,-0.7873250970740688,-0.6647043153938531,0.5449668136324026,0.5702659990212716
-0.02498849356148565,-1.2887991664262433,2.388465084699145,-0.839060171442912,2.0582990395178142,0.37686066228356396,1.9875454064936418,0.7019987429518408,-1.4396231458457638
-0.6887247286703039,-0.14623292939942628,0.558991651977768,1.2396900674299636,-0.6769523769895388,-0.6356951897902205,0.39154227172870765,0.4846558990667471,1.1903146532115667
0.5429574757091182,-2.449772063533302,-1.1633648728795487,-1.2355800858175052,-2.074137445479777,2.2482623513961606,-1.4317224365469088,-0.015591611573795487,-1.9554466107293356
1.0522349158094988,-1.2135221367863283,1.2830490008049167,-0.23761031473216168,-0.8803829772973708,-0.6096827070980897,-0.28944383846682414,-1.5129724735117576,0.08580919569644503
1.3294849947405794,-2.449772063533302,0.6482171608549858,-0.6245177148617531,2.0582990395178142,0.23552427827064595,-0.07762598977511256,0.780612235664682,1.0263263590652867
-0.3654303681243603,-0.03970627732807515,-0.7697002468075281,-2.5652232910553825,-0.00792946719738019,0.12688892526926865,-1.0474929436787794,0.024245291022433252,-0.2174130041750258
-0.02498849356148565,-0.2759199143067715,-0.9993138990733458,0.11713845408157023,-0.00792946719738019,1.022056628057489,1.2019569956571323,0.8456281902044852,1.7636334408567176
0.2870102644756542,0.9427868627743917,-1.4941617318496871,-0.9053710743263047,-0.00792946719738019,-0.11360999840043479,-1.291263030333536,0.06361499528636916,0.41293610334830083
0.16975906186850095,-0.14566783522495724,2.2669109028923566,-1.1720984141296338,-0.3846619896617066,-1.050647254897707,-0.14020668782109136,-0.7700129567189284,-0.8061409202587448
-2.1074890128401345,-0.673130499044236,2.2575899814736786,-1.0058359596647166,-0.00792946719738019,-0.01158795547774962,-0.5289496305172168,1.3217410083940837,-0.5918415194626558
-1.40019343893369,1.0700735241439094,-1.1668096387010514,-0.534537904734708,-0.00792946719738019,-0.292445317185185,-0.9506002212071473,0.7247672768437823,0.9674140774920379
-0.02498849356148565,-0.15898556248943063,-0.930804080002868,-0.4141613305116098,0.3923349184386583,-0.027555916481105478,-0.7361390602167196,-0.03458009235582922,0.26769754376704835
-1.0054607488139378,-0.3645749694210222,-0.5233982491378262,-1.1697548749983206,0.18385291909692708,-0.20961726550587678,0.29331983534415207,-2.2321383679118716,-0.893894480432782
2.308286324677278,-1.064552831977185,-0.37032639664193273,-0.03213022933852977,-0.00792946719738019,2.1039298381488356,0.2257316052574461,-0.36574780309974014,-0.08434112735179321
-1.1644747501288044,0.08773762879568828,-0.8809638195858378,0.355921075189303,-1.1219820233545992,0.5394288419991167,-0.06978893453802167,1.8815270024232726,1.5902894417303886
-0.09990711160917583,0.1560435538085473,-0.640831553709532,0.8531297772627413,0.7890000724045972,-1.1317006651962944,2.0641891721940846,-0.3767632771888798,0.36543252778500324
-0.12498711934794424,0.8508870741099012,0.8300103082277592,2.1712842123494567,-2.074137445479777,-0.4966222159711073,-0.9063220189630219,0.10334380599878254,0.7806710220744839
-1.2253789362480383,-0.17183110246735797,1.2281119027849767,0.6191380429701369,0.578175314075628,0.11920909851357192,-0.6989530673077639,2.593673959879202,-2.528461650226804
-0.02498849356148565,0.28843984131203293,2.0548738947023097,-1.5901268191084974,-0.3001684290478932,1.0469056909412362,-0.7943329810692068,-0.7324138248481756,-0.05621800641042977
-1.8004587944454387,-1.9482127012712784,0.05604795020843942,0.678887036005112,2.0582990395178142,-0.6777256345473595,-0.9221926878643616,0.17676767553618966,-1.1293991494794813
0.0567783908869624,-0.3657212984020599,0.0624044746566933,-0.14621146892787285,-0.00792946719738019,0.9881306915618507,1.3150318218432167,-0.012162850925332246,0.238660157213964
-0.656642236258224,1.274712794545975,0.001687937236534221,0.6137760914714077,-0.8680866012092874,0.7399175698835104,0.8737864064042845,-0.5333940657281028,0.09061173617603675
0.3335584554700014,1.0061668305989035,0.014313381523088262,0.21752228688275652,-0.00792946719738019,1.4939310730695166,0.683935279615889,1.5983884292036978,0.3458091377398728
-0.5377098004538408,-1.6633404053857368,0.06270975044732544,-0.9285960232634699,0.17874729984039217,1.85391091217778,0.33022246878902406,-1.1264044206618749,-0.7253974822929299
-1.377045676725401,-2.4212151560268698,1.375846774149963,0.2807337202458264,2.0582990395178142,-1.2678652422425685,0.8394130833517016,0.44798539091166045,0.17368472473224458
-0.5090353967778939,-0.16564650788276866,-0.8419690641880659,-0.6302182082028231,-0.00792946719738019,1.2777779494932604,1.4260250884601309,0.21436754003282074,1.6310627610018702
-0.238689523602714,-0.39170584144478354,-1.483081308385641,0.5589536053226617,0.37667547549882857,-1.3248066691249087,-0.6732620454000826,-0.6418619525196404,0.0022033088094570805
0.32546916311538127,-0.12392876541267443,-0.5793520501329765,1.07984563512533,0.43020212739012437,-2.006768615705772,0.520044966657145,1.0996402357244686,0.46743075200952794
-0.7385492104726603,-1.7738333758842164,-0.1815872299686649,-0.20836903141724822,0.7780392099343598,0.7798036145192667,0.5052803831557855,-0.8469104853381246,2.3284280688201093
-0.49106570725526844,0.48501435577552665,-0.15415036671135696,-0.6194786741867467,-1.7428487476460475,1.241901149773253,0.7529532301292177,0.532705236981186,1.3335288365237623
-0.02498849356148565,-0.6447266755303106,1.7156364036572351,0.3310319656225901,-0.3621803515899198,-1.022838117393924,0.8254927901747185,0.024245291022433252,-0.5633486257582818
2.308286324677278,-0.7214968527099707,0.7978696641891442,-0.04110416409561216,-1.8170509466974167,-1.7593284809467826,1.062327669762714,-0.7256176075738259,0.22663459472063593
1.29378337481905,-0.25082359913527913,-0.49934708044802967,-0.6922752562040314,-0.5183291326728297,-0.08510152391310419,0.886198792068238,-0.3942481274225522,-1.3381065104699523
1.6018827805171936,1.8737698066924395,0.5657554246768979,-0.8793116549986401,-1.8807839308508574,0.522105046624475,-0.5775446482017225,1.5308712409180898,-0.2792468395743846
-2.3135109346399516,1.331192015744673,-1.385160004883838,0.25504262911082304,0.13506435636880826,1.0419319882034372,-0.1322018447661187,-1.0823266298370644,1.921238016999735
1.1733014195371188,1.4340403963909523,0.10985648622383852,0.24641499709928538,-0.00792946719738019,-0.9195390657086185,1.3770092019290014,0.23264776197542764,-0.11215586270953358
-0.2536138917362575,-1.5082587397022202,-0.12944441817367472,-1.6074463955361982,-0.00792946719738019,-0.32434340003873413,1.2616234499635168,-1.676821454119719,-2.6998940325501253
-0.02498849356148565,-0.044039704801274955,-0.5402603348310373,-0.06325019099511209,-0.1344071244221032,-0.5321323725588377,-0.9573527702639486,1.5946207359039082,-0.15101821997851897
-2.0033758448267274,-0.12728566564421273,0.29748962151340536,0.7237418093142053,-2.074137445479777,0.6241178019375255,-1.0647396008374193,-0.8247851209555481,1.4798839448367282
-0.3483671069612549,0.06208847571103655,0.040839840081034855,0.11714195688019471,1.146788021565857,-0.22574477378756597,-2.528810283491807,2.5368515327578334,-0.34810945464062226
-0.3409125620213688,-2.449772063533302,1.4229557878958217,-1.4045079477928748,-0.5035957088460725,-1.2755537308023872,1.621334212556572,0.024245291022433252,-1.0071028532693356
-1.8615452922002897,-0.2559289282878413,-0.8276655678122808,0.8679254583801655,1.311221198921422,1.1604046156354308,-0.9327984949401718,-0.07411215053455422,-0.23785498440606864
1.1253276742534568,1.2372860041684908,-0.1363729557302761,0.3131111546490239,1.456485052907108,-0.09386667313924366,-0.19718406549101125,0.024245291022433252,-0.014241152533667568
-0.6634848824935787,-0.6622557174181618,0.8164352694196587,2.5522744139357783,-1.4624083393836336,0.5501193691305324,-0.3409965230051066,1.100752283913151,-0.6256529715759013
1.9807174322274037,1.8159001539524813,-1.1080040135637195,-0.7342894402367826,-1.3502466062182843,1.8819294253169851,-0.7972837254899081,0.9331629830018315,-1.4905149178135069
-1.278925291166119,1.1849045247961623,0.55403056000564,-2.264264605211999,1.163179090785847,1.8182531269134692,-0.4542716074438222,-1.4054470829860395,-0.5658818106174919
0.14978125820678576,-0.5688404512669807,0.630336637319955,-0.7012119488934705,-0.6067966538545486,-0.32080017692601465,-0.17949938607391233,1.350840988133362,-0.05223481508210515
-0.6027138418613032,-0.8296928722400653,0.05953825416493017,-1.3889693494173594,-1.1512772259887574,0.4299765820135589,2.021095822334449,1.7513280508653002,0.06089470461530197
1.2141771142722932,-0.054743761029414195,0.26068720599373957,1.1053545198450478,-0.13836691700677797,-1.162121519685417,0.7011088008042939,0.06012540607340208,-0.20438876531681222
-2.3135109346399516,-0.17011242360167653,0.5637858559790543,-0.9674971157221286,-0.00792946719738019,2.855501274708992,1.1980994159558915,0.7679630857750199,-0.48606615270095904
-0.04361405242901611,0.7112577987980097,-0.6915970864941917,0.33211136155749255,0.7169952661644757,-1.8040439926678387,0.9424498877048472,-0.08175265253993545,-0.7757021677692704
2.308286324677278,1.2617263852397083,-0.9286231536131173,1.2000272506547576,-0.00792946719738019,1.7420054787929375,0.9758907154054139,0.024245291022433252,-1.0682087238953728
-1.904641881293196,-1.7764982132266156,0.7920731117410603,1.1733535784983415,-1.1200254180158014,0.10809378262565207,0.9429870262514629,-0.21305931030545383,0.5484888456826242
-0.8264248544977889,-1.3041122688496978,-1.4304146412646523,-1.1623575245511941,-0.00792946719738019,-0.5017050959633219,0.7205900421873801,-0.02869510171019042,0.3946453427370489
-0.5676092509712707,-0.3592456555651538,0.7678418283232169,-0.39569807365718274,0.06208771802766746,0.5557241256041354,-0.941476663925514,0.024245291022433252,0.4944502808011664
-0.02498849356148565,-0.01726828256470362,-0.4976817504975047,0.2708224615392953,-0.00792946719738019,1.0834215148067714,0.3826594895313494,-0.7914930783984573,-1.5312247184180867
0.22921142671846131,-0.8665192284837947,1.7587089332702164,-1.8957112692458342,-0.00792946719738019,0.16499605584070492,0.5110668875007197,-0.19407688645238386,2.3358920259715834
-0.9457433188761086,1.4144333822291635,1.1412975166673198,0.1054005841626536,-2.074137445479777,0.8761195569550901,2.630875263923603,0.3313971675627526,2.5335047879720882
0.6813993653573999,1.2865922241811203,-0.41994170125792374,0.7633833764008005,-0.8114419171143749,-0.3741469487089498,-0.232872756416613,1.066579266654005,0.7225310691815731
-1.5068757595765139,1.3897318150734097,0.24724576894545644,-0.9904394789861933,-0.00792946719738019,-0.3533979901707326,-2.519043768547629,-0.25350310110606317,-0.6737271562470682
1.9371894930356397,1.5185752413849216,-0.3552854099683336,-1.535226727182264,-0.08606746140150447,-0.5302157695463569,0.20094897148913612,0.024245291022433252,-0.5865003107268005
-0.38495684631714805,-0.6101070807909763,-0.4066872306383293,-0.6759545109778221,0.09538058728493312,0.8200230023494546,-0.22091014629136133,1.9878584628388465,0.13318883803812917
2.034430131448016,0.5554275049390291,-0.7788271640741038,-2.4311720360869056,-1.1615450231162878,-0.023607532282877954,1.526520681410206,0.24320463338664633,-0.7817010098384751
-0.3458309756703638,0.13484671523514985,0.19532564166235777,0.9192013254118163,0.631064506899064,0.4042017994397466,-0.38442989876681194,0.8572786643876324,0.24789179531930736
-0.25932201447638137,-0.8666630260980128,-0.5641160045411837,-0.4782449789827876,-0.084819248809177,-0.26673382497880266,-1.0559635618763161,-0.9226298083543851,0.28335505087244744
1.756179764313424,-2.3018283740570262,2.617676220126285,-1.873371632553413,-2.074137445479777,0.6865458522399099,-0.2202400948770157,-1.5966038753860596,0.22237587968599087
0.34037435645924635,-0.7705818402206649,0.5831453580017214,-1.3530024409554244,1.439915063514058,-1.2691562550797422,-0.14199756812516828,2.007155889223024,0.80798850875065
1.2039937338169708,-1.6023920556518372,-0.20671642357973213,2.2596548224280797,-0.00792946719738019,2.3375142722400257,-0.36853471881410876,1.8503953952700398,-1.2292022663201365
-0.2181026161467422,0.6802649377098339,0.05841050110822816,0.039304178635012114,-0.9180460015544778,-0.548358321975582,1.4185009140989682,-0.8120874373776873,-0.41397752078532585
-2.3135109346399516,-0.39191166577335396,0.31505065982280883,-1.0261111224400643,-1.5149327453098649,0.38533347050824357,-1.610037560951273,0.4719946468403022,-0.6409836356847506
-0.42885634899015534,1.2607745649440427,-1.6690483161331657,1.7385197587870411,-2.074137445479777,-0.8767799369443319,0.051364780788408455,-0.7584797242644832,-1.4207992433732592
-0.02498849356148565,-0.07074471001496474,-1.248978775998066,0.08438671972272352,2.0582990395178142,0.02164817552965706,0.29861126644709673,-2.0678939037049093,-1.3580532385674782
-0.02498849356148565,0.4479309969371888,-0.9709552673178462,0.9065788074962297,2.0582990395178142,-0.9282065362035616,-1.2024322403237677,-1.3646557858365072,-0.7695490956884188
0.04049724213256205,-0.08514321892197656,-0.41474798667670354,-1.4205848856752208,-0.4572203679471118,-0.7112034106560116,0.1838299969889456,-0.7717028828243544,-0.28982435154321745
0.04452653948453201,0.24226967268487642,-0.1698084767810224,-0.029633651788612634,-0.00792946719738019,-0.9071705431099316,0.6924367000278651,-0.6038639558771003,-0.239955606753333
0.2591784223416274,1.467729859566748,-2.520393069730623,-1.6298736881953724,0.08901996292399321,-0.8170857656415523,1.9073883001298633,1.3456929646157867,-0.6326346318835069
-1.1080966514517046,0.36231175632695384,1.9592192614848136,-0.380470085249614,0.8574520437013671,0.01872739827414557,1.4105764276014425,-0.33170338717185077,-0.8179168177852851
1.7340284960381669,0.888898778480047,-0.07631167391784704,-1.1100417758184369,-2.074137445479777,0.06831046776954752,0.47132814025570946,-0.9277496057856147,0.12717767693381332
0.5169747939925303,1.7231552892807112,-0.040489824407725104,-0.6042195481193746,1.9799186740554562,-0.883261247125027,0.02412670947303348,0.08179842718604391,0.10436119108879574
0.2898328110982986,0.7801329764397056,0.3996395303447771,-0.13385616114046014,-0.00792946719738019,0.156291446353912,-0.35749325535177123,-0.5349694260668393,-1.9991569025605413
1.2000167862201718,-1.3289555739231729,-1.1957570452499013,-0.007488312069107181,-0.00792946719738019,0.2618746619565014,-0.4665434049358339,-1.713701343704081,-0.9760586975762726
-0.1105266733852623,0.43372777673338436,2.1183871377128587,-0.16742317088519154,-1.2599192639457737,-1.0732044211485774,1.2377204898691345,1.148953395650141,-2.6998940325501253
-0.02498849356148565,-0.36444359627194733,-0.45546905960509,0.7606525499090944,1.5447788628124035,1.306856395579122,1.5875258244792596,0.3007926768302624,-1.1416337156036236
0.6207579583619138,2.4773274145363477,0.5982578958936645,1.339615524205499,2.0582990395178142,-0.8462179853643623,0.24954052950455574,-0.6157562094583973,-0.3887552080567932
0.2623662274369867,0.2159438913270193,2.101895446804229,-0.9849886988992391,-2.074137445479777,-0.30635394345672473,-1.6126339598754271,-0.8637546130753502,0.6802669292091805
0.5619880239565005,0.32059434419229127,-0.5099713760569576,0.6439690334029526,-0.00792946719738019,0.6129844076204979,0.5932928598368405,0.1141259876441921,-1.0035455604716828
0.030756642863175247,1.471119098829876,0.1689384484613639,-1.5051761481872157,-1.6019680314665736,-1.0639902070055132,0.5641301928164436,-1.3432781264450941,-1.1565329753285838
1.0564001733187165,-2.1341213129964784,1.1583579503231025,-0.6917145763201573,2.0582990395178142,1.6068467820057828,0.5342985150175864,1.3729106906397683,0.24162845747628728
-0.19158139382406908,-0.27061041728584523,-0.7818466899433325,0.22574678338045254,-0.5245351896777269,0.9102814153375276,1.6537784013643746,-0.709144025833242,1.5548129983300905
-0.02498849356148565,0.28929224943847304,0.5811600498276006,-1.9927414642229546,-1.125334988960919,1.1248648622868525,-1.602784257445927,-1.1877023996982845,0.13853714992492563
0.09194716055041616,-0.5929854021457537,1.4476298612239153,-1.3820047378896052,-1.2016137733421208,0.6507203695405199,0.7818237359943955,-0.23160134996439652,0.40769835731438564
-2.004096052896852,0.5129224221036647,0.9745186822099847,0.9606334519102483,0.0051835183311276945,-0.5430886901843112,0.4736720277663624,-1.7235697925467035,-1.4933666563360843
-0.2855168742710549,-1.2748017375296294,0.9949193287756369,0.6664996575219425,0.12350367082007352,-0.006038982062220612,0.26412614522252637,0.8735821337400311,1.2193363665667076
-1.277199030131056,0.7406089339565147,2.0309792926220154,1.347735896114508,-0.34898411381909905,-0.41166608577608943,-1.1314877847938192,-0.4883902867349544,-0.05398919812335457
0.013528027658387417,1.1320060064886261,0.4805174430118792,-2.0695770907321474,0.026935218579832467,-0.5740091500237168,-1.4248396831411025,-1.582274542770888,-0.3407277341367686
-0.02498849356148565,0.26381190394346277,-1.0156679561260133,1.258472020885449,-0.015235006401737283,-0.7595033561946424,-1.7472364477586124,0.6480414934638821,0.39849392613987955
-0.18967765747308518,0.052919058008865906,1.6069815223238302,-0.05362150679939029,-0.00792946719738019,0.5565261157681277,-1.0371836172858508,-0.5096625863493238,-0.5023262634199752
0.12067329433664362,0.35711470292539754,0.006954516314503561,-0.8176679103377057,0.6855655779380009,-0.9106054227084271,-1.1877917291685176,0.03504441729018318,0.4871569039920054
-0.6784974296588072,-0.4731999233077308,-0.8010789339335999,-0.8425185403131522,-1.2655125992648266,-0.4339956290217544,-0.8199876328736805,-0.2842006356711728,1.935799554439546
0.6435285760109724,0.03658069551358147,0.18159661254087653,-0.023650260173717356,-0.00792946719738019,-0.39434540554302233,0.19467622621038277,0.8212403945775572,-0.08933611966504401
0.4118052772213927,-1.2408620772502112,0.48820602617706843,0.7725592364072831,-2.074137445479777,0.8763913110239989,-0.18918411492848547,-0.04671023374654852,0.2867256097117934
0.9266850471373992,-0.6521532867803698,-1.0918376514834944,-0.10213358332104497,-0.00792946719738019,0.32854433816448264,1.0138905864863568,2.306443396132484,0.22421381643517277
-0.02498849356148565,-1.1218223602273225,2.617676220126285,-0.5081720983510739,2.0582990395178142,-1.2336857127679253,0.04976506224184914,-0.10902433495280535,-0.8694334145718172
0.8903170991170103,-0.1430007639608552,0.05672818303953154,0.5422357781670635,-0.00792946719738019,-1.6739745321330612,1.1605624259182856,0.4058354579930027,0.42754757276003097
0.5737935680671847,-0.8578036362379468,0.10151635298873503,1.5941235625520636,-0.00792946719738019,0.5308078994447817,-0.5082193199639026,0.9284202183407587,-0.5529770366004529
-0.22638579317570143,1.6904906986569967,0.290404528612607,-2.5652232910553825,0.7984446940528379,-1.0902846777033763,0.3431262826496671,-0.411179978122551,-0.7533144163533977
-0.8687079362676349,1.3920383589992198,-0.4312157032881414,-0.6996530449625398,0.5682916317043012,0.8250142625325162,-1.6214171020286554,-1.409343774731987,0.40976103975466466
-0.02498849356148565,1.1284642582890407,-0.7154384279640758,-0.4946280667772408,-0.6429226510340669,-0.7602697445971487,-1.1902998284896904,-0.43270515732301734,0.9649793545542723
-0.02498849356148565,1.6446258380542524,0.37319680528426125,1.1478836566329185,-1.1699797980961446,0.7116453566856834,-0.03218389918803207,0.18045856251698228,-0.02477107272919802
-0.7600343428471512,-0.37156507151181534,-0.7075999616990465,0.6617921510794105,2.0582990395178142,-1.4018810294676605,1.8743820436797496,1.1285565194018399,1.1724589262587148
-0.6936255885294585,0.29971891840452525,0.15892703234645397,0.5953797977504144,-0.00792946719738019,-0.575954363960169,0.3848591796140407,0.18090026457287492,0.4143179646372552
1.499831841333239,2.201626405083516,-1.4052723766880963,-0.7217702051237632,0.6036611610608202,1.4645497861547276,-1.0107525985542876,-0.03517954121210556,1.0485707689420103
0.22447646711231092,-1.276832900352127,-0.3196357961630384,-1.0924791094928357,2.0582990395178142,-0.43758821349281135,1.2053149914767833,-0.17046376627564971,-0.17904714342374847
-0.17554626952716568,0.717333546233868,0.6396134912076822,-0.537901741524053,0.2441515836134935,1.3126531003957695,1.618677110041056,0.14571164319963675,-1.1787868978918026
1.632921006261135,0.2165181675835342,0.12182987405953677,-0.44862081675272847,-1.146075857475231,-0.6671272720039882,0.6660629977345671,0.8335253443839813,-1.1210740540383088
2.015003766639284,0.6722277176634995,-1.7701664898870386,-0.7108893758252283,-0.007926557915961823,0.07734389099801098,-0.5809880923795901,-1.3310270199581629,0.2830295496312218
-0.21033747580399814,-0.8606623621214368,-1.2731992287676046,-0.008996821114476876,-0.8823261225778636,-1.715642509365546,1.328048667542184,-0.28063725168768455,1.6290759962372225
1.1821234166283996,-1.6340225014288385,-2.261347839405265,1.3283746902286344,0.4697353055551283,1.14586656845759,-0.08742216572986726,-1.5539222363642113,-2.1673944552765305
-0.055133068805094713,0.1825361272801999,-1.182489120166322,0.33558044328566955,-0.00792946719738019,0.7634246669244332,0.5606293280047357,-0.2903892302021614,0.2576540561971296
1.877757335109027,0.2748913497570694,-1.5701964732969216,-1.4070737314142432,1.7059476155355717,-0.4194657544576339,-0.5559678853278064,-0.806724869220523,-0.9922925059505279
-0.02498849356148565,0.3008853926329753,-1.5516774010921457,-0.5174490928499099,0.6477733992199124,2.177013682968955,2.1228268839583797,-0.6746573703906434,0.21781544489489896
-0.8620716391696986,0.3537716940345534,0.023992506647243964,-0.3453680077446341,0.6168282378017788,0.4952857431456162,0.1827551729843535,0.7464848266168997,0.942410640828442
1.1233463579487775,-2.231326925672622,1.165493837221838,1.7410725063961099,-2.074137445479777,-1.0543657642494975,-0.4012655896611519,-0.8033338720821108,0.8455754616625683
-0.02498849356148565,-1.2494113558379838,-0.6837401804131915,-0.3249127276307942,0.6100789844364926,2.5503933349986525,-0.22819224173863537,-1.5570703322606076,-0.24212881677102788
0.5315738840323178,-0.9852143570913487,0.40265633859782224,0.4708371001153712,0.7993849870747174,-0.3479816013128662,0.3246566443258708,0.024245291022433252,0.33580656739124337
0.46942708985892617,-0.23257503672530425,-0.7638133340962346,-1.3412134654591068,-0.3386944053431203,1.2165010392794993,0.569510985431649,-0.5867910885008937,1.2103820766177948
1.8446547699707332,0.13826054481912692,-0.3632458994819112,0.24405221818680187,-0.00792946719738019,-0.6940034296506739,-0.8919767528867851,-0.12680027927541437,0.5753580005613635
-0.3758828761350584,-0.026903528517609538,0.879608682057601,-0.017115717160093576,-0.13854849826247034,1.3137787184472467,-0.7249729313862471,0.11796804187668324,-2.073733365972355
-0.02498849356148565,-0.47639059443410503,0.9567059410065346,2.086520195550612,-2.074137445479777,0.7763169843853747,-0.8958173358255261,0.16356968119316637,-0.233552076497972
0.13091964452814855,0.14905163245386224,0.20259298144163007,0.395819772864114,0.24562831809772756,1.9217886452572828,-0.23477443587200975,-0.23852547873639401,-0.5221356339642709
0.38614757146262296,2.0394826299576585,-0.4255212996233249,-0.5382736531965665,-0.00792946719738019,-0.48398115110595474,0.7195645504037502,-0.9409218209714452,-0.7534603330944232
1.2035703815504593,0.3113235042536858,0.7625704140474657,-0.5203467672453047,1.4130777076327266,1.0141566911346316,-0.21396410318029888,-1.554388197766047,-1.8163848127888693
-0.7029513922173686,0.33942197334768726,-1.241633030100764,1.1264318668179798,-0.5142076165671506,1.325950289981096,-0.794497226465045,-1.1663720342307773,0.5256042285769961
1.1582204825896545,-2.449772063533302,0.17143554105464237,1.0281020430309695,-0.00941199202550417,-1.3502616624291788,0.7143429636563345,-0.8737012427985018,-1.3759324241022508
-1.2604027597630347,0.24345731008420793,0.0410040723457382,0.5900436851666337,-0.5863819493489216,-0.33971025611643646,-0.08412831948062957,1.0928539529597545,-1.3372088186752364
0.14781672665036186,0.6323278631160786,-0.30469781053652,-0.13031272528836754,-0.00792946719738019,-1.559798785269049,1.53348591295838,0.09012606746968321,5.768357000611555e-05
0.5251943222483908,-0.6743008461341834,-1.0019616909347377,0.24579884472754185,-0.00792946719738019,0.8194428492726856,-0.13000949182098165,0.5670885978458218,1.2207063033622874
-0.44451260185511743,0.2450694567086492,-1.2688970092099225,0.32984816872319056,-0.00792946719738019,-0.10210783494981857,0.7348997614422891,0.024245291022433252,1.31421970467285
1.3049514972044343,0.13106430206406486,-0.7880802738565132,-0.6971858205199122,-0.6472989101190266,1.20044655179174,-0.14394682875681697,0.23021854319935636,-0.4926515626060948
-0.02498849356148565,-0.1036141143923357,-0.5394995473099213,0.36423869212162163,1.5623285048051583,0.5370103150639909,0.6136340248465387,0.10059942034495155,0.3328543491127852
-0.9114426041440338,0.1711455860936999,-0.7787083421548867,-0.17645415644682885,-0.14066264243780283,-1.8218408339055374,1.719279472621193,-0.7093744341417029,0.6012432433620334
1.1515249384172548,-0.5584757458921631,-0.41011923579308607,0.06782326617280979,0.7354005139297074,-1.2138505913026834,0.3194542137066968,1.1334605617159,-1.1356278162654638
-0.6641388896220268,-1.5327179203117087,1.4887809637227154,-2.217291808483486,-1.534308174340737,0.6187039652922587,2.067357150148581,-0.7872172461488133,1.8227901170823966
2.308286324677278,-0.8682174705605467,-1.7375271309478382,-1.4580429934315358,-0.00792946719738019,-1.237024776159345,0.633294685442782,-1.275813312203767,0.4498523509101501
-0.02498849356148565,1.0874835350664294,-1.0655067806569576,-0.10168056170210579,0.3566665596270431,-0.4226118767156,-0.31791345656247877,0.9499283598168188,-0.8427063795339584
-2.124644030808444,-2.2214296517497867,-1.2559337936108845,-1.136823209320172,-2.074137445479777,0.23944041234504676,1.3373207615039013,1.3055121706942043,0.6462562344712457
0.2775498723556595,-0.1033634834553989,-0.9848199442780824,-1.8132588930836675,-0.00792946719738019,0.054175194658257694,1.5907346838989236,0.37337538947808935,-1.674448965543948
-0.7510495181917619,-0.8044555386270107,-1.289658786403258,0.6847634459241622,-0.8822755069585309,1.0381741085989906,-0.6183374601238482,-0.21790939053316832,-0.3776336777643456
-1.0409180617130136,-0.06145796819147217,-0.6868525159153651,-0.14603636833545816,0.10665713722033845,-0.222428940648265,0.6543099410925611,0.6691283996416425,0.042293337612310904
-0.16985376842617475,-0.2935071777408255,2.617676220126285,-0.640942554555664,0.6212580067831147,-0.6623172142490189,-0.5065945490985131,-0.49158881363509777,-1.205728032850298
0.5309396797624841,1.9171126172546507,-0.5384082155932775,0.7299170005705828,-2.074137445479777,0.16987746892272096,-1.4485005306911183,-0.7848208442472538,-0.738036353434118
0.3009788312777782,0.5949668889894181,1.081886543184661,0.2333905673693775,0.1327549368380153,0.6411779623067407,-0.6363495330273339,-0.8060247766098116,0.07152869297580501
2.308286324677278,-1.3666386968892514,-0.41462994200504805,-0.2681289294189155,0.04946766641038401,0.309820239342888,0.9100194449344979,1.2697971693837913,-1.8473453956140724
0.025775554727561253,0.009666823361611242,0.9514116023039629,-0.739159368848738,-0.805115235282192,0.34885168174858616,0.5610306325013575,-2.257251083671679,1.1646889209917182
-0.5618488617855603,-0.20064593988623097,-1.1409504000908057,0.4982578009465299,-0.00792946719738019,-0.38815395734552627,-0.30898139909310574,-0.4801936043874371,-0.7537257690656097
-1.4788724699899822,-0.8462549474554103,0.8164200038375854,2.2978713549602054,-1.1638177283671824,0.5153966349183043,0.5150131948016047,-2.574424434100959,0.42170196783548836
-0.3125664893472291,0.5892194467830006,-0.4616998360915459,-0.13074403494713635,-0.00792946719738019,-0.6494109937589755,-0.8109435615046787,0.7541509913222997,-0.7173436309489685
-0.06402959798887606,-0.3293491006306578,0.68735696329173,0.05091820161051479,0.5264313149850238,-0.15200691143712974,1.7410354317924162,-1.957057972016579,-0.948629925080146
0.20928503591895345,2.2301260407136465,-0.7217953204865163,2.20997525979045,-0.00792946719738019,1.4513437967403298,-0.2589395009017739,-0.7599110901561481,0.98950212858631
-0.897181249700373,0.2386613015202283,1.7567233176660306,0.4706952693435326,-0.13787490798425542,0.509936819454864,-0.07961178885790741,1.980253476225174,0.5310562710057345
0.47731510081408646,-0.013107780852837037,-0.9398657116466839,-0.1283254814227373,0.3953217821364963,-0.03728563357790688,0.8001238473580861,1.4941065897057535,-1.3900935895866349
-0.5269829729324726,-0.300197386578231,0.12018721574137704,0.6083208747606509,-0.20323637926264465,-2.4142343647926183,-1.4224271506328032,-0.3495534609200801,1.5495308841635487
0.18601215898448678,0.6605208713116425,1.1450239939803484,1.7540043879117453,1.3981222088158576,-0.003258348454429821,-1.6227984650753033,0.20676498355517947,-0.5840835807130602
-0.843668527102716,-0.13728482506806064,-0.8510097973461692,0.495082007870228,-0.8819162397173615,0.0451208240051652,0.23836647118772075,-1.3916894028128892,1.441226637900729
-0.39671903018488547,0.06695487155634502,-0.04769170691218914,-0.7955727397529814,1.795565624672874,-1.6312817790816838,-1.5656273102168452,0.024245291022433252,1.894389295653887
-0.02498849356148565,0.5513284031732193,-1.3924660523885812,1.9243283043534343,1.6166156246476135,0.7690889494443509,1.4428562482829042,-0.963358277353802,-0.9054559605668399
1.0149706352070431,0.5058064930973047,1.4355624841859878,0.9920143519744186,1.6519101711973414,0.6425380600639885,-0.13737202411729416,0.024245291022433252,-0.2433892612937092
0.07051332702429955,0.5505390631917316,0.1951016810618778,-2.0631428443229978,0.3347618369391734,1.0136707956917608,0.37054287457626417,0.024245291022433252,1.5813553365302895
0.5417843676467351,-0.5205551710865555,-0.5802659803482128,-0.48634200885249845,0.4728245105008783,2.0579063860288573,-0.6653263117810554,0.9912117270877754,0.2653882352923035
0.04066914355765461,0.2384074538732535,0.35910568654988556,-1.1132782102629983,-1.3141166926600907,-0.027240612988955235,-0.4354491295450768,-0.7089184907301118,-0.057980927454238274
0.5377384419066815,1.1347747337826237,-0.8883811542173558,0.31591140380291366,-0.00792946719738019,-0.16174058475583322,0.38584959887742565,-1.5790192584653315,0.5212985064151427
0.06456459280397432,0.19275109657397635,0.13008993441448852,-0.6858855676047124,-1.003883124339887,-1.5594134331565885,1.0428504116434865,-1.5601478011105812,-0.2238847700588663
-0.09149670160049218,0.6682684782633866,-0.34950751727187646,-2.5652232910553825,-0.5210121538528294,0.2770252445107898,-0.4024214754921447,0.6816949090912566,-2.519948412110684
-1.4924299763404714,-0.19221118672334223,0.26535358876201276,0.060976526932468064,-0.27014799681855683,-0.2617141676584995,-1.856378108875037,2.149074944939287,0.6468804963364312
0.45738686749861424,-1.29121904434363,1.6875777068863516,0.356908788271046,2.0582990395178142,1.3902487149165355,0.6080515321026086,0.7308592720193191,0.10632983256534599
0.2307671180566199,-0.6400771682366337,-1.459689044089596,-0.7673602203239496,-0.00792946719738019,-0.30328395786732726,0.4302834796463615,-1.8784747207199612,-0.9630153949146846
-0.10106098389340655,-0.0033429711239739727,1.9977976244971167,0.8729077918954742,-0.5108998770591668,0.7701278123686633,0.13943195441417552,-1.5951426277498804,0.6961732879700391
-0.3519264396652201,-0.2968728662897676,0.07965327029000435,-0.5930683715847369,-0.08113407587979464,-0.5167622354329443,-0.674582285482228,0.40711416751966706,1.3146923461936133
1.2728667327984584,-0.6471992611490378,0.13182274020352105,-0.25984761288760155,1.0845085430810728,1.580923327598162,-2.0118869178849765,1.6307457185324266,-0.12427001769618655
-0.02498849356148565,2.4773274145363477,2.2385335859192885,-1.0396266547909143,-0.00792946719738019,-0.6334706645531879,-0.08312356468210463,2.047304500192593,0.4680372303500177
-0.48164762392709387,0.7513028094951268,-0.11446096405017983,1.0307941631569537,0.4720632154801263,-0.914229665800042,1.6650876377001895,-1.1435368713989942,0.9975890273410799
-0.030916764157755707,-0.8232361317272814,-0.2168145482831124,-1.233032069723267,1.4394403076631195,1.0873639834026185,0.3890585231072532,-0.11032589238531179,1.2142409793150928
1.896217749446395,-0.2522719590376714,0.5066207083092008,-1.966906322762569,2.006073889213606,-1.2703948642794156,0.8252080619982898,1.6290268904580787,-1.2028186890395234
0.24190724040359335,0.4130638158649535,-0.4755834851754129,0.06327159121178949,-0.00792946719738019,-0.9664132069416325,-0.2060573093508689,0.11868357717933399,-0.22945051950112716
0.6467449219029945,0.7809671913210939,-0.396463962085394,-0.1643929574696631,-0.00792946719738019,-1.4681206407431369,1.4859154374282884,0.4132217265756938,1.6801010004592518
-0.02498849356148565,0.29825402572287135,0.8943863970122917,0.24636831590910974,-0.00792946719738019,0.05114541682412694,1.999745887905748,1.0434342375040102,-0.08571469473164411
-0.7039714384946982,-1.06914155656349,0.1775281819365848,0.36195532822389237,1.2666064101215306,-0.47969848784340363,-0.1800308835730864,0.5805036916780058,0.2751262064181098
0.6641072098595756,1.2008090014903368,-0.7748835896434944,-0.8990720330300519,1.4058199680407142,2.3539081209019486,-0.01704135055810602,-1.1301701562400026,1.025516061491865
-0.8108366406707689,-0.6508699887662802,-0.5640937112962946,2.104696906799491,-0.8117204766796023,-0.29239263366481344,0.27971606450063763,0.5213192310201543,0.048772877718415694
1.1617417866374973,0.32865256757274114,0.8720464493818285,-0.7100042851796533,0.18307677220543134,-1.211255750189801,-1.5773459734279818,-0.1661047007810785,-0.350291447276033
0.5026180824447473,0.7411551659750383,-0.5649626022391436,0.5453742456248944,0.34622199183215274,-0.5164351050525212,0.8037459082014805,-1.2543349861002575,1.1281732978684058
-0.23392643493544155,0.7412122611173886,0.3083972205073143,0.7957225805779734,-0.00792946719738019,-0.525681056446516,-2.316146347360448,-2.574424434100959,0.13305164245820975
-2.3135109346399516,-2.368252179366871,-0.9686713560504822,-0.19232237339706357,-0.16285379494003024,-2.0685798803876834,1.2848773490826173,-0.7447848266784179,-0.8767971020171121
0.4676895525736214,-0.5480152048431463,-0.41326992143175906,0.7009912360160732,0.05029596389213801,1.1536002848349818,-1.1143562088706878,-0.20559418498059093,-0.12703922358510572
1.4064386931041282,2.1004734804298724,-0.7726694583062045,-0.42510158817098903,0.695119203958824,1.701625165922189,2.409016643622863,-0.3122685523523781,0.02150376137503686
-0.02498849356148565,0.9359079645796359,-0.41458766566377786,-0.7125563699501447,0.8134257931923445,-0.7439483171184537,-1.2284581735968827,-0.3353164116906732,-0.7156831723072158
-0.8010965007033792,0.9552095157323514,-1.1729891325062927,1.6333483997601868,-0.00792946719738019,-0.9443254159397739,-0.1966999194660762,0.27572346136156617,0.010870403769866525
-0.28279489713920114,-0.1776801154440539,-0.6721324502084116,-0.48980489938382277,-0.2878146158548443,-0.5390270385732874,-1.975136648641836,1.305960458354484,-2.57923458702591
-0.02498849356148565,-2.083177873133986,1.4366159136678158,-0.5226042890259293,-0.922705911337265,0.5544620735191912,1.344576293380443,0.3946725379567296,0.5756605333296113
0.46381559015349755,0.7559806276081947,0.8582208597005611,-0.5005234941400262,-0.33883132692861473,0.2358762994175943,-0.3765351556388827,0.7469434604488006,-0.22459107666575961
-0.4651806722200915,0.4156690872220369,1.1532736533883339,0.08234825984880256,-0.3826883035906556,-1.7168020280089473,-0.8887841794468406,0.024245291022433252,0.323267493285133
1.0979792450132166,0.5858126580805478,-0.7263833418827949,0.2554160142741711,-0.524453288248332,-0.8330542233890262,0.21567477590575893,0.8530363681469548,0.054148815384070174
-0.05980816152147385,0.2860825452611789,-0.688984773465053,-1.0331886694391628,1.2193828804849765,1.333146537868435,-1.2046205971563657,0.405730199066719,1.7674421419575328
-0.4819608308388805,-0.1057818405228698,1.1121551392952806,-0.045094844397740474,-0.00792946719738019,1.1255109043645486,-0.3597186917788795,2.16292296436609,-1.1862778676286019
-0.869252632670026,2.4773274145363477,-2.1351025554653127,-1.9678797119497617,1.8712266224040828,0.2630522958664323,-2.435042387056408,-1.114627539236118,-0.689739422083127
0.17521945826206684,0.877961540926583,0.1773013486879324,0.2690857026586508,-1.705017738440234,0.7679800108199871,-1.7673237942512732,0.16982331579641835,-0.6844848287599059
-0.5894661851608038,0.08368326463782016,0.5760970506543084,0.4322700060280909,-1.1666912959182563,0.6601499510100841,0.8900835151759982,1.199386265071156,1.0275197084780192
1.2293045814852561,0.11788630795023554,-0.0581762624581375,-1.4265527949830072,-0.49485388586758167,-0.2694075108569448,-0.14768542644586719,-1.1941177252965494,-0.4318625904747728
-0.02498849356148565,0.05661440728185467,0.5163089914999622,-0.4255612866417017,-0.00792946719738019,0.5841533643939781,-0.9928270523578574,-0.1684396539228854,0.24349329999940714
0.7273146757872949,0.41995557477858186,-1.5465380518022844,0.9357008986625739,0.7091364456397644,-1.0965201657958394,1.3822301727644515,2.591554126712643,-0.9231284432050393
-0.14998588379392025,-1.2005953800621982,-1.1748647581071707,0.3210799780963986,1.6939656649506833,0.5960775352205782,0.8318122858728554,-0.2355887331056521,0.8201889324677519
0.7276642657920697,0.5757924527923092,0.596007868445959,-0.4922464073345017,-2.074137445479777,0.8049853263161921,-0.5521712776951179,-0.060042151647204556,-0.8222593629525236
-0.3215806697854477,-0.04525866802729633,-0.12980455152506037,-0.6418341726770216,-0.00792946719738019,-0.5405811694523613,-1.4091651203989226,-1.622146575857276,0.8731192603207668
-0.19493540175690688,2.3536719091877547,-0.8923653585190805,1.7914441039539868,1.1386108769393417,2.316187492873013,-1.501083051706144,1.6280681223765316,-0.6746860276028745
0.7013376904178231,0.26166871676210207,-0.1890601286065687,-1.6729810676203418,2.0582990395178142,1.1226066600698084,2.258713900699145,0.2741525888715006,-0.057193558277328374
-1.2303866786307744,-0.7861943003429025,0.3101363189618006,-1.895744904121565,1.0736355237477324,0.8097367538457445,0.27065587812157754,-2.155675907229139,-2.6998940325501253
-0.8022958523599106,-1.864014631033345,0.7042988571726483,0.1257407471544845,1.8107194630770933,-0.02773666085090626,0.34821985059094235,0.17174498518704465,1.0464050279668857
-0.5356827328132391,-0.9582070922346979,-0.18056968781826926,0.30244071010307494,0.67212364536071,-0.04811569789267984,0.16912076436953122,-1.3166756109045086,-1.5920006118739476
-0.06937398185530674,-0.08368623571214613,0.6233519527225961,1.9593338054307192,-0.8214364500142145,-1.5474066889592184,0.5075655048753184,0.7629747581014188,-2.022353597248125
1.0203039077002267,-1.3923797190058276,-0.33532429071710956,2.5522744139357783,1.8426974324890237,-0.6426349892473034,-1.3420274013028675,0.2561527678069869,0.5368989924315656
-1.3530634601744678,0.4592439947750169,-0.8323014209630005,0.06645560938272017,-0.32732515582398386,-0.47033180655877094,1.0914709377715186,1.1154080169250666,-0.12982496984543646
0.6862994289643577,-1.3992044665391121,-1.5288177668059193,2.5522744139357783,-0.00792946719738019,0.2676041364222638,-0.5664230959792744,0.024245291022433252,1.6673795439626757
0.5605926917142927,0.21112540779059388,-1.260770089670433,-0.5710691385929553,1.973589989250064,-1.1042681660300824,0.6270870964858012,-1.1940679333721333,0.3803362347250932
-0.02498849356148565,-0.3698034299571907,0.029274201957100034,0.020650912608598717,1.8957422871854293,-0.20947134209624912,-0.6273057152996199,-0.1571135364087043,-0.7865132403346533
1.1828397335841139,-0.3648577717752651,-1.0159440041472556,-0.39416899387853765,0.4883158180767143,1.6925705348283646,-0.08281146834580248,0.3511893438064044,-1.3727671130182122
-0.3126904500936435,0.07638100660238031,-0.7109907033091228,0.24586319539258822,0.27871619186155644,0.14748899795176973,0.23453759607883562,-1.7839172464676818,0.6517578281458996
-0.02498849356148565,-0.1721042284457792,-0.1597059429153983,1.9534732769924699,-1.089057067861242,0.5636721343350038,-1.5507563508699758,-0.40905366071624627,1.3041268587593957
-0.252170689134883,1.1202519016134178,0.22037035383849515,-0.33166667340574246,-0.00792946719738019,0.46883879554807356,-0.10334291650976779,0.7703860535326399,-0.706526987261288
-0.8223783431327064,-0.3070215297589235,2.592598769556138,-0.33481993035489566,0.2665947993727204,-1.917752196839662,-0.4597259323742237,-0.4458528165604311,0.3413839563909194
-0.02498849356148565,-1.9332478990929418,0.9487030475257262,-1.505418642733309,-2.074137445479777,-0.4313506348275731,1.4680520494270206,0.024245291022433252,-0.15427098008105386
-2.3135109346399516,0.6981225582431966,0.1738022382634778,-0.42399112378291864,0.6149662157313355,-0.06265108853856499,1.5528129058141262,-0.4817535318827968,1.044972982536743
-0.02498849356148565,0.8480354440388413,-0.22087032325404402,0.5413203865750403,0.8303657188754529,0.6425291141975049,-1.0232131493259813,-1.1152628639987217,0.45791570522716746
-1.0342301547202406,0.2286921537604415,-0.3123797606956336,0.5863421105595589,-2.074137445479777,2.855501274708992,0.4651252455177707,0.18642573258699643,-0.5794144432749372
0.2050080103422095,0.06589325122711305,-0.9285214547900319,-0.8654544394138851,-0.00792946719738019,0.6663721260374978,-0.9748701231671646,-0.3391523507697522,1.7163492996493457
-0.8451476179068829,1.3413905928060486,-0.17534425372971346,-0.5048495986522559,0.25436887490651533,-0.2832230068044939,1.4571029899406995,-0.16087481070997034,0.5564208605490987
-2.1410568601331548,-0.8811204688139451,0.01972758328029021,-0.8257879468456073,-0.00792946719738019,-1.020911229431403,0.3768460660922561,-2.051802018591043,-0.1956836053362856
-1.6266234414634568,0.27514127422100493,-0.5091592090521085,0.6334290531304195,0.5502817137055104,-0.15246705992395104,-1.0029659447422083,-1.2284092596436509,1.590700483305724
0.07368352550862974,1.3120883748473682,-0.9698703386518248,1.374307308428139,-1.5678774808481606,0.66041396046453,0.7999711728537757,0.5232121301370171,-0.06497148621895028
0.08267929069956201,0.21862479743352345,-0.1899170054313835,0.3511763770419545,-1.4820409650024544,-1.3890719941531147,0.08867110284618945,0.5246427375209477,-0.026293990401871324
0.7584020297600296,0.5198300989810163,0.289494196639368,-0.5770319874080142,-0.35977158004371335,1.1466523556638972,0.0326146433577833,-0.41965114444161755,-1.5395896463021
0.5492173935120661,-0.5387677242258206,0.6407657626237765,0.2372190612578429,-0.5729195053237848,-0.8422317777654796,-0.5027998646040966,-0.9054407286621647,-0.8156275769254886
-1.7149415789306113,0.7865377145904837,0.2523277317726312,1.4315774235642398,-0.8208122305408154,-0.24637997819424237,-0.5029280141920405,-0.4103764274801534,0.06303859193134671
-0.02498849356148565,0.2705024373804274,-0.6967043267464158,0.00047718561467839616,2.056254135612411,0.41595052420596723,1.6653505935028479,0.24251132154931926,1.1606668379786191
0.5900643180249021,-0.04144950803275042,-0.5377360947352176,0.2403373026314594,-0.00792946719738019,-1.2395221240034495,0.5850091444479867,0.8033365352381534,-2.134208200141629
-2.1170273491848577,-2.449772063533302,-0.5728119746781071,0.9747035244004849,-0.3342820168686693,-0.8227826783626182,-1.9763019545190539,0.30205445563014705,0.4745399342228988
2.308286324677278,0.061110522834526323,-1.053666497423758,0.00014852683747084976,-0.34290477336606584,1.2036329159669599,0.7647281591434711,0.35392721069897876,-0.3073594633074489
0.7645820957495213,0.11499372855645772,-0.7572220743145154,-0.6998296681014995,-0.00792946719738019,-0.06419748555378811,-1.8305183992482135,-0.8146740811467865,0.5798304048381528
-1.0054524143964687,0.6141816324324613,-0.706604189162285,0.2347262094649159,-0.00792946719738019,-0.673517798527438,1.1272165010738513,0.7227983509411099,-0.16426155881687735
0.06985179093884594,0.04907293103391408,0.5788675611982084,-0.2574918307963811,0.8459061205498324,0.2798193982608278,-0.5357560570540573,-1.1052426644394182,-1.2949629734422274
-0.45819201455314085,0.20409871256795656,-0.12966526643480197,-1.032982151515583,0.16865509447656696,-1.174816982453078,-0.4440008924843138,0.569809278599857,-0.505944846687875
-1.519996893621975,-0.9444806174426941,0.022253002750775193,1.790648908943625,-1.2241262246762123,0.2884839847645413,-0.6934202171024916,-0.18803380439079867,-0.07419518551966904
-0.9388193092799743,-0.41805779869467286,-0.0013688167345827363,1.1679070929597481,-0.00792946719738019,-0.6227111097876243,-1.1425885186065556,-0.19635806287715962,-0.9139213553390269
-0.9925743290469016,0.1859313408753965,-0.5273519377819804,-1.03765012404719,1.662871941592653,0.6663267356740868,2.300139142863824,0.024245291022433252,-0.29480125212833314
-0.12564025257666106,0.4705225970569094,1.5065380479674497,-0.6860237900639181,-0.00792946719738019,1.5548367250673647,-1.791953601577892,-2.5099120521403577,-0.46596020037016256
0.36243777981189634,0.8392773659884066,-0.8470449679340988,-0.25936588020477286,1.24076502112931,0.6927452806581201,-1.6513228378261693,-0.2720216537697622,0.3846379413230111
1.2956993987331558,2.071798655581347,0.27626256964115226,-1.1156184375002247,-2.074137445479777,0.8498776430816382,-0.30394667108463835,-1.2472151787612824,2.6266902523883164
0.4965073316467178,-0.8788670672943424,-0.8937517256781681,-1.202170738307382,-0.00792946719738019,-0.058860738552192864,-2.0850002949428714,0.08442485143896948,0.10741212995794433
-0.9890099957519686,-0.09374117790914799,-0.3823628024207713,-0.3717739182625366,-0.20253455697539977,0.28354864672452174,-0.19247882697478347,-0.6490674018667767,0.19031002850112655
-0.02498849356148565,-1.2343624961885964,-0.2286802588445547,0.6012831553707572,-0.00792946719738019,0.8128880771071162,0.9502928206352453,0.3664727467122117,0.5911379370627364
-0.6330435649093968,-0.6772200412609611,0.018736348235458937,0.3040709989277427,-0.00792946719738019,0.664493349212751,-0.1551109341189357,-0.9625947057559803,1.6099247729618487
-0.02498849356148565,0.1893891135529985,0.20782816915926433,-1.0303708795525663,2.0582990395178142,-0.14509688782806934,-0.1386248015241179,-0.4416347079077804,1.6883126375707125
-0.018857515221814974,1.5716194942493324,-0.7670361862524399,0.27982980208115554,-0.8880487280138997,1.1306775526806119,1.0132665912326166,1.641096554056081,-0.03684785880504532
-0.02498849356148565,-0.11534000029163527,1.1967516281235042,1.0379420706117592,-1.9628772047237515,1.956455452859152,-0.20491830981733908,-0.12258929880481036,-0.009879454416349394
-0.6925938425504721,-0.378762716968894,-0.4711940367791403,0.0901264618692183,-0.00792946719738019,-1.1454718744897123,-2.035896100873396,-0.47545827739663876,-0.7460778915420527
-0.736426771382278,-1.417614287680428,0.251799769766842,0.8216890475728987,-0.00792946719738019,-0.1916621420919969,-1.2854020559895545,2.593673959879202,0.3056873098262579
0.14964893705772253,-2.449772063533302,1.6773551790233159,0.0022799999294069568,2.0582990395178142,0.9632352372274917,-2.1268973329323466,0.6469969057682121,1.2829067567890526
0.6080121482321992,0.4479707699221848,-0.7127306048095636,-0.14654024709701188,-0.4306150303038492,0.2824470694636957,1.2119126267691416,2.593673959879202,-1.4302308695636112
-0.02498849356148565,0.19234173327430537,0.025470180202211347,-0.14249368299020992,-0.9093624936436142,0.10077528062106654,-0.1697493205478872,-0.13754570940673794,0.669354463180641
0.289106387218473,0.6660710035912545,-0.30186704523086866,-1.603885359880522,0.6123551155157059,0.8528768321089698,0.06605579266639931,-0.5926063461867576,-0.15405992819872702
-1.4238039570503003,0.837238366012829,0.10679282256704098,-0.10142205517424017,0.5378874448926716,0.633511986686026,-0.3743115968576413,0.7629218648504587,0.9703586572326158
-0.02498849356148565,-1.7876006835150524,-2.219653953290446,2.058047404861859,0.3204541524673213,1.3399663067747045,-0.9785869634871518,-1.5679345556295858,0.17173608188701522
-0.9125558894809864,-0.4687822938411519,-1.0455493558946845,-0.6608567061246614,1.3154157646783915,-0.2593693347170988,0.4717888575114782,-2.01164784897703,0.14757703108793008
-0.02498849356148565,-1.1592795205037962,2.617676220126285,-2.1985739360683767,-0.6521335859355802,-0.6166011677928493,0.9267406765619856,1.0304804221989656,-0.12852504185450006
2.0072868405059,2.1041846747846344,-1.00879583116197,-0.3651813237498995,-1.203534894553009,0.4553959732051428,-0.6931806687715688,0.6295385218024834,-0.8381642126039531
-1.6542563407192268,-0.004765585533333677,-0.3309643003026636,-1.4086715436789343,-0.13388868669989326,0.41325304870728835,-0.2704291050661143,1.1854473486156398,0.5453820177477064
-0.02498849356148565,-0.47077979487228705,-0.3631315333210254,0.05145749570350875,-0.23784416892709326,-0.8790557310386137,0.16568497434753257,1.7604127342812257,0.06881783750594482
-0.02498849356148565,-0.12580976946965378,0.3972466777080332,0.7043623255086813,-0.00792946719738019,0.49864436170239695,0.7446811894924908,-0.5170427111652081,-0.5384239900391653
0.6991038479707474,0.5351856799925232,-0.7636649443309559,0.3432947674120335,-0.48743347586450436,-0.6260630585171275,-1.4899799028084864,-0.7053501745894375,0.22582518994541612
0.9012612617250759,-1.2791768213524704,-0.4392018402544944,2.5522744139357783,-0.13527587830001114,-0.5757228735070312,-0.15151471269510777,-2.02989726857835,0.28568762901856865
-1.3254184799107325,-0.6171720830049909,0.6887385175942732,0.29731469408295386,2.0582990395178142,0.17808678872168535,0.05472564260101036,0.42283102978449827,-1.1822510250654779
0.5443195202412991,1.9557438798227198,-0.1306339957207669,-0.4970135162401436,-1.4161211856140525,-0.06328449482527924,-1.4254517114605145,0.3492015933671593,0.7572513840564531
-0.5667632159316774,0.9241154798916392,0.08934752003731086,0.1632023372197965,-0.00792946719738019,-1.224144310103235,-0.3153054673416339,-1.007634076364241,-1.0820041252274188
-0.5119733832173303,0.30819657564359837,-0.4211133791611709,-2.1920311542150785,0.47725932193422343,-0.45819370389301695,-0.32155747500650456,-0.39166662624723186,-1.4271180945724908
-0.22040756001474504,0.4050129818062,-0.953530207865748,0.27124944325287614,0.041628886101948225,0.9153666889525871,1.573070530898034,0.9591658173347896,-0.0009304836900797877
-0.02498849356148565,-0.062019127184963906,2.2543028740275988,-0.11797099450315546,-2.074137445479777,-0.7995232471877542,-0.0420688761071167,-0.49163671711601387,1.2080767832184318
1.2536359250244449,-0.2813559898343387,-1.64650640364777,-0.4981791432322193,-0.00792946719738019,-0.5179950575256627,0.7647842167605171,0.7516742998786218,-0.6204069891113226
-0.02498849356148565,-0.26778434036223775,0.869873930931818,0.5434451381945138,-1.885679317583303,0.539430921347624,0.5939187161191071,0.8180787914203655,0.8098322368161683
0.7745172124419438,0.4601559565567323,0.10972609354267208,-0.22891264662837676,-0.22190880553568262,-0.7306068272067753,-0.10363503255924816,-0.6835494115595575,1.1139764282624263
0.95941269237567,-0.9251184276714576,0.9190535495992253,1.6981513424214452,-0.832065017107443,1.5107029350147267,0.9649080919082803,-1.8495076254584994,-0.3586430104244849
-1.0818244883804373,-1.335358949817886,-0.8661258719513679,0.5630509476155746,-0.00792946719738019,-0.47869737043406874,-0.01417382191717648,0.5992758191576134,-0.6921609151976779
1.0795018529807656,0.316110168729622,-1.344470123525347,-0.41974569770931663,-0.23064270609337617,-0.9838080894667413,-0.07690608989018004,-1.5602926750188724,1.2197453593467282
0.5071471902487985,0.3062874694139389,1.4173862478520383,0.5108970574111844,-1.095916002751032,-0.9918889981451835,1.5766604376450344,0.9282068109787361,0.8147173731698643
-0.5747916413272769,-1.034480761523908,0.7083901111364059,0.8825245211015116,1.3959612006970805,-1.6386356475646078,-1.3306865326868706,-1.04941831901621,-1.3231472018297512
-1.3747597046519417,-0.5256744580391121,-0.3912252241678571,-1.245977716454119,2.0582990395178142,0.7425980781506584,-0.05768043764377513,0.6165986831367446,0.46516144363244744
-1.7848990132168314,0.26404587273821506,-0.9454661784679762,-0.49085264230865494,-0.00792946719738019,2.5822980656525,-0.872771677075045,0.2677763898476684,0.024148893270782047
-0.02498849356148565,-2.0622636540795973,-0.5347872897112795,-0.5253508830652838,-0.3609726021804983,1.2365037906457021,0.33100510468472827,0.5876672972496436,2.0437210166022717
-0.02498849356148565,1.3653984172958222,0.12373739997723782,0.9688423595258341,0.18713522354488632,0.7692511804647088,0.2925965874403799,1.4581937030895082,0.026734811877873126
-0.9100478502627743,-0.10097795679013909,-0.3000955190269666,-1.9203476309314547,-2.074137445479777,-0.762139061067209,0.20824311697368303,-2.574424434100959,-2.2989314105788403
-0.4795294262589138,1.676391808967341,0.002270222843716375,-1.4409357535997587,1.3518517159469012,-1.154008742698521,-0.029678158025221103,1.9934645890530092,-0.002189723317842524
-1.0701336106911545,-0.754382841651876,0.17122678751618303,0.5629009203180659,0.9988988060267833,0.3253203184958673,0.6874600043827352,1.8646099069744073,0.11358882156889288
1.1016757188076798,-1.3374385564088014,-0.23989976763655121,0.33824903732106587,-0.6550546134333596,1.1883197434686614,0.16529817296488641,0.5066062551371556,-1.3922566304778463
0.5828058022132446,0.6802533499442414,0.11701443720478977,0.19067193302632718,0.532168190534142,-0.1482675548604579,0.16665666687135502,0.40793882211378485,-0.4838278671483978
-1.5776664139476975,-1.8608857220679598,-0.34033916616529525,0.08315291475378728,2.0582990395178142,-0.8554524905814731,-0.2616437052268448,0.6238699715289815,-1.1763238038382637
-0.5245955433173519,-1.0130349771501117,0.5288631285522171,0.15805969963001903,0.16375423090633462,2.2718999065587404,0.21087927513709806,2.593673959879202,0.7996372291033517
-0.02498849356148565,-0.16095934228178457,-0.010348418153993452,-0.9692632479206283,0.7105803290255092,1.0451527879226363,0.7552378921455145,1.1545118236483503,0.19305443327282404
-0.7169589092423119,-1.092563688909718,0.5486096189579402,-0.5742663764705651,-0.00792946719738019,0.7495583726393521,1.400518857792977,1.0141770928951432,0.9555207288057086
-0.6966315518306723,-0.20132856207130664,0.6661081556151185,-0.4447479769333358,0.4683013065378815,-2.264159539337513,0.12060147773922388,0.4609565402688944,0.022135732291222378
0.14599257096373036,-0.5177413603270548,0.3397369413093857,-0.834136808463873,0.5112180366839688,0.9418850597895231,0.9394097444944084,-0.9953216269767239,-0.41864084980333643
0.9490857590961358,-1.2796895452432773,0.5983782274522204,-0.8634586397873242,-0.00792946719738019,-0.8746198690131757,-1.9813074136908975,0.20095099537452546,-1.5686917029470269
-0.02498849356148565,0.5562679221222895,-0.04250212345536762,0.7310055194466094,-0.00792946719738019,0.5932150218920619,0.45111460365868866,0.4444384772241643,0.36988014035359335
1.2291981954089248,-0.3446145581945324,1.0449216383824071,0.9056642480486856,-0.00792946719738019,-0.22699062632783495,1.2320826825356341,0.38792262346084794,-0.19575816784854125
-0.6410590781358609,-0.10639542528347753,0.11243197506863704,0.6187997318945899,0.2222180389733508,-1.6205854260634533,-0.23824034167506772,0.7791068330906682,-0.4355305548266983
-0.257370429226254,1.0751826341945414,-1.428650427857356,-0.7656364483878069,-2.074137445479777,-0.25630106343070735,-0.43859987236270687,0.5233172757399399,-0.6954985734172257
-0.12198332077169162,0.06632755744320346,0.48779472288889947,-1.2731336098749555,-0.00792946719738019,0.13503854842470148,-1.7335146183945447,1.3299596321744485,-0.5148128808204829
-1.1510121356210021,0.5239380411866791,-0.434305346390973,-0.7015742771738132,-0.00792946719738019,-1.358953746357511,-0.14121611059888906,-1.083000698407984,-1.289226749520702
2.308286324677278,-2.449772063533302,1.995062972747842,0.8884585225851938,0.1340008264731119,-0.1923298503335753,0.024848425529168734,-0.8571538166424876,-0.8410438058436639
1.2038724546728108,-1.4028109726305467,0.726994363677868,-2.2381753319613615,-2.074137445479777,0.5298291611731248,0.27945927244200136,0.8578648597632929,-0.886222684234679
-0.16972402339154677,-0.6131945889083661,-1.0675742783968616,-0.8628339340382585,1.9385814007474438,0.26515247309061,0.48646748498364273,2.460925978216106,-1.4939395375614481
-0.3306813530099824,-0.17498304312291008,-0.29811991167377566,-0.48809776324800563,1.5197343961584564,0.3784945850270805,-2.5674273535047867,1.1189085605268005,0.401456689664474
-1.285722867353163,-1.4891735012484313,-1.265884027433557,-0.20227053129598271,0.07499514984247523,0.7487945812205159,-0.14613268080278552,-0.34927333687276635,0.038784854638250335
-1.4936201217030425,2.4773274145363477,0.558439821257182,-0.6454409522105709,1.3114146260868573,-1.6143205956391884,0.4093150275040363,0.27500025725500465,-0.7181782831022735
-0.6196601626901813,0.4763630384103089,1.55544077694083,-0.577280119390562,-0.6151087058692511,1.5857984821594422,-1.7253134949259261,-0.6475353004143654,0.18945740718279777
-0.4395782415297779,-0.5456548726836092,0.12673248343272253,-0.5016707715715994,-0.20731660207725444,-0.6817108631128935,-0.3299359761746476,-1.6099357553769844,-0.6713524422536273
-2.0169934580562745,1.0337345249852667,0.47133122144741096,-0.3919920637555646,-1.6483666070601826,1.0374338181398712,0.5827961436283727,0.021414463528468944,-0.29391480138703774
0.7526312301459865,0.8707121168412787,-0.24696687565390107,1.3754408027008556,-0.00792946719738019,-0.09501331818609297,0.8099623463324894,0.006216496454020528,-1.1689091977782509
-1.1316174581133,0.25851070939194404,0.8653253564872673,0.3012661882064239,-0.3113139495580233,0.6362733478307768,0.7493517441270624,1.1094633615532825,1.4217091031862157
0.7863162229615305,0.6892609287407327,1.0808291688628664,-1.045814376990068,0.042441886665736964,-0.6215999676278268,0.19764502628862418,-0.9029544367531528,0.44893532117112095
-0.02498849356148565,-1.1302692236896947,1.8288836951055882,1.295984527832852,1.8256844580325609,0.19856358741101798,0.6809564931808507,-2.574424434100959,0.6227034540502987
-0.9362287085274764,2.380941167634435,-0.7682569004768336,0.38141036609920914,-0.5742842062075728,-0.02149395540547991,0.3205706371598947,-0.35720716889794835,-0.08291685178546845
-0.2207866533786865,1.090624076283114,-0.4062971784537352,1.0421209567668688,0.2957720364549943,-0.5155605840700312,-0.11046109143467712,0.8425479851010861,1.5543497223749025
-0.5793307967654134,0.4748963419997567,-0.4015474412554952,0.012610052640438496,0.2395024167688354,-0.867355376852659,-1.9318539793875273,1.041396536564378,1.865719505185403
0.10264569751643426,-1.5252314644037333,1.7723899280767135,-0.936709522288312,-1.7359514899751716,-0.3791662803264065,-0.28427490395563,-0.1751200749119872,-0.09951429700843532
-0.02498849356148565,-0.586760422575311,-0.19866786531145,-0.826115732063357,0.6508950744012577,-1.8396729197195412,-0.08714414731382635,-1.4140618991228366,0.09310627758508067
0.838854616099683,-2.449772063533302,0.04969593503647024,-1.3717119737487276,-0.00792946719738019,-0.22367058445582286,-2.3208718117207523,1.6015256677602063,0.36995530306013213
-0.48137336021044486,-1.959705051132849,0.20771992518388618,-1.2899185595896885,-2.074137445479777,1.8487067605985976,-1.362987009960605,1.8633732539136099,0.2985663624858232
-0.6917286824028752,1.4010733782654434,-0.9862290912029316,-0.7194674725006535,0.0665335891373958,-0.7852965175796106,-0.24400867421456937,-0.3506126310856638,0.22193425949741913
-2.3135109346399516,-1.5321354965553413,-0.0836764301992439,1.2895648705743186,-0.6816882618389478,-0.2486357851735345,-0.8422663541801166,1.1006175765684727,-1.4774229537340868
2.308286324677278,-1.043569787422764,1.8569222739413056,0.30002392115470405,0.5346486771749267,0.6473097251942597,-0.22237480433237017,0.024245291022433252,-0.9441243397049474
2.308286324677278,-0.4550109146043638,-0.029460296990702652,-0.09252983048777294,0.2266102700680592,0.38152004453451177,0.6907931099076424,-2.082157272395542,0.005750629490479442
-0.30926166284763357,1.3118118158431513,-1.0687141593549119,0.13628041272215607,-0.06471635792464432,0.32097128369536615,1.6662863914529342,0.4464734844635881,0.5178359855923487
1.598385988718461,0.21373050388850384,-0.18090116454253355,-0.1905056518959965,0.12753609917379857,1.031045563668091,1.5191332824398978,0.024245291022433252,0.47802149595984317
-0.02498849356148565,1.3144683135176123,0.5171091887378271,0.9860981603791967,-0.6977334108300276,-0.7143447497323918,-0.7680526458135976,1.6174982122489894,-0.9293459293989152
-0.02498849356148565,0.37188024013221244,0.1691922245356518,-0.8577480089818899,-1.8702328034025424,0.49169920768967956,-2.5532954823334566,-0.592158345636789,-0.9687892174599966
0.07277986779952393,-0.4175668243881563,-1.7750176525488923,-2.1411029798897028,-1.7861278039461077,0.023399060886000342,-1.3735663705093417,1.539338454104877,-0.09739332869889468
-0.8286043946936045,2.4370297532237615,-1.748975312159724,1.885332004603225,-2.074137445479777,-1.3176624887580546,-0.6654290406707939,-1.7447937095449524,-1.7765435532547316
0.7918046075235307,-2.1691429926375756,-1.3644505269183775,-0.8397453791021127,-2.074137445479777,0.7752002514386744,-0.7113575625702758,1.5772509251133928,-1.362988447538154
-0.46306275914533135,-0.5051171237608142,0.46389073002555764,1.6547772131251581,-0.7809400396681935,0.5888131780192185,1.0742955251277808,-0.566609006068983,-1.06032178958445
1.6088605517293455,0.6099490559513069,1.6926848512447108,-2.076553161035427,-0.00792946719738019,-0.5388486915799725,1.479086699674175,0.9084529951821315,0.14184951227776949
2.308286324677278,-0.013672366546655585,-0.9144647390377603,0.06422774153023654,-0.6845457666918171,-0.8620287281239754,1.5676895176346728,1.0403990010749409,-1.07025803004719
0.34758268318996627,-0.3318839650101323,-0.05364759238858664,0.19773206076753286,-0.007731526120913068,0.22531620594756246,0.4893149536332887,-1.1202959684597331,0.7385389084048525
1.2290651789567362,0.6954274269176156,-0.033130224429357716,-0.4371797070179699,-1.8284716429476982,-0.8801963065625437,0.4530465499730864,0.04708712282345286,-1.3114346427154784
-0.10158430937602057,-0.04906700066429504,1.5692568394233342,-0.4904459026125232,-1.0749167566742301,-0.39357520308366273,-0.6988524721393813,0.22909220059864333,0.2075802396273271
-0.02498849356148565,0.03583535320008371,-0.5336430546561067,-0.5839271952883569,-0.00792946719738019,-0.253121392879499,0.7548657310950675,0.17169465979858634,-0.6487819774309292
-0.5980995364788529,0.9748029855427842,0.01830472195756807,1.490915395330372,-0.00792946719738019,-0.9416702886649256,-0.37272820541017465,-0.2051734792895917,-0.09661612122277752
1.5207574697221822,-0.03139870794855149,-0.6218602602522733,1.9116940873149335,-1.0120997163929104,-0.27014455176867863,-2.7316554622756426,-0.7048822350337576,1.9287307710752843
0.5602417042418555,0.7680546035788973,0.7313424440302316,1.4364598687940464,-0.5464133299668097,0.45166266929862253,0.335624884233821,-0.6031667930881944,2.094788918410771
-0.03233839432607906,0.804234650288265,-0.6599401307026543,0.45210579215213414,0.636888493164635,-0.07579310879269328,-1.6698234256257525,0.014256455336591757,1.668736838258795
-0.3468572753625552,0.6610106120054899,0.2835522674918474,-0.8340948445058217,-0.7272481130369829,0.6314290342316049,-0.8686545175704755,-1.1537994795983326,-0.5802095494656649
-0.02498849356148565,1.0122473179173623,1.1750182215481637,-0.11178263526965727,-0.6147255758578377,-1.4636781483144996,1.5357665027308245,-0.7827060392166403,2.038749083061771
0.09032958054326119,-0.20876292296376994,-1.0120339817278896,0.4478882742265483,1.4538162446368363,1.445705966578434,-0.5418704562523443,-1.5988784441922954,-0.0726109805728697
-0.9828895098521674,0.6394689238446168,1.5747938265309753,0.031539645618280925,-0.00792946719738019,0.9852748661045256,0.5851396163276694,0.7278815525589061,0.22943968951471236
-1.5484663951491404,0.02695825920155694,1.9100036863002674,1.2913123530191457,1.600102431962739,-0.8626803664234131,-0.34610901111740755,-0.2895308522121608,-2.156770032876723
0.8609683540602976,0.15381227188721752,0.3337137302316385,0.47702487958628265,1.787611356604002,-0.1317139293121628,-0.4338001654647282,-0.9390908960236544,-0.5425141789450968
-1.808247739856899,-1.3625338946826198,-0.9919395844682348,0.2343044537677917,0.16873738901602206,1.2297530079009298,-0.03164691920386273,0.17476034064040172,1.1180296063725865
-0.46966412415076547,0.03940907756529572,-0.2938829763479169,0.724231922400835,-0.00792946719738019,0.1241064568021612,-0.4152482206396318,0.024245291022433252,-2.2744183691220288
-0.12674950258031387,-1.8154984838019759,-0.8291559378615613,1.6392379099061427,-0.4547188658328559,-1.748552681458629,-0.01927698954151092,-0.7638096525466191,0.8066922636307452
0.4714912544623715,-0.4536095112134122,-1.797152327715177,-1.1218922368294324,1.8359349340650488,1.1315092608148969,0.8538700646065271,-0.5247287264033614,0.4248919314990165
-0.06738607534446395,0.8285700809889199,0.3950131674032039,0.15968353096113952,-0.00792946719738019,2.777278481988685,0.9714009701026014,-1.7912734702371516,0.5127689187797675
-0.10047551625351657,-1.1939494934484212,1.0607344975931663,-0.10041173969541851,-0.00792946719738019,1.3245496423446237,-0.853844214057168,-0.4106746422717333,-0.5427051312753969
2.308286324677278,-0.9293899587316848,-1.0619710380662761,0.3641078465085728,-0.00792946719738019,2.052476312808838,0.4757028899655077,0.024245291022433252,0.4973631029817813
-2.3135109346399516,-1.5946997497497246,-1.697765524173952,2.5522744139357783,0.1079265577189899,0.09463796728024171,-1.1699325036999217,0.024245291022433252,0.46311340719264854
1.0764002938387616,-0.5817231249709182,0.15226831366573032,0.3320715963188716,0.6249401128718711,-0.1613712132258168,-0.5835063907802341,2.593673959879202,-0.588055091406892
1.1019551992720156,-0.30759909999540436,-0.16791116681276097,-2.063261049648966,1.0517398223275738,-0.5257184095738204,-1.3118589715438271,0.023997014980847702,-0.7390987164477055
-0.10807462221641725,1.4297407326492728,-1.6565111077467507,0.5851031340665886,2.0582990395178142,0.775501402758995,1.2758155161045046,-1.3644914194377444,0.49107614732526206
-0.02498849356148565,-0.5154694705087054,0.0026340766015860062,0.7461423039823045,-0.00792946719738019,-0.49919914912215374,-1.2869262419168543,0.23244861253879348,1.29686936009134
0.8553499333753085,1.5236523266135287,-0.4684163430074311,1.4342565597583212,0.5543533675581289,-1.031115339045793,-0.10555739766390083,0.024245291022433252,0.9126551978302169
-0.09102108620526225,0.994640779934498,-0.9442352429892886,-0.7002201665655031,-1.6594161085302914,-0.2882767371372481,1.1013245158675733,0.029538961421750963,0.3241053753974918
1.2513303588474287,1.128273599072867,-1.7411531650084962,1.3950803900503885,-0.00792946719738019,-0.13244933406069406,-0.6780162614318638,0.024245291022433252,-0.6079025174118696
-0.6101356810105125,-0.2217929359042513,-0.7987088129879001,-0.20293293102167217,-0.847141609073298,-1.6124101434459253,-0.704735892509573,0.9778634199906973,-0.6078295906325603
0.39953385303764033,0.8085949375045447,0.35121575720638837,0.9161763255486416,-1.4543958198861087,0.9931507770580501,1.2439861992884105,0.13445581371842646,-1.4050329726469304
0.38467163030346285,-0.023806706157666002,-0.5330363763218972,-1.1746950339282594,-0.00792946719738019,1.1430517982955164,0.17084841220695635,1.2628026862716952,0.738024894838214
-0.02498849356148565,0.9964416661446462,-0.399737081157396,-0.7903664024321017,-0.00792946719738019,0.616826289703143,-0.1772386927435109,-0.7681338790153753,0.21019429163778436
-0.02498849356148565,-1.058248142495254,-0.08339151126040283,0.2827278105652595,-1.4139981322999027,0.39728077019208596,-2.090898531405278,-0.39509861464568746,0.717066064435149
-0.08337426973633995,0.0641922019294743,-0.5957626263578921,-0.5100888419757684,-1.0834123798035153,0.5578598467760147,0.24691618546200395,-0.33617596026149815,0.3630902799973062
0.5601440132001156,1.6566923468676387,-1.0030668854445366,0.7751675375875341,1.9174006006437383,0.2191946426538604,-1.0079303472221106,0.6700728903504699,0.40165902713582285
-1.6575103681642982,0.12360572434186834,2.617676220126285,1.3043468975231791,0.22403942265585772,-1.4471103888941492,1.3967530221214328,-0.17270103413463,-0.030072388240192847
2.148345964738626,0.8716544708950893,-0.8211512065715321,0.18829593060732455,0.11706657322914844,1.1469385517370745,1.424611782407271,-0.0623814337643893,0.28701054394122466
0.5853389125290183,0.08171077606300857,-0.18608669033290984,-0.5938850839893541,0.14729841562147722,1.5475277195114896,0.6965826037229175,0.024245291022433252,0.45972973600145767
-0.36266842661412535,-0.995328070401912,1.0007410351793784,1.1032506063681486,-1.948798724328825,1.3487392670386826,-1.015664432104044,1.1255957143299893,0.3310075645192768
1.0852678250558918,0.07710502402344593,-1.567033965187239,-1.5026526049677902,-0.3820038627508913,0.3440349555125489,0.032488953748026385,0.5194872766223072,-0.018109123731597388
1.1099143375454363,1.0097180544426152,1.2738583659227454,0.666376205625644,-0.00792946719738019,-1.2257262130035151,0.8901240768802418,0.024245291022433252,-0.33471995464497317
0.05078487856115876,2.4773274145363477,-1.4573336152680323,0.8228947144838682,-1.2085155130329528,-0.5363996103670734,1.2591593312670608,1.8237515829053716,-2.5516652266530238
0.13689609171848607,-0.38682982038291114,1.2866205460909532,0.03271050292346187,-0.3511615929072912,-1.014795192421315,0.28346287271470233,0.16380848701569387,0.3822783431863262
0.817989740398433,1.0389127635283602,-1.0259495633783322,-0.7243455294234534,0.023510590433585166,2.2513465899224383,0.18994510026161474,2.401971796603174,-0.35151076955351196
2.066896688974021,-1.1373990887022907,1.1713224753562133,-0.6590889850751488,2.0582990395178142,1.4446345381168355,-0.8340330580398118,-1.3141537166259014,2.0609701578744906
-0.7667231759258438,-0.2987448200807285,0.06004169603104367,0.807431512718046,-0.06750541173397367,0.2350403420896489,-2.7316554622756426,-0.023992882089994935,0.09886151065772492
-1.2096474261476449,-1.0357660724353548,-0.27752608064496226,1.2577509271535323,-0.6117026203962695,0.8234450378744648,0.38607262741841564,-1.1450563459933985,-0.4945029909014772
1.0545499774243658,0.49714204617206564,0.756246074781997,0.05789364115242432,0.2975692822932247,-1.0602035229535174,-1.6194339726193527,-0.3635001502749145,-2.319655110971621
-0.02498849356148565,0.41032372983667753,2.617676220126285,1.1326494599328039,-0.00792946719738019,-0.9642080731585284,0.43455969710385683,0.024245291022433252,-0.16514187947136644
-0.08203495001136657,0.5555467279666567,1.2660926203601688,-1.0608443107629026,0.003806138111568253,-1.3472108962947587,-0.4437129329462139,-2.574424434100959,1.259966632365685
-0.02498849356148565,-1.1013282645500237,0.16616464728971758,0.8080415416430461,-0.00792946719738019,0.2839732319459867,-0.1266944681332479,0.25204850006987584,-0.46536050172149457
2.075108247273908,1.323979907994631,-1.3152795347234414,-0.658765461374671,0.5858455798049603,-0.2545605261737207,-0.2150095144369584,-0.4454647139806474,0.9611384984926326
-0.17096754131675837,-1.5747152738601884,-0.9945774078976639,-0.45751757610002314,-1.4022004368861503,-0.1674122082300665,0.018917117274453558,0.9871328715983803,0.07226523748200049
-0.7554919719915597,0.7739994477069669,-0.6245612341247256,-1.2424082983352032,-0.00792946719738019,-0.539504827548113,2.5549393310647575,0.9934106110133112,0.5972253938831461
0.673142875783331,-0.14057785614832055,-0.6140303376069114,0.9170144814177132,-0.659706801613597,0.06696281437176198,0.03851958545046417,0.7533809135066639,-0.4026389529545015
-1.4353129159444744,-0.3549773468390766,-0.4540042723952607,-1.9465857735341756,-1.867656836686263,1.2805858384753184,-0.9022592158184075,0.9097990763272433,-0.4255199342688774
-0.02498849356148565,-0.3340833589826137,0.6160025341187569,1.1549711832262255,-0.00792946719738019,-1.410056042547517,-0.2552391570588191,-0.6069758239339568,0.5782201129835601
0.287672237714978,2.0855238368451956,1.0500513071850417,-2.5652232910553825,-0.00792946719738019,1.9893940094966325,-0.7527585353160782,-1.3518433451154932,0.189115572185937
-0.8420421087925217,-0.7636879084166146,0.9908931660875687,0.9730356535626553,1.9307679450370931,0.00418073489982295,0.6379186550946332,0.5336254748779452,-1.2908425224402058
0.20092879473929626,-0.6159361155501571,-0.4055078967268955,-0.005260949930795904,-1.76169982563807,0.0220723370275541,0.16264803913457476,1.25663857665353,1.3205225655658057
-0.7739742127022646,-0.30381036733961175,0.773584414347909,-0.7793879322172604,0.15087273809415702,0.050381355770851,1.0558113928260047,0.1459977203491297,0.7485921325604918
-1.255148491673876,1.149499710742859,-0.9814931072954679,0.14595085427484378,0.7404391839813017,0.15546098298990582,-1.29629902587092,-0.7201053341630841,1.1576376980914727
-0.41279985621521603,0.28539429629576785,-0.30641418248082913,0.48767741594685937,1.1296055579890716,0.6732121755688402,0.4814445188480596,-0.6065103566280792,-1.9768536921271824
-1.145862635508097,0.4687826342729603,0.6179157350687667,-0.851247478637995,0.23409264271480648,-0.8554799667489041,0.7360602707751558,0.024245291022433252,-0.2404007869879351
0.2944758427772365,0.513153612416945,-0.6218209793049161,-1.0916827009667986,1.0667875912906304,-0.8446125667211147,-2.5057666083836088,-1.276920429207335,1.3332430162231685
0.4873675937310857,-0.21654592451961605,2.617676220126285,0.7013103640047238,-1.481996925856128,1.7774090094632617,0.2266029045639469,0.3169348180871436,-0.5810390332863636
-0.02498849356148565,0.7635545242550286,-0.07278863306200445,-0.520708271902395,0.08093845582733761,-0.5521864008603496,-1.4660253726810166,1.3416392117722595,-0.3881215891151152
-0.6238457951171559,1.567051210014417,1.083065140169274,-0.5887737897199697,-0.00792946719738019,1.2660769999884989,-1.1501450526990975,-0.27259371933869636,-0.49903086153544035
1.579974316571358,-2.1449117090112177,2.034422507869296,1.1087432209175403,-1.6451992302693264,0.7680534430729629,-1.455460327315306,-0.05243450491696255,0.9805888481996989
1.8513448136417678,0.7931766614079938,-1.1023849473822238,1.2557011939012739,-0.00792946719738019,0.19724385129065736,-0.13531392913339724,0.024245291022433252,-1.3101783044234718
-0.02498849356148565,0.17701264622668642,-1.1046925838675548,0.31629753083148177,-0.00792946719738019,-0.33011229994496316,-0.4627834790328389,0.024245291022433252,0.6191299184194431
-0.02498849356148565,0.10932677962947926,-0.7778226163235574,0.6149860600707129,-0.9614290164198022,-0.33360235886230033,-0.748961605577144,-0.5259908374035324,0.6750280856510901
-1.5553385208175612,2.4773274145363477,2.556262089676564,0.5093517958219975,-1.6792402355938842,-1.239322597073768,0.188896117248349,0.024245291022433252,1.2113471376306928
0.5327637504861544,-1.889057426659487,0.5161156234603651,0.269903712266436,2.0582990395178142,0.5680760169313226,0.09220426760964666,-0.9629787295115089,-0.4278337406761271
0.46430121464796625,-2.3435276083507617,-0.5870900587684353,-0.2074451546721889,0.6708804783579163,-0.7276460402789932,-0.3858561486827296,0.19059902688441088,-0.7300060193063995
-0.02498849356148565,-0.13062244908070997,-0.03190180956420398,0.07991493279216834,-0.053568436350730525,-0.363018205865769,1.2401115132737184,-1.3206643637902635,0.49709452445538915
-0.9888516015249714,1.3865604265685472,-1.6293259390745938,0.6354757350104138,-0.00792946719738019,0.638826746469453,0.3746380957437765,0.16692849794496498,-0.11585207054109913
0.3722256479000446,0.3061424302880964,-0.7092418737771176,-1.0348805195571908,-0.00792946719738019,0.3950987828001004,-0.8327059066306547,0.024245291022433252,0.582308596267023
-0.7612250365054857,0.8971362991363798,-1.9657312341352287,0.20366754433238612,0.08969371141715421,-1.268720079191815,-0.9780895530094514,-1.94654022643058,0.06734855893663536
-1.056801990168992,-0.40239835181313716,-0.1886912034371865,1.6825012994597606,0.09885546510518273,-0.7259457355847189,-0.9731700712187678,0.03218684796660902,0.5193644923949892
-1.4634638328629455,-0.06330735611064196,-0.3134607775224177,0.03823105921749898,0.18948315882238606,1.125520909468902,-1.0865963001397558,-0.33725166926977224,-1.0771054800721802
-0.8410750459854606,0.05898174455731771,-0.10320501697116598,1.2784274381577143,-0.22651411928101164,-1.428768022248504,-0.37174470863613807,0.5185403634391113,1.2145045612747152
0.02612159438767872,0.7853000990007394,-0.556787816586129,1.314777819656135,-0.3431089726818089,0.20556392596285056,0.7196323587034069,0.765919085555456,1.0669175436345955
0.06300864068607775,0.004274039518435145,-0.5949499046207367,-0.1572690155897357,-0.4237579899062323,1.1795676347343105,-0.43003454424155074,0.03180072683546761,0.08469771148635494
1.5706051884974381,0.13413360082436504,0.5462579338402623,-0.19398733186943543,0.20835016020567923,-0.7813086303529816,-0.03140507834209468,1.3390466570012547,1.1239423622368436
0.7593138879563396,0.1904859328554848,0.5446285966396032,0.8095176848062615,-0.30031865612530184,-0.724752744438256,0.9546620482462043,0.024245291022433252,1.0251932361152816
-1.6548078681176572,1.1137442865374554,-0.9353535097337746,1.469391605212169,1.7918022049768954,1.254359679875347,0.914631139927287,0.49447756317819985,-0.9528536937962522
-0.02498849356148565,-0.12457948448975636,-0.4386925545424533,0.21652669299023025,-0.6264807057299588,0.45492775267882873,-0.0970828554212737,-0.8529562408417145,0.5145361812931474
0.9947720545227118,0.8901185005852139,-1.0682071614312432,-0.6141238006380997,-0.18551667852346268,-0.1798504452508575,0.9742252441635797,0.4280204757198078,-0.17515255726804727
0.9203885555894272,0.08045299077225615,0.7987528210348503,0.1933724120251228,-0.930443097236768,0.038331066545379405,0.14418411744800416,1.123355446977552,-2.006369290690981
1.0798260805818427,1.090268889120428,0.7985912880436669,0.44159655010875504,1.1521446149651093,0.0767520188284118,0.6239070431462563,0.4430924166307185,-0.2421710296947801
-1.6637840968013162,-1.3503402747260191,0.08588818542937786,-0.18861537027326256,-0.00792946719738019,1.2125276925420396,0.4753977804614408,1.2857085666650598,-1.9239822579127157
0.3053234019270896,0.6836367138836645,-1.154676047366926,-1.455107874191866,2.0582990395178142,1.1577717029020576,0.8879024526862114,-0.6241035786470858,0.39014487137912873
0.9017895023800763,-0.6027582533650936,-1.5767926219506443,-0.8533904940315776,0.08176724769689886,-0.8096814243682655,0.03487562838446319,-0.9996282027899155,0.6475614420208639
-0.5454683663547428,0.7684474445065947,0.044266785193992506,0.011628816366798092,-1.5817201670295638,-0.9450716021891976,1.7343834141710124,-0.2913742349106944,0.8517442519144607
1.0147048889802064,1.2650680797926113,-1.0304431743050468,-1.0646884402362389,-0.00792946719738019,1.5286510290629947,0.7706798589235305,0.5146402810494751,0.9930533941572856
-0.3160530197353012,0.20676507509759595,-0.565227574006231,-0.6975870035921112,-0.6922005226733402,-0.20002549918434984,0.5152415062404261,-0.0845987853288249,-1.3508666175413053
-0.02498849356148565,-1.2099329363184437,-0.9662772624970756,-0.6433985614094314,-0.00792946719738019,-1.71307822860997,-0.3316593751863906,-0.3808623687535178,1.4325089228064738
-0.015128219684455223,-0.5253984590580346,0.7880230151792262,-1.4069846744208356,1.8132685791798042,2.099791872436614,-0.6694321121926476,-0.5168231731070352,0.5245319225584637
0.7707988308608592,0.34701078052174683,0.5166494218221077,0.9031414392270289,-0.4891891168852716,0.06846963607731864,-1.288321558770316,-0.1519218757400586,0.9878348227120278
-2.3135109346399516,-0.2977008664683667,-0.23778576327433706,0.025500481368915674,-0.00792946719738019,0.7177639168367144,-0.25441267470045525,0.5230901820809594,-0.4195839874327334
-0.321097195435671,0.16765064935055235,-0.5773126661898353,0.7826877814816285,0.8748125594575721,0.8231137498234641,-1.2023285105275223,-0.4099845566492448,-0.10143125905131463
-1.0550279049490874,0.3591484899199257,1.7218537978773432,0.3187533061175418,2.0582990395178142,1.0706518870092934,-0.2258609878130252,1.234873808297703,-0.07731873474245082
2.308286324677278,-1.053427614018716,-0.3677061202041787,-0.14699406120507277,0.34832833097474664,2.0028955342395296,1.4241862071699545,0.5173821759695628,-0.5946902913197495
-0.4472327078590292,-0.41812898557685274,-1.2122377474577595,1.1729446833699995,2.0582990395178142,-0.5168135147103978,0.587446523601854,1.104183868681364,-1.382079288177164
0.05771773941659105,-0.4069634957611716,-0.5943452664501778,-0.3828594390410879,-0.00792946719738019,-0.7836100048407412,-1.2670564227014314,-1.5586736601070346,-1.0455236116594935
-0.02498849356148565,-0.24701615291415444,0.31033200186661036,-0.0036915558598517944,-0.00792946719738019,1.6245455636889141,0.8379574191778806,-0.6677512560832851,0.4801432256364151
0.4038174802697672,-0.5269337197911592,0.9598908904245633,-0.11735971762786855,-0.124961463841309,-0.8883612111767096,-0.26122110388097497,-0.0065405231667968345,-0.3385597008247485
-0.2977753404224403,-0.46143692859234864,1.0092474570762544,-0.7543420425289342,0.3399176440625142,-2.115429791960056,1.0848124282944456,-2.0143714092310114,1.121064870194838
-0.5829821064839991,-0.7071484415356939,0.39677944695851525,-0.5796548656238556,-0.00792946719738019,0.7012591168815132,-0.0035024385691229463,0.284354559636365,0.30242137994548507
-0.02498849356148565,0.707186215363334,0.8583619327948895,1.444946014284154,-0.979374175826507,0.003237540914965896,0.9455141458805677,0.24254171746638242,2.347856851361567
-0.02498849356148565,2.405470148891949,2.6077158925034474,0.8207999422454061,-2.074137445479777,0.7468081040418707,0.14164636992651813,-0.9192845207987235,0.21268965227617082
-1.3005896852186096,-1.6873180448289824,0.4083595636148525,-0.34342584763242257,2.0582990395178142,0.2208283820606674,-2.086559455315231,0.4255887060468944,1.473574611777008
0.265298657565928,-0.13403227296802875,1.7354788453439232,-1.3070027959743942,-0.00792946719738019,2.063515213135128,1.3868847704725442,-2.574424434100959,0.5210476525872703
-0.02498849356148565,0.20228312238186152,0.28795118040720413,0.05278044615260926,0.8601253387479162,0.8309993785145056,0.771243850034192,0.41457029855617017,0.2770462178497126
-0.7265723683849501,0.4802744519292549,-2.0423086770669316,1.5241380597007335,-0.00792946719738019,-1.3718456121831553,1.0872691463760795,-0.8298915782662442,-0.7783776967988713
-0.7941757677735394,0.832996345895826,0.2783261799743289,-0.5872679591184464,-0.8774518583184244,-1.7789970717792847,0.2910068300185675,-1.6997314308062803,-0.30043306563110855
2.308286324677278,0.06795906879282963,0.879359843134488,-0.8692638703685492,-0.9199224025819456,-0.5387308816101029,0.2027463967618861,-1.1963552443771828,0.520021857044853
-1.6906137047473857,1.6670540198088972,-0.13964135185063475,-1.3488634730377076,1.4641771423861534,-0.18908553050768684,1.0882712715316303,0.8110614489042807,-1.039134482896932
-1.072272214826102,0.8513045826761222,-1.0153145485807713,0.36202495225545195,1.1403745930173999,-0.6391030103967814,1.846523203933716,2.4836438494793196,0.1081617270472229
-0.41561333659850297,0.888658444743872,0.5535566279794649,-2.484897515023515,-0.45666241783181305,-0.5436225960487894,-1.1062535176959627,-0.16857615101561646,-0.9222015387230974
-0.02498849356148565,0.5026339243997066,0.17811136808991332,-1.3869160593571168,-1.0447764938041717,0.2985782962792086,-2.2104156557967687,-0.019316642964228123,-1.1199443453336577
-0.4425432396733488,1.284771553651041,-0.38314437853023653,-0.9865585650240667,-0.00792946719738019,-2.399990943149247,-0.8342946142524758,-0.6238123869352672,-0.2596993034003227
1.6918193964502108,-1.0729192228200366,-1.4869107984963754,0.7323517156885165,-0.00792946719738019,0.3183370190221963,-0.4984629350011928,0.9040571581281659,-0.5554837816776181
0.16944386718425528,-0.4878931363864992,-0.7212059683629636,0.37698809342460476,-0.00792946719738019,0.3936253226727662,-1.6645461801016777,-1.8560550910312135,0.5726410866957276
0.08682868597707442,-0.48754604686816727,-1.2972961822251352,0.7249422520047482,0.2558473618330836,-0.8553276086585011,-0.6737226169152218,1.1040151785136578,-0.10572253866956954
-1.5574510365759189,-1.2268742394707952,-1.3403287318549502,-0.1320249434676414,-0.00792946719738019,-1.4368398995222937,-0.9954341957280903,-1.1555123949864385,1.7903722221607512
0.002654800493595302,-1.7474712173213311,-0.475339000697302,-0.5525624997642463,1.3695355607573958,-0.2960806533151687,-0.5580681495628789,-2.3927135715992414,-0.7295101353512048
-0.02498849356148565,1.4012287276396531,0.42463885543391994,-0.9257185198356813,0.018628716641392408,-0.5006969496526752,0.08794358742354008,-2.103821220128108,0.2354464885007652
-0.37080570755299525,-0.6393229592118983,1.8952981711863888,0.17977629222002128,-1.770286166427868,-1.6958144564008584,1.5988292533725534,0.9766828321923935,2.5464226636285576
-0.3823365274115292,-1.0341414817177843,-1.6012237088472385,-0.3172380169819574,2.0582990395178142,2.1956851926058314,1.1273413766395608,-0.7337298728438212,0.8260876500801032
-0.7156929300068972,0.6700285094717476,-0.565755335630057,-2.3222432651210627,-0.45784881244360986,2.334587934376115,0.7091422313467713,-0.09725317843286574,-1.6398360582184162
0.7903842104886394,0.294968141061649,-0.7399377215446356,-0.08085027030146409,0.07378763420655017,1.6250698053657138,0.18986960600082206,0.4179759117800374,-1.499881733396724
1.826062207304064,0.8412801026611072,0.7259804022591725,-0.9444331436978841,-0.00792946719738019,-0.34774295082490464,-0.8944377133230731,-1.4120406108639987,-0.04014829670575829
-0.0008079102471846359,-0.15271928409202995,-0.6457994527422616,0.8356434898789272,1.1069144420912336,0.46235233911796614,-0.5164669520180951,-2.574424434100959,-0.029604967423888764
-0.02498849356148565,-1.0395196122073467,-0.4023991526778916,0.6258892604803208,-1.190198850505105,0.47174467709053164,0.8196957115802441,-0.3229486653404307,0.22686263560593853
-1.1170181304608149,-0.1802235843637981,-0.5105614963907411,2.1786038962388687,-0.00792946719738019,0.4489825057349932,-0.5296676226775324,-1.3916734454012225,0.7275676984475709
0.08415371470787517,0.30898214402115254,0.43608563197533395,0.42373284330933614,-0.38583106738700224,0.7418757599875474,0.41033619406659455,-1.1148437416941324,1.011761196263154
-0.19379880988643342,2.4773274145363477,0.7509836824693562,-0.2080877725661599,-1.2899508215881752,-1.507537481789825,-1.6186629752140758,-0.3513708688646507,-1.8802091670733145
-0.02498849356148565,0.37039151538544196,-0.9681009342904735,-1.7035404135816312,-0.00792946719738019,0.288871607083943,2.180359821818033,0.630734391673305,-0.1423193723566389
1.020914393127144,-2.122956028689379,-0.7850718880525073,2.3068979327239636,-0.00792946719738019,1.5968920277404681,0.8291848064029805,0.22153239851223103,0.24471091130459766
-1.2907454274952022,-0.9296699428080276,-0.4216921202953842,-1.515208921271797,-0.00792946719738019,-0.9914033462310616,0.3952519701561211,-0.21525573993027286,-0.42349736803527765
-0.5668977309060856,-1.5103618651266704,0.10202499887517737,-1.349105610311003,-0.00792946719738019,0.6083155379660106,-1.4339445029982794,-0.2914049834123513,-0.44067074916358717
-0.7937512269887674,1.3965391884959797,0.0151852022480647,-0.5957329318651196,-0.00792946719738019,0.7577281646367839,-0.33157665044680895,-0.10420414557148956,0.951983435835999
-2.3135109346399516,-0.17122446265103475,0.7802060778892455,0.5103557942263864,-0.00792946719738019,-0.024612337257397365,-0.26991160426357497,-0.5342188135971576,0.41419239256191875
1.4603940962229975,0.6101086843873595,-0.9149886166890312,-1.3591333419427933,0.005717629267550679,-1.4361959234191883,-1.0718772194662862,0.18114551508053425,-0.6763586805597104
0.08136683015707534,-0.15769676715942,-0.8513402369001413,-0.3714935284097069,-0.6236042582132546,1.2413429018842495,-0.4992430308956694,2.593673959879202,-1.1323518322840629
-0.02498849356148565,0.7888008884394803,-1.1701949120995447,-0.3072723970576121,-0.00792946719738019,-0.4386618430641234,-0.39692381480252675,0.024245291022433252,-0.876615059121556
-2.3135109346399516,-0.27957476535826864,0.12370918673690469,0.0063479059418661355,-0.00792946719738019,-0.9497018888950065,-1.2684076329208704,0.07348008881030016,0.6719889246435958
-0.6505506402992206,0.19821237129046737,-1.1382849539094082,2.5522744139357783,-0.2972340796643518,-1.0272375678505754,0.13575072939820917,-1.2024066896343506,0.05598220909203106
1.0361491087810055,0.2410019290761093,0.11052329400423662,0.7296260710472099,0.8182302644133229,0.11085165070872081,0.8765611620325642,-0.25336626315727384,-0.1094588298918981
-0.9641322246289118,0.02397238816985902,-1.0567023675576108,-0.9321853005786042,-1.6792915449134804,0.23728289398285166,-0.021604436098529075,0.1168880118601554,0.5841756452032982
-1.4267945339093058,-0.6938065978913736,1.3992687108755544,-0.2527484701150663,1.3893276161709744,1.2580442321992868,0.8837636361660477,-1.1541664243398335,1.1357164164038744
1.1698666776716,0.13493545495320913,-0.8110069425547745,0.9606768885664385,0.7527863580128974,0.18992426894461728,1.114036286287491,0.5363865956122339,1.316310498512448
0.5315150497040924,-0.6123986962512112,-0.4285825598581974,0.2778432417903274,0.1573476849048516,-0.6900710632106251,-1.608500629429913,0.6468534864289895,0.2749346922784525
-0.06672087053953132,-0.3911366390647967,-1.0023342320063076,-0.4353741134165065,1.233054486116273,0.08873320780764367,0.1043382909753163,-0.019163390700597933,1.2059734671656448
-0.02498849356148565,0.5733237110130908,-1.0876418675046848,-0.027355766627784755,-0.9882077134470191,-1.3404375620470022,0.3667699059577949,1.7119343125193838,1.3516027632681105
-2.1246059370233206,-2.449772063533302,2.1460768395807395,-0.41464267636514446,-0.00792946719738019,-0.4277319952181103,0.4778326564552366,0.16055590815354015,-0.5887652200741887
2.308286324677278,-0.35255308424468157,1.173757743738054,1.1557438713377355,-0.00792946719738019,1.7605466726868801,0.011279521286226309,1.23797795115443,-0.011546889719734313
0.9345900544614675,1.3585018059506855,-0.5640104106578756,-0.6594543019291961,-1.9385268258795727,-1.6486695489305323,-1.1252696046474997,-0.2253781730937653,-0.5855637042204525
2.1071445647768705,1.2710507226566627,0.5695219340282685,-0.9936879509020233,0.032226407476114584,-0.590608508590392,-0.38248416021770076,1.2893730622475856,-0.40957342954325326
0.03209553799297485,-0.5903175307616366,-1.0846811363856845,0.022946200424144927,-0.00792946719738019,0.26192754823368564,0.040254311399068717,-0.362294671686154,1.9448812189474494
-1.894813645830366,1.3695194141093183,0.23592085597979454,1.6919083077485757,0.15166892211768868,1.3535709951257557,-0.7317116647199903,0.17607713189554328,1.393276945842182
0.4278339872159215,1.3482994781899658,-0.7788191443941964,1.151843793953293,1.2858785086484734,-0.010504227796995388,1.1234690793600364,0.024245291022433252,0.10789828226278556
-0.4829144756404632,-0.33156514762460193,-0.5546879710606879,0.12512473854461795,-0.10221166202666877,-1.2524896151443672,-0.8018872623534152,-1.2130004441150826,-0.40826904403557973
-0.1329276492476944,-0.17475744005295366,-0.006784685724206347,-0.9668406640189335,0.9780084302027247,-0.9667087604547631,-1.4501371904691336,0.1354580681355574,0.7563087079874796
-2.3135109346399516,0.48851059287003795,-0.20976035029985338,0.9217393246057514,0.5075871495131197,-0.907354697995321,1.2237796252761513,1.0428569764776536,-1.5015393370710028
-0.02498849356148565,-0.31499031945060374,-1.6805836139079786,1.4900215707275921,2.0582990395178142,-1.7303810328965898,-0.4278172339721621,0.3806094684919783,0.20167996102579108
-0.44310822082438966,-0.46451264419979577,-0.4151199235318783,1.0233158508436735,-0.00792946719738019,-0.9112301799814676,-0.09483436163675056,0.4976956264174627,-0.036228108180816926
-0.02498849356148565,-0.40404759694815534,-0.1829360493027522,0.1271894084908264,-0.006454294307606375,-0.8765139769470094,1.8325006610697878,0.04515666254341498,1.1974661907239956
-2.024156620822279,0.09622192510170738,0.41746786386934376,-0.7841482245270014,-2.074137445479777,-1.5774489159941962,-0.6325122292105059,-0.674005463783362,1.2153200430912807
0.1903749832091205,1.061906303958128,0.30693260004468437,0.1865400953768671,-0.3041353124718421,-0.9651124475055992,-1.4667538699094342,-1.0169312126034105,0.02809008370250145
-2.2869213737202294,0.014936775189354722,-0.10096993711879855,-0.08928396283632997,-0.00792946719738019,0.22986490977622812,0.7297740150964475,1.5488365045744226,0.7345693474752416
-0.6378521277491727,-1.1475740612679803,-0.058606312572272314,0.5963250241488927,-1.9514725277614584,1.0497396526086484,-0.9995284943488093,2.1860084155006665,-1.3033051688827932
0.30473872721472217,-2.449772063533302,0.7335430682938828,-1.5629520764744051,2.0582990395178142,0.5761875026060729,1.2645133481759543,0.6505218440744682,-0.3171575050634985
-0.22791298879437058,0.6887547460891889,-0.01922535623847178,0.019432902542164815,-0.00792946719738019,-0.667052812820971,0.7969836814411468,0.5038982146092226,-0.07482241524890433
0.7903598373254939,0.7243036415554412,-0.9676749072666354,-2.140208638835528,-0.00792946719738019,0.43139989149295604,0.21771961265106,0.8640903210193767,-0.563908759430687
0.214441652707989,1.2009004840778599,1.087652049014963,0.1672311322765618,-1.5966706679369351,0.0323992714732935,2.446350131547492,1.3681909895896938,0.7622235633045603
1.411248982840296,-1.4969618772674407,1.506938275787659,-0.9903263094829332,-0.00792946719738019,-0.4868667172636667,-0.7386550622471677,-1.093518536149907,-0.06362570283142323
0.20293580236278713,0.42870585043354664,-1.0708809297844688,1.1129039957859017,-0.7583836283715365,-0.16909416968740565,-0.5736702057980296,0.466714240068693,-0.05312349808383501
-0.02498849356148565,0.6881569810512921,-1.2379791425860347,-0.17248389815281925,1.9079136097509213,-1.7783171582758688,0.5711563481881995,0.024245291022433252,-0.8966491597065783
-0.8773320108984687,0.4387997193521235,1.2833647085996855,-0.6678482034342228,-0.6713812565930459,0.7066853381403562,-0.7515558245086915,-0.28495404050244044,1.1818262433502906
-0.6057188979143683,1.3042806867895116,0.04479914831987314,1.4145654184791203,-0.00792946719738019,0.6089104558726792,-0.06754686803537288,0.9381009385410023,-0.052560535826044336
-1.2515872420888101,-0.04859530991978947,-0.6242346646580901,0.5516649842113114,-0.5335672488408755,-1.143328938512123,-1.255914527793657,-0.43832052681936484,0.6134489346946523
-1.130940710425824,-0.48845704654894917,-0.057409655095612605,-0.27511853643412176,0.6067863677308524,-0.08362749753987028,-0.328351109309277,0.16749768892002742,-1.1445026114176873
-0.02498849356148565,0.10706816830727561,-1.0911976281953468,0.4826261819215135,-0.022620047183634848,-1.6617511316276794,-0.3178166665844863,-0.7644237065162509,0.67259104021271
-0.7173030840603208,-0.3058013671150163,0.47599007460686704,0.3934179707926017,0.3968153628885314,-0.1291585346457274,-0.6730113604572748,-0.3833191817803949,-0.37553561610492114
0.22453222109350238,1.2539514288835099,-0.3527189185599002,0.17295288275707324,0.8529596473815227,-0.8677596091262825,1.1657061471541592,-0.5228120791911293,-0.6416307120924327
-0.25888335993089695,0.3411111995966979,-0.5559870952078644,0.3680821597977957,-0.9235070828951669,-1.2168414928450733,0.6087734949302391,-2.4310055734857485,-0.668606643842748
-1.0175163354627084,-1.5549458829415002,-0.32097034607554414,-0.4779411168545764,-0.5393220188621954,0.5490103205883256,-0.7027271590392885,-0.2804430141597682,0.5699294275241463
-0.4141353834530996,0.9097124285740714,1.4886768892853854,1.1671336954859026,1.6727536818381665,-1.276563707181542,-0.47874428721479195,1.998814244503127,0.8167156425467429
1.6018175869302436,2.42944581444224,1.9554600763091168,0.5851811720057222,-2.074137445479777,0.9850052977546765,0.535803391407869,-0.2599614711453889,-0.5307819553351976
0.8964746516060959,0.8143574550999185,-0.19931706002574143,0.11989426565088246,-1.1597976290179988,-0.6536242972693058,0.4734591469184811,1.7607803345407773,0.26610636646600005
-1.052471070251542,0.47235981623628925,1.2053817843486596,-0.2071061260608491,-0.00792946719738019,0.2538172921716759,2.063524120072943,-0.9157305767677911,0.14312855934213756
-1.059879219311211,-0.6015247280754762,-0.47724922560691263,0.8354383608061516,-0.948383371346557,1.5838636495729816,-1.2066557026581677,-0.5520683546378168,1.647910378004847
-1.3772819072354368,-0.22324681223811127,1.5144383178434415,-0.25646970984329387,0.24204257322326425,-1.1877005991149847,-0.4128731223710429,-0.3232841900680903,0.8862305699735733
-0.7525179098434324,-0.5612452490498524,-1.0378360171053786,0.5201629193575509,-0.00792946719738019,0.13970842120702834,-0.1469255916046759,-0.4188625204751265,1.0932598976979355
-0.02498849356148565,-0.939940581823683,-0.9093539201114861,1.202540082668909,1.1929916158340328,0.8446634864709976,-0.5539227610161128,-0.4232944081109479,-1.4372064628289885
2.1539767414073054,0.5391837586045622,0.3941051214637998,-1.2416052622025624,-0.4587229814762156,-0.8025150001423967,-0.07783429828734009,0.11013368467864194,-1.3684854734886687
1.2220720031552768,0.07157457176328655,0.964534683332549,0.12159032671296058,-0.00792946719738019,-1.1619270368523535,-0.11749163236420376,1.8439956735818142,1.039863450412748
-0.9815577024672566,-2.449772063533302,1.298242490020909,-0.05446350579741225,-1.1617379918027628,0.9820153758324003,-1.6199980255211308,-1.1800844946944076,0.2550260550848091
1.0644668904460173,-1.2124712877368005,-0.44494106386644844,1.1511562298252962,-0.7622173411023342,0.9100918661546648,-0.6049928547521201,-0.928080951787493,-0.23809385045384446
-0.02498849356148565,0.28439052219260486,-0.18924093947157214,-0.20895282283000668,0.7034372271738518,0.705154937785675,-0.5895633113732661,0.2763202663315824,0.18392760411560355
0.5872990528540429,0.44464262153119477,2.617676220126285,-0.6067554323347588,-0.00792946719738019,1.3450652028089456,0.2419994224264675,1.169269643524502,0.3378570045654944
0.8674097252313229,0.37502159053789813,-0.2238149712529282,-0.5812988395034402,-2.074137445479777,1.2794859531531462,0.05076080090882523,0.562252703716108,0.7346368591849385
0.21845638084688296,1.1073134944807328,0.8277569209164625,0.5105902627578618,1.3391169356078563,-0.4633493920049684,-0.1214939181907158,-1.7393277711281219,-0.2697009517138003
-0.9844402167763074,-0.3288697721017924,0.6183158236103711,0.2749026944159615,-0.00792946719738019,-0.8371165968777122,0.2603911046551877,-0.6401773277816732,0.023142562324598357
-0.15844405275753587,-0.9314250380331488,0.7226174176572963,-0.012562256810789747,-0.4657708760415934,1.3311708218274014,2.231108222384694,0.7727784196388272,1.4633953166500315
-0.88279905066865,-0.0566471493219463,-0.500854690075884,-0.9567274301611187,2.0582990395178142,2.4710635100973573,1.0449959240531759,1.7363935352824948,0.35846951613038897
-0.09307815698749926,-1.2393748690020225,1.5965336537850252,0.09706927695171443,1.6454807279234207,-0.3456255334708828,1.115638780823887,0.3838236888235298,0.3736870614211548
-0.02498849356148565,-0.36555006383340016,0.7499264345986342,-0.3760387065588673,-0.08338256646980004,-0.5609288978479471,-0.9890693920639253,-0.27977699913559473,-0.7199405184843066
0.5198047255706176,1.1689424498486132,-0.6101637563728378,-0.6502337347214261,-0.3135811818730034,1.1817492032717014,1.0960241123272947,-0.38825511857386985,0.9346805480114634
-0.025005799271459662,-0.3738868137865681,1.1167710188040698,-1.2229187693521415,-0.00792946719738019,1.6679208060910793,0.045283646695025756,-0.651420430952389,-1.3355033505441258
-0.02498849356148565,-0.5695934628018712,1.836506042978033,-2.0706302801562173,-0.00792946719738019,1.3676063444190094,1.0190181346844305,-0.14626965101179207,1.491192895803303
-0.23835937527895065,-0.12492684818571663,0.030009150996823008,0.20257846319124623,-0.00792946719738019,-1.2534478193284204,-0.7472117917929911,0.024245291022433252,0.5156207079121381
-0.02498849356148565,1.1457283776674065,0.5841960055177493,-0.5874964147030927,-1.1285779658909705,-0.867088838171809,0.7791688271395549,-0.9764041045007807,0.4196333594776737
-0.3677191983425355,-0.18405113210873947,-0.7746958862187082,-0.13279328223453818,0.7371601427037171,-0.9180188008838461,0.20070465707850646,0.024245291022433252,-0.6680870369429311
0.8615821492478533,1.0803765940054582,1.2605429108439155,-0.07408170620245504,-1.6875320931913116,-0.7690012309563138,0.8663490603554169,0.22445078387515713,0.4195719482027449
-0.02498849356148565,0.12176349434050791,-0.24256909548674893,0.15611910804561052,0.12535324654312635,-1.6376070373384564,-0.06562278735862721,-2.379747986727981,0.5519055453385457
2.308286324677278,-1.0811015183841317,-1.8566041147224779,0.045073564308554,-0.00792946719738019,-1.3766913408448567,-0.7654645091454888,-2.574424434100959,0.2496146777329968
-0.8592186309297757,0.21615116642190946,-0.32737910809882215,1.3348931554197299,-0.00792946719738019,-0.0738548777588356,-0.9659434115437034,-0.07107434799873479,1.8766756318293003
0.7339120170587522,-0.14435587682368903,-0.5722912106385396,0.4905603822475051,0.005024908968617255,0.08445535758964469,-0.2814158331022426,-0.7860639942255494,1.155687845237251
-0.02498849356148565,1.4553547442926593,-1.4371259623558592,-0.5662642363334276,0.8444738648717702,2.039148603262148,0.29361930042563134,-0.227319203332694,2.187070899893427
-0.1561771635201458,0.03238298414281964,0.18237123515710602,0.8103370774363183,-0.00792946719738019,1.2588583288618758,-1.0404401053856236,-0.27832788217863047,-1.400118993761653
0.978126295400497,1.2038505278433957,0.6402786332492085,-0.9339690220001459,0.9349867369316398,1.1660096306304426,0.07282609017158662,-0.6943819333446661,-1.2704742337375157
0.7651775009088138,0.3839443271886129,0.22612559623273334,0.24327010847135774,0.42000768916766706,0.12704558539520217,-1.4314307098528483,0.06860950404781269,-1.3256200848115929
-0.02498849356148565,0.41766024485336395,0.6203657637202528,0.1908655384785247,-0.3001960081898731,-1.5692247501708303,-0.08516381707633122,-0.23278917077851868,0.18510320224481436
0.27974934756758285,1.4135389568452899,-1.0126168288079553,-1.6720829100771417,-0.00792946719738019,1.2969451458786747,0.9240139966538021,-0.24683871242580716,1.456071289115119
1.0626367411746251,0.6565106772202872,-2.161523616881429,-0.9414795719270617,0.1381623461802964,2.37874071223551,0.21013827341883284,1.05598902116386,-1.6943666034746512
1.4069893236652238,0.20553224076202872,-0.2918138921870747,0.07035069264937342,-0.09485921894960883,-0.7494050647437199,0.44571232000987404,-0.6899088622126565,1.220996326553822
0.9665732476796114,0.8741839361080952,0.22329842080230977,-1.5491038515988853,0.13095870844541374,0.6329457593194429,0.9165405887216367,-0.08753763425198337,-0.32026228608874824
0.31723960021933173,-0.33237534740891855,1.031750118575003,0.28536129973449376,-0.00792946719738019,0.6305309962150502,0.271154486621156,0.42874210173180677,2.2992289889504574
-0.02498849356148565,0.728874730376034,0.0406002099922498,0.11131112041222149,-0.5240201203975369,-1.24165950772509,-0.45133964070257754,0.9370356466312205,0.8907709721385404
-0.12018042309502673,-0.8094960401017293,-0.5294621938186508,-1.246844332943456,0.9612455619881431,2.704902882866573,0.9071207869113932,-1.6494914058614631,0.786687936029965
0.49711861548907915,0.4962032781325933,-0.04258158171618492,0.8499807999653969,0.8994629008314795,0.3872675331873706,2.2190004618266275,-1.5019764595885612,-0.36393533887132723
-0.5642172862339035,0.2722947158957645,0.4567270745266289,0.8241460511606914,1.6139602241591993,0.38136362349532366,-0.09011278519967114,-2.1764884579886523,0.826227216184317
-0.02498849356148565,-0.5219080034881897,0.4254320302855734,0.09769538420562547,-0.00792946719738019,-1.4450356366432096,-1.238074099257311,-1.5742649477233688,-2.6998940325501253
-0.21182167986620976,0.22933634250963209,-0.10152392726548504,-1.2224496232949602,-2.074137445479777,-1.1460289367847747,-0.31880877177084677,0.8789408534508313,-0.8530998204601732
-0.4908212630371054,0.5138575934880154,0.2579125779416151,0.14472590369166,-0.00792946719738019,-1.049642002134798,-0.5910451338227699,0.09248961849439216,-1.394551422969411
1.5966117274646496,-1.127053066564376,-0.2819918430716915,-2.021774564848862,2.0582990395178142,0.020353900790492607,0.23059860000544333,1.9138940096423283,-1.0143301925940462
-2.2320144009184966,-1.1148493459551103,-0.8824762835094162,0.8196459925364404,-0.7060146758250301,-0.1487313347920772,2.0155028975878744,0.7757318210503632,-0.2697304914562093
-1.9721171574672482,0.3423892731917756,1.4296251540318676,-0.20954142985767932,1.306279877424836,1.3046114245533247,-0.5017604272239093,-1.4005990195771747,0.5705537790705842
0.3848572238397803,0.08857841540123915,0.38836405889569503,0.5071924123219215,-0.4715317950238331,-0.12214350926427331,1.8139050421861462,-1.172022736947394,0.7172838558029508
1.796412837184425,0.8650239485364656,1.1195450348927043,2.5522744139357783,-0.5757533274777881,0.849637679375944,1.4972251100397964,0.9783158640101522,-0.8152905513182857
-1.9743346621209639,-1.2710549317643531,-1.0080942878364834,0.9436791301027423,-0.3697113525859157,-0.48533401222182404,-1.9883079160539856,0.7501516797174145,-1.7407605998481357
0.4705188435780212,-0.2073691167249928,1.261909595874317,-0.8849176597157054,1.103987188964159,-0.3557008479182333,0.30700487077817873,0.024245291022433252,0.23291000363751488
0.6623839826725777,0.6971663900960521,-0.37949250284885233,0.6265566323377189,-0.00792946719738019,-0.779459769956066,0.08627279653739219,0.6596970760711075,0.06654420199833601
-1.0194111523232428,-0.26910256310719094,0.44463318184547074,-2.3205798967535483,0.1509129139723889,0.3777955555645201,0.386073800820463,0.4038667815376154,1.1584429157834406
-0.21143318230870856,-0.5203649429827141,0.20374565280994908,-1.158613293746765,-0.003931137139584858,0.4439781698224701,-0.21284278210091237,-0.3734953780862508,0.23986803476094934
-0.02498849356148565,1.250202271571275,0.32915762494128964,1.4620392486825673,-1.0460131010528866,0.6640436725501561,-0.2237952942010612,-1.2805922483266474,1.7114060069415762
-0.27801106500017975,-0.11710665816173339,0.630371276547232,-0.8519034992515363,-1.664071860297845,-1.585748116402466,-0.620504097595703,-1.3149780401210802,0.4865514292025412
-0.49470640769683094,-0.8202732366311869,-0.6914924173600062,-1.0932644407007903,-0.04692568665688431,-1.4364990692013548,0.4501302546919415,-0.7992540949902857,0.41899800050816993
-2.3135109346399516,-0.40942264640488063,-0.8351868555367407,1.5419151246846443,-0.00792946719738019,-1.6607047149005687,-0.40283640816657695,2.593673959879202,-0.23264177247015813
-1.408121316610859,-0.1400596415115662,-0.2805074055336352,-0.6904469958251461,-0.3040184259961122,0.19557849657107032,-1.0131375825401985,-1.1092429588733557,-0.07516343367155023
-0.5617492377674957,0.8222622082532728,-0.40750847748559305,1.1854965288460124,1.9854766627253173,1.1423892973689034,0.5011902883851875,-0.7102333884337415,1.3837028954810084
-0.951308529558185,-0.4055915472281549,1.5779074865085105,-0.6868016124240953,-0.184728990841701,-0.9040709661668853,-0.5243588377001694,0.27277329067416817,-0.19630236053990172
-0.6303288890697937,0.8768703245490954,-0.7901026144989844,-0.8070874174628451,1.063574892107793,2.8081158221857514,-1.2321299180351337,0.3542473809283506,-1.205828982728156
-0.02498849356148565,-0.010727117816331438,-0.3998692390389527,0.07078960652897125,-0.36884372813851646,1.5910251525619292,0.4381080310794292,0.9580024470761369,1.0374904843906898
-1.215759206850073,-0.6528557298547999,-0.773587809312879,0.2068860936751662,-0.6720495199264706,-1.4747107343426573,-0.6386257466949631,0.024245291022433252,0.5219927052462044
-0.02498849356148565,0.08260931778947772,2.0763176686305136,-1.080253880391523,-2.074137445479777,-2.1121778944626053,-0.0005326243849324162,-0.8899305337587599,0.12814893343093003
-0.02498849356148565,-2.424510792058244,-0.8996757843101101,0.42980269964212703,-2.0730840353777857,-0.4620570391079249,-0.4758085705205118,-0.8047247127905411,-0.4720862670519346
0.20904898487618903,0.5726367608252859,1.242372533812751,-0.5039062455631568,-0.42490454870109257,0.14906746605631557,0.4775801500457392,-0.711393952178782,-0.5373369483202511
1.5117304509743825,0.47865436585818133,-1.1741513389684157,0.06138174231729581,0.20614481914464228,1.274968659492956,1.2444665664339403,-1.2133334220303895,-0.21419257578004006
0.443932062731884,-1.363449862152908,0.11047162403064474,-0.5804433389335675,0.3243326246152995,-0.31432222700453827,0.0019274017709343093,-0.13198685846535604,0.3981099723667516
0.806997263825035,1.4972968754945604,1.053502589757161,-1.5474723130332309,-1.5382533070602753,-0.09484522001157272,0.19372870525796534,-0.6401303534889543,0.9683763160425228
-1.58973286035958,-0.7002531968649798,-0.7909679970237266,-0.8327667817249432,2.0582990395178142,-1.1636216376210047,0.31511802189818233,0.16892480128829035,0.019046321679059154
0.909179801502978,1.0435761718743923,-0.807726412286859,-0.05253576589144097,-0.00792946719738019,0.26095592084580677,-0.6336361592530816,0.7270535857387128,0.21753005555505928
0.45106836787371535,0.4770798433827037,-1.0809874391731036,-0.2974492626961717,1.5265844773602346,-0.8295713663617853,-0.021970350988939805,0.2353596497263959,1.401274492417789
-1.2934181536645912,0.9678936412191793,-0.5143666778836263,-0.5193591133777009,0.8099854817658658,0.7943652533117219,-0.941258012209717,0.024245291022433252,0.5224573417047069
2.0575614630217647,0.08320669020056547,-0.6736456821670214,0.649854412562691,1.4998968267201493,-1.0190233702258447,1.8966537174752167,0.4581555968009797,-2.023233956030509
-0.02498849356148565,-0.5407483728231315,-0.4358491172917338,0.4752341786763188,-0.22867542160524262,-0.36354150900486654,-1.4851535936544449,-0.5500903587920074,-1.5542054528331126
-0.08565499343642206,-0.7229857944570072,-0.22349058902899177,-0.28148004169813107,-0.00792946719738019,-0.6490308907923932,1.7578911563694601,0.024245291022433252,0.7793717144299616
-1.2950217202984768,-0.10196362955146443,-0.0037201713243665683,-0.6112618070749758,-2.074137445479777,-0.9379009973910127,0.43798314478733585,0.14876844439470213,0.20578169946637076
-0.37800039257791074,0.03137261663051393,-0.7031332127994294,0.18613149764880746,-1.9104930796177457,0.3266572071932036,1.3401126999541697,0.7405171353631554,1.5298165257033998
-1.0558734129375333,2.133640179862362,0.9079017950359416,-0.07757893885668708,-0.00792946719738019,1.306308578379965,0.5509735706151134,-2.367880078410225,0.1380649611898071
2.308286324677278,-0.10963632743375733,1.9958580588071324,1.1087072064295336,-2.074137445479777,0.46789457806089624,1.6623494613471517,0.9849901946446302,-0.25716291541501196
-0.3849486456153003,-0.3756171798844561,-1.3001225112387402,-0.19850416371705193,1.457030145326481,0.0533149380112752,-0.19309135869015442,2.239600906174152,0.8088282918347532
-1.5340338725806497,-0.9303764760146153,-0.2589360531019598,0.5761043290662803,2.0582990395178142,-0.9308840944297879,0.38624607509353825,0.14828319889396344,1.4424319403620964
-2.3135109346399516,1.6416393187891798,0.18029029092599547,0.3524202990632487,0.5845012021194163,0.016613195501283803,1.898835091623339,-1.7995644950476701,-1.605210560593047
0.9008965030791022,0.8304414886085403,0.46343697735581935,-0.01689365545884391,-0.00792946719738019,-0.7268936440661745,0.04236105755700594,0.24334656759383405,-0.7336588071014188
2.308286324677278,-0.5582333348821193,1.362019676495038,1.2386808218303371,-0.18174438735534076,-0.0038279378961886303,1.1551805465626404,-0.4763681152623605,1.534088791190562
-0.02498849356148565,-0.38777051893854114,0.19609306488635803,-1.3948446143959246,-1.78350772046094,-0.5440257051024009,-1.2456876454104018,0.5996543587433774,-0.31768170220129327
-0.8645965459767316,-1.5517004784133401,-0.2737159623895149,-1.4565088692441763,-0.4265949235156131,-0.14749069808343848,0.3942418364320773,1.1737248979531636,0.41502499637234186
-0.8427364375493459,-0.9796816956071216,0.11428040878899916,0.2580071684609777,0.7512069079531529,-0.3067876035782287,1.2717291838407492,0.8959329972276937,0.4143521560236905
1.9948623641727163,-0.5859194227550517,0.9909616132860894,-0.47634229530073774,-0.00792946719738019,1.3881271524579628,-0.5891840645298503,-1.3026537671626983,0.46184040792708214
-0.31883288648092095,-1.431076017905018,-1.235903431755233,-0.21055217881966434,1.1998815362234132,0.06601364698573714,-2.0187874566720487,0.4745668641038144,0.16375141425460835
-1.0007828780245904,-1.666892492839292,-0.42483062764972596,0.006470395702342493,2.0582990395178142,-0.833749386220216,1.3801193951821038,0.7221331862695575,1.8995429520479814
-1.2862395893576049,-0.33565619435865485,0.5217121960719788,-0.6442913567201881,-0.16608191672898,1.469258162812284,0.9736194802750724,-1.2502404016611992,1.086727731627123
-0.15186687963319537,-0.8904697656870072,2.1529972397352695,-2.4178254808002304,-2.074137445479777,-1.5791589633140457,0.5432596554664344,0.3920486307326166,-1.1374174690920764
1.7089617609362353,-0.6469589605156019,1.2903501182245547,0.13812618151032288,-0.00792946719738019,0.0737322691780167,-0.9907174440397202,0.22859007454859168,-0.854881031274403
-1.4456206766053636,0.5667956633310458,-0.11633531707308756,1.2847965216722381,-0.00792946719738019,0.5651220558176293,-0.28199143250692316,-0.5278132317825176,1.502610314855819
0.21032933652729338,-0.08744061696889383,0.5453125249196492,2.1083938564661597,-0.7662271756527489,1.648995568154197,0.7021869955430508,-0.34063626410050624,-0.38301918889512326
-0.02498849356148565,-1.2993390153471243,0.9284378896521376,-0.8601698038653095,-2.074137445479777,-1.4367863803449714,-0.10557512106257938,0.7276126809299398,0.19821808184194364
-0.8456475323808552,-1.786626932445469,-1.2802941999647461,-1.1715340161108942,0.19255330066981455,0.2551733099548493,-1.1365119591881245,1.517103679261837,-0.8381576789469962
-0.31664853027476286,-0.017503644376977164,-0.9443429637823851,-0.49586897540385155,1.7320961141594609,-1.4480734619715052,-0.768533341024034,-0.9035768178986475,2.131577603535921
0.5693401544425807,0.8651584067224922,0.14235975506348997,-0.7793403246332646,-1.0551741404692705,-0.4796896911713976,-0.25937473514842646,-1.5093525036595474,-1.9030647744716134
-1.3276695141963224,-2.169998881860967,-1.639927207730703,-0.23988534460555153,0.06862889266959828,0.617286168118644,-0.4699518405806313,0.8501811868741839,1.522455994248158
-2.0804903427485764,0.37408301705344243,-0.026435947967051208,-0.8283374985140874,-0.18741024169104628,-2.029994464897555,-0.9301524923997436,-1.2751566579058553,0.8178605991408087
-0.09088129468776159,-0.6091754759106293,-0.7792272289143125,-0.9435080816719414,1.154631407435576,0.12274907557939913,2.3372630630913944,2.4944738039632286,-0.10987087229594555
0.8596768279541515,-2.423269807361598,-1.6584679444248145,1.2779936568126309,-0.00792946719738019,1.9221311881924337,-0.38463131714001825,0.4206473357223846,0.17628853747143766
0.2629911529578306,0.4264323112349442,1.0486525573693437,-0.48869083353464926,-0.6801200749151672,0.43598910927273354,0.7906116021009235,-1.604609376107919,-0.3199919617552438
1.2121158966014385,0.21822390083886276,0.2948969330720975,-0.34769366493607107,-1.4309852124993725,-1.1219288955719444,0.7584656429011556,0.16027146145580146,-1.0483502776552782
0.6944768417885798,0.04256218924399871,0.1238380051883182,1.6318008839387566,-0.3329262478315484,-0.38215723631935444,-0.2806847142585195,0.163981180315235,-0.9975824543850154
-1.6806452795475095,-1.0701269004816096,0.6009994541265693,-2.5652232910553825,1.2659651194966015,0.13868623226585472,0.27306651022331374,-0.08005027760217998,-1.3157306233706516
-0.02498849356148565,1.7759678979940763,-1.1605539608172402,-1.7675786190921916,-0.2534729639376476,-0.047509912084958666,-0.3330252947389001,-1.7056102809953657,-0.7242372667840323
-0.5214489147342398,0.8955055477398945,2.617676220126285,-0.8521633292614378,0.951533062745229,0.11712451608595596,-0.8835744243525172,0.9313515084063445,-0.35447954108632634
-0.02498849356148565,0.6109844629715976,-1.3771263812942587,-0.3296128678012245,-0.00792946719738019,-0.6009106754377673,-0.3260695884188226,1.0686615770134125,-0.26167324569724437
-0.7532822927502828,-1.739486345711565,-0.15912575656269312,-0.1489036370487316,-0.00792946719738019,0.03167382878829225,-1.8064372556637451,0.06275360434737184,-1.5682040302309987
-2.3135109346399516,0.19054459543501026,-1.4620727310400343,2.061512092783174,-0.6469205215860472,1.4755878709886632,0.3674959152466729,-0.07266169272536908,-0.14687960367266953
-2.283957740341709,-1.3653114777886557,-0.485098878027272,0.14636803624303313,-0.28650199476192795,-1.0518099688320524,-2.041512613932156,0.5763021494671474,-0.9764891890366192
-0.5846188293755838,-0.2772962184623554,0.6560776404398048,-0.41465533091881346,-0.07602091259870072,-1.5404258530490103,0.004610163662693161,-0.5434848882475817,-1.342294774782723
1.1363329935001725,-0.3064691266817248,-0.9690219266728521,-0.5437394068750661,-2.074137445479777,-0.42022627641618393,-0.5741632523023954,-0.8552383232988406,-1.1489815678528223
-0.02498849356148565,-0.3822207596305315,1.1943649850547462,0.8005876605171326,-0.00792946719738019,0.3354854589911021,-0.6420343168001853,0.8837992937247281,1.3924668296333125
-0.02498849356148565,-0.9240034533379023,0.23211956867065944,0.0009298392364915916,0.5309637135336438,-0.1845151562023323,-1.4795615466107537,1.8552265418461895,-0.27989301001678035
-0.02498849356148565,-1.8128183893138956,-0.47955555464628424,0.5102040336336469,2.0582990395178142,0.7439947179541221,1.0566797682319313,-1.9648965799516498,1.9094279321009895
0.318584167751818,0.4558265589023728,0.1938149729221561,0.008515544870296585,-0.00792946719738019,0.7367137833812877,1.1847414881315568,-0.8671380194670152,0.6388569507960725
-0.02498849356148565,0.5160685733116349,-0.9209974467451639,1.2704498035321896,1.7779610751823816,-1.1173277388356713,-1.7433661430987988,0.536074975133192,-0.4338017489021055
-0.02498849356148565,1.3777188501190485,0.45519627813895513,2.207992905507062,-0.00792946719738019,0.2582946897062337,-0.20787283712150784,0.9052572866678329,-0.777999418475425
-0.05010627528220922,0.8302445895404446,-0.26972948144393866,-1.1840895133296165,-0.7190836481570312,-1.960337923771116,1.271310705446401,0.024245291022433252,0.4813698688488619
0.16523105561221418,0.6320173611523309,-0.35485035070578647,0.3426331861246012,0.8224455719741671,-0.5208305836177297,-0.025587299569784654,-0.8447029298907371,-0.4307580336395869
1.7275174925127375,-1.584896936304903,-1.0293196346032032,1.4837656372002463,-0.7288359810134662,2.090534946634276,-1.7421394313596439,0.7305612212901179,-0.10996496111348289
1.8142307473680523,1.7339200608154386,-0.5665001096437554,-0.5667786957787843,0.4290285089264075,-0.19903121499651846,1.353137344802076,1.0797318402641498,-1.0049140883153758
0.6422824738243426,2.4773274145363477,0.25609745484432644,0.2736660133041743,-1.921230389820677,-1.498473188556873,-0.7568387124263793,0.2399035244058659,-1.1914659942740613
-0.02498849356148565,-1.2699581294439304,0.7180877020748597,0.7912651766976402,1.8996011125021408,-0.0606387571747238,1.3999555320443977,-0.8883589969039418,1.25376723402051
-0.02498849356148565,-1.0053100466070382,0.37129602634697517,-1.7798637291502435,0.5533719745652816,-0.15671734329892054,0.36285011161856345,-1.3208086351806434,-0.3056516875099182
-0.22224792548013417,-0.13911248855699498,-0.4427125141066626,-2.0653231434791106,-1.1899950992405333,-0.4574499918841314,-1.4076925954429378,1.681141071942371,1.4765179959691608
0.5502200262387009,0.8979691875460399,-0.653820811841385,-0.02695805635721425,-0.645982999312899,-0.1627857506717552,0.3487870801789699,-2.184095712380328,-2.0137525545585793
1.8458677216708854,1.0931318490719446,-2.0301730795161457,-0.3581740920270955,-1.0385151504451933,-1.2213808746324655,-0.7588821398421255,0.7948796840347798,-1.185889922907595
0.22900285800790074,0.08591205991202003,-0.5636366982510651,-0.3423562037025937,1.7536231971637948,-0.8639080837051465,0.8345669327420836,0.6207607682628143,0.06462763502306176
1.2302480726020184,-0.6793314483843058,0.4093709491731048,0.6007714386827071,-0.00792946719738019,-0.6813039249283175,0.215373387281097,-1.2425035638426256,0.6258002888627396
-0.02498849356148565,-1.0618049597993156,0.3023700780295743,0.08501322710111593,-0.07742616142932991,-0.14468163255552663,-0.8225950561802596,0.4948161730308598,-0.962342365645422
-1.3830326038060796,-0.30887574015347197,-0.39250439297485457,-0.07129600238958173,-0.00792946719738019,-0.5855862900011441,1.037127251488742,-0.48641023499464325,0.24144791698725046
-0.3071583118182036,-0.07440304584398355,-0.19712257481754134,-0.7083412546062159,-0.8130901133189348,-0.1706458082864506,0.5091174811060543,-0.5635693417328836,0.7277368466225461
-1.2209631180182876,0.15358006031302343,-0.30491588004756803,-2.503148174128968,1.6425328653561178,-0.9542529771461341,-0.2456751700578811,0.024245291022433252,-0.41034973896884014
0.6615046231222494,1.285900354412314,0.17178886580304373,-1.1442093337987032,-1.5942905705536765,0.6620042200887022,0.31295036232162815,-0.8214331914205447,-1.4659784401107934
-0.5356446803703616,0.43469311973495434,-1.2018175740674233,-0.10720383252597321,-0.6905486413584471,-0.6304565373904499,-0.7021077989846864,-0.21838530178942467,0.7667010282272185
-2.3135109346399516,0.08319544623712416,-0.7122163247687648,0.9162242108595975,-1.3532306641747418,-0.682158225006601,-0.7020598511339432,0.024245291022433252,-2.077089088448616
1.353073103450326,0.03827102186702857,0.6785883126745333,1.1779822467538457,-0.00792946719738019,-1.3641746007222773,2.23987295337065,0.43411177505070936,0.1950079135736241
-0.47867803671118536,1.0520448942600817,0.11601059794733365,2.1734575879493523,-0.5528832818788673,0.33654252786825845,-0.19179147975532224,0.024245291022433252,-1.731704692608214
-0.5095102770440596,-0.995883357730039,-0.5221419786112771,0.7774309605016542,0.37901555088017974,0.060104631799511164,0.33452317914226704,-1.2531625073904644,-0.7040984087870825
-0.12817320860883116,0.4407099514710081,-0.8981871456343788,0.06966298746531453,-0.5310436988088296,1.8113372313597687,0.528781101853826,0.27860709520819593,0.1836203354373279
2.308286324677278,-1.0269910045147959,-0.3647303413808763,1.8845422053499352,-2.0410387548279094,0.2546249680848866,-0.7380955213386039,1.046598312933871,-1.0086893161083406
-1.1620234751986365,-1.3788405499628997,1.8085136802972952,-0.8685171878724328,-0.00792946719738019,-1.039142697403345,0.04794246364869117,-1.6369423792812394,0.6671289024866135
-0.02498849356148565,-0.4050578884570259,-1.0864889830727569,1.6979487926139958,-0.43113982737820006,0.706598604466567,-0.2893413702334077,-1.2640673920208065,-0.9304421765157574
-0.02498849356148565,0.2491781909058232,1.2666437655338436,-0.7324925898859058,-0.28258024361860684,-1.086553519302489,-2.7316554622756426,0.31591472574107027,1.2215034470749475
-0.02498849356148565,-0.08920051252496387,-0.2746109417378417,0.27862696642744267,0.2997915021344872,-1.2988414443646537,1.3174484481574726,0.7391857806928589,-0.6187968672004718
0.318584363309697,1.0993511141905523,0.048181138823722026,0.4406192230366257,-0.00792946719738019,-0.5672387700852661,0.02835717106779473,0.024245291022433252,0.9095196505641783
-1.0994603266377732,-0.3367087695305406,-0.2198644521710393,1.9924706702052488,-2.074137445479777,1.152249379502802,1.3027546367080498,-1.100602827808854,-0.3713161860494885
-0.02498849356148565,-0.09279283427342769,-0.4083324005452688,0.5696394619443441,-0.00792946719738019,-0.6511334611038719,-0.15354205893063008,-1.4658868423328844,-1.6592469745890484
-0.02498849356148565,0.24466262836368338,-0.8555942816992559,0.9291531333888342,0.8676480289777593,-0.8356646079541529,0.2831678756092199,-0.4790329044940969,0.5393590881527773
0.8178814567300177,-1.2554280494614065,-0.41839305716371783,2.5522744139357783,1.179620442985659,-1.7305975342332396,-0.7334667234179373,0.8726326206441294,-0.32409351625914534
0.025240675352704394,-1.7695755066717633,-0.3553538359540734,0.28058981022552376,2.0582990395178142,1.2819705063254658,1.3312220675758313,0.15089170329841295,-0.42885833001486723
-0.23646882763809954,0.03558263575484089,0.6258985576845493,-0.706912897254874,-0.9418601629449066,-0.357717222262002,1.5900233835034927,-0.7669486628828278,-1.0111208680907495
-0.30355972122753744,0.5834377245430585,-0.6440608285162679,-0.31672801430548153,-0.9155831188993885,1.016548520149175,-0.7003363924088868,-2.574424434100959,0.9669101341923866
-0.02498849356148565,1.5596246848810522,-1.7482221415184143,1.7202200259640854,2.0582990395178142,-0.8870184128733899,-0.28304999688523685,0.1339990941609432,0.23067742659860888
-0.526075318550615,-0.34408314066493767,-0.40982652621952187,-0.3614846057876817,0.7580935335022088,-0.7453695700731403,0.6774473380845141,0.677775796603734,0.028133390467808446
-1.0511912499487355,2.362470008586019,2.5118260335256455,-1.913450449494827,1.0752880641324263,0.31044410352077656,0.6784122157358696,-0.32944528820383967,-0.2361970415227348
-2.195244045335954,0.21793354876723192,2.3547923664252917,0.9093392342270706,-1.7195777946653923,0.9739005030607687,-0.150615987098347,-1.2945376804812345,0.28362221450656705
-0.02498849356148565,-0.46325200166323127,0.07284394369230773,0.05513181601895644,-0.00792946719738019,1.2016947063014314,-1.0072886662926397,0.6363541907455988,-0.8638421907783288
1.4245202617144297,1.7780788587774496,0.6879470370971006,-0.35140147647090236,1.2896264273411424,2.0360462908729837,0.5866661481639303,-0.4674220917566172,-2.509202542410149
0.24819051780203402,-0.4203824214593434,-0.322445357029766,0.3194115018446471,-1.1984973655005533,-1.0853553214815477,-1.1588944185829197,1.0903054796021387,2.696183899386438
0.19709308497315892,-0.3447488827049478,0.27564075209534017,0.07619693070290384,-0.00792946719738019,-1.4554714809374327,0.21491562363733518,0.024245291022433252,-0.07644557225042156
-0.944104472592327,-0.7656472905844003,-1.6190951971950474,0.10882283357933716,-0.10215914761788444,0.2082656045500021,-0.8901185767567474,1.919976715637291,0.05408787785357128
0.3018136446924929,-1.0775842112896572,0.015531908578697837,1.5911523512365757,-0.00792946719738019,-0.31314268337439843,0.2308303523189864,1.0736222908299864,0.30415271406350697
0.42827651466811845,0.1343440275841387,-1.1998556917822762,-0.3129141243599261,0.5107748365421326,-0.06711021098059533,1.426248452638956,-0.8709435450303152,-0.9076631477582887
1.2062261036546058,0.5380238517471663,-0.36846503177388146,0.9862154660534831,-0.29790495576298265,-0.3759996319043603,1.7944174220275284,1.9649645434161749,0.7824209517477346
0.08797626011968776,0.41326376603833287,-0.7939874316057518,-0.7328769541620853,0.16077218068174018,-1.05554567900312,-1.9533561364300418,0.33847189621376655,1.4588651649808708
0.8296388555905295,-1.5851500721446503,-0.4707612393267191,-0.3564866979397106,0.8357144016031973,-0.07256161762590517,0.49741779168264,2.2324929860722915,-0.28478173368552945
-0.02498849356148565,-0.18342985499459838,-0.4002235381980451,0.21530808106223326,0.9240054383455508,0.5684704545222804,-0.15018505633610016,1.556927829199583,0.5687030362518712
0.8827327697124014,0.11697278098010257,0.8523863775711158,0.07364402059294031,-0.00792946719738019,0.3804435577996663,0.2823838552117867,0.26050878489395235,1.0437605001427888
0.7867170544113707,-0.15791632329584102,-0.17766168226241555,-1.0655410894650539,-0.00792946719738019,0.24810147467419638,-1.491784706215151,-0.5817347963840214,1.5740411336611007
-0.25302611798448293,0.22595059324535627,0.1985407284900146,-0.26254428069889085,0.29235565296714694,0.37412603993719973,0.5044454277454526,-0.17187023323408207,-0.12531898157568933
1.5401630573328757,-0.8549411445214955,0.5824061076743883,0.19739856258493582,-0.00792946719738019,0.9098971052532684,-1.235240561595472,-1.0337447286747066,-0.6545451220545415
-0.02498849356148565,-0.05344446923941804,-0.4286534620228002,0.30621783475738085,-0.00792946719738019,-1.3287225292296616,-0.5909654548935396,0.5706892232946359,0.7175064687243785
1.2325718181934935,0.5009718937189114,-0.9132150675982108,-0.4816076590764865,-0.00792946719738019,0.7838797730326433,-0.5080093895468292,-0.3951897981302753,0.9220298594637563
0.7334292481227206,0.43343251554621326,-0.602823304909533,1.0654616602033753,0.8396764132378863,1.6699891658971804,0.931954055302305,0.156761021629576,1.4502644920750352
0.3752012653731021,0.2600014336586401,-0.24290118137693703,-0.6056698104310448,-0.00792946719738019,1.1465645474860573,-0.08359054851704277,-0.758705053816743,-0.5899702910968486
-2.3135109346399516,0.1462498255329829,0.7039265106373783,-0.9337639832678657,-0.10569302650113456,-1.695476410880625,0.9959107165660943,0.5698396252235207,-0.83254199537741
1.0937711336686142,0.11414405279307524,-1.422315649124476,-0.9468322531996562,-0.00792946719738019,1.06718609439733,-0.7383504701105177,-0.017913196434823173,0.8326547647799646
0.14510109676719815,-0.06820500627203889,-1.614424387588615,-0.2963628523676212,1.9628525808946382,-1.4292648772110244,0.5432024420818636,-0.08442147642478275,0.4163192801792863
0.5181535292578533,-0.10485475909038641,-0.7350003829364531,0.4792937899991454,-0.28799701549068524,-1.5623110804087403,-0.26820046419499166,1.4754943090014554,-0.8411842882261275
-0.09408337112740775,0.43831972213148757,0.08873253436372666,-0.7646031072392283,-0.00792946719738019,0.5979888182942049,-0.10697829808383406,-0.14812575077580872,0.24453047814250897
-0.02498849356148565,-1.0413110059945605,1.6814645661344445,-1.04242345087155,-1.5609400110251441,1.210823467634702,0.04604726320377804,0.8143742566923422,0.8860227648241152
1.5258981668738938,-0.3716009978178148,-0.03487666496543491,2.5522744139357783,-0.9229207724333662,-1.3635381316647552,0.782449515385463,-0.991473056926173,1.898876832280998
1.4430589356222836,-2.3921637623343766,0.019265324806359552,1.4348479368198712,-1.5414106090494546,-0.6767827019693163,0.09019571682542642,-0.14230054566552372,0.3871124351372238
-0.1173761248176031,-0.7212156086257482,-0.6291508955348964,-0.5026825149917656,-0.12761065152438733,-1.1142512652758778,-0.5558330568838297,-0.40023157936527437,0.684910731626011
1.381098352926374,1.0101976824695411,-0.6119349716518945,0.0016743820432398634,-0.4091694055813085,0.37988874404830986,-0.508566280078924,0.7145048577118821,-0.3953858449158891
-0.02498849356148565,1.291543233230018,0.4609366965387217,-0.039024360788347166,1.2590805229996602,-1.0221867754544345,0.06047840889208152,0.4136687815678536,-0.3278512361516356
-0.3565069740166705,-0.2742623683372084,-0.21829610979513422,0.10489201129275172,-0.00792946719738019,-0.44885577187739334,-0.5845841214694476,1.226355168148572,-0.17554822296563982
-0.02498849356148565,0.09257875748350687,-1.9104253312469877,-1.3727445053466163,0.24898307812735418,-0.4761993563982362,-1.0815042115073366,-1.0112618058386644,-0.9614713253698299
0.8805909904814305,-1.035402621184183,-0.002730382032259,-0.8947014139696673,-0.822314715881929,-0.9360044743130037,1.7949988213294212,0.7905501401731808,0.9838057308179133
-0.27277424043022885,2.3696548308920407,-0.3537669344426386,-1.1559770159600287,0.1036726501758057,-1.4873276736459022,1.832404076109978,0.5893456382987119,1.612945380400806
-0.20995920001732737,0.16358066983600308,0.44684212465337797,1.4343293501062024,-0.18275434826195425,1.1703887157189015,1.0730304153157704,1.5412520290440321,1.6069996903466128
0.7033301719573631,0.8203720579905552,-0.45293692489206716,1.0404374017374256,-0.6042022419856485,0.33648984416331895,-0.673523113434686,0.7936806022251295,-0.8031707769034575
-0.7628214451133736,0.9533008068994099,-0.2040066896368262,0.6625595042297754,-2.074137445479777,-1.8858609464030025,-1.4195406234718777,-0.8883959030194764,0.09632159887661915
-2.0352955262460375,-0.8720879217494543,-0.6921528642500788,-1.1401103168229598,-2.074137445479777,0.287282603322913,-0.8949189429511297,1.3388321979534794,0.20178905168754738
0.6452148553752406,-1.5438030967186815,-0.14038142297325656,1.3434687343618883,-0.00792946719738019,0.6112800176436315,-1.0910530803655267,-0.393992282084031,0.7541687700731856
0.7929857505726927,0.1844476558795023,0.41587067427110985,0.3318114901338336,1.0867559840163068,2.1559691455846313,-0.7547963454533253,0.39344733165499773,-0.34113175892654635
2.308286324677278,-0.41215185062834775,-2.080433003543246,0.18088069359943032,2.0582990395178142,0.6163197660584149,-1.0522707190715148,0.20097502474154647,-1.2410851457510617
-0.22673367602214808,-1.3179307467680035,0.35977446264932617,0.8742696964982557,-1.8731558564417108,-1.206573522529142,0.5365956079128097,0.2349427836124762,-0.6136024208351093
-0.7444106418932116,0.12506723681715445,1.258617100520199,-0.3975717397001417,0.5993473901206432,-0.9567124367567714,-0.043745513553081775,-1.4897710201795948,-0.6933618924635003
0.9591760608709833,0.842281022379638,0.6297532207142817,-0.42312323788033757,0.62929152006431,-1.3577710303602424,-1.1123899873986813,-0.13730744949474835,-0.645319890769843
2.235933565133195,-0.5825037573968003,-0.16189043840707398,-0.883832822651783,-0.00792946719738019,0.7748301912779907,0.6921792598316151,-1.1513908882859132,-1.5004539736230391
1.8673706632059681,0.9406555307567658,1.009965308529274,-0.18368024436522434,-0.00792946719738019,-1.8574219235207212,-0.15986799155775683,0.19111262869904438,0.8455357374231214
1.6321558041458628,-1.981385996144132,2.314803507374944,-0.32591639305332715,2.0582990395178142,-1.9886369976302962,-1.197931305896663,0.5915455904054188,0.6894445313344391
-0.20598458798065952,0.6884507939307883,-0.4721971169773091,0.7189096585332234,-0.00792946719738019,-0.8470223662173101,-1.1510016529419071,-0.589495180923982,0.48265783047603755
0.5033049012954314,0.4475526283150536,-0.36911664964149055,-0.9262355433057174,1.3835903347228462,-0.6341214550704322,0.1427538796732265,-1.4947691177119167,1.5099619978965075
-1.2122103510981685,0.5061704352217632,2.1020338856623555,0.6354542000452276,-0.4657238950725861,-0.8868432359645685,0.9582791768885636,-0.137205628940105,-0.38477547814733754
-0.453587609622196,-0.6003124714117172,-0.199186963900129,-0.4859863714516159,1.2735523140726397,-0.6422139229375637,-0.791306454779058,-0.30477145678106043,-0.41201521889491255
1.0789692886682838,1.2659987123071723,-0.4885135983634285,-1.5311804382613026,0.24731609892436898,-0.038459115234204366,0.32952070791474525,0.9482954266967807,-1.1907736050946498
-0.4571047466377016,0.9138197309068067,-0.7475357326660675,-0.6308449893517716,-0.00792946719738019,0.500659033725041,1.1641785150578614,1.352902732532552,0.29024954535904657
0.6911099962693645,1.4932596118226709,0.9898962647896541,0.3721491802860417,-0.8120465488803605,-1.459634641347361,2.593157181764258,-0.30810586284109037,-0.7020939975477253
0.16463255930174675,0.7285326832439203,-0.45866235331440935,-0.722666857066617,-1.7947627997998041,-0.24621515081674641,0.5838966478168685,-0.8210456105245306,-0.5893930861736937
-0.02498849356148565,0.9499052568170011,2.0780837158873218,0.9377598545849104,-0.00792946719738019,1.411999798827377,-0.1549673181730375,0.024245291022433252,1.1674050026558094
-0.02498849356148565,-2.08340567371045,-1.5239097463551652,-0.19749521078412988,-0.18492327961125865,1.243775115993699,1.0536046685295148,-2.216327111390908,-0.15268724652962704
-0.11709197191349881,1.013687061017557,2.617676220126285,1.5605853252810145,1.4261869140781118,-0.424301723534481,-0.1153538884947277,0.04279909180300353,-0.17828971210542113
-1.541286613219812,-0.9943622503902418,1.0582284258935286,0.17748215769764597,1.617523612550715,1.0090468368666305,0.2265966283414546,0.18988617148915463,1.4034419246691003
-1.0832628901758623,1.871748403264703,-1.2524764223505762,0.04946844231021823,-0.12765556748196505,-0.7109336997217183,0.43046837358550355,-0.9851071278545319,-2.164146535301345
-0.02498849356148565,-1.253560305683928,0.5626922333892864,-1.4399303358431719,-1.3271221137310991,1.6078808645400948,0.009470170527543825,-0.833737996221825,0.968729383268798
2.308286324677278,0.6525050992381852,-1.3185401682234308,-2.370826413914248,2.0582990395178142,0.8291712650597932,-0.4428554636519804,0.38677079531163355,-0.7146668876613342
-0.2942985533935147,-0.7464638637937502,1.4831080062176143,0.7415220032725847,-1.272874033138726,-0.4608568153124278,0.5022603328931207,0.10728363322591582,1.177782901255137
-1.365729923730212,1.186694473579558,-1.1943459270703143,-0.11180267973072491,-0.5876866941121239,-0.23946576265975136,-0.14664859502221791,-1.956763685350297,-0.3504160144667331
0.7367960555601083,-2.226819975968917,0.21979093116819035,1.0524201313839554,-0.5009304202284397,-0.34963310903595096,0.31912353174481867,-0.2373490705509027,0.4131608547575345
-1.1782163949061482,0.16766311875583448,1.0584106320117919,0.09710560390878542,-0.9262302638748038,0.3187457269520186,-1.0515603916275433,1.3834403101358526,-0.3677722590584083
0.4257975386631401,-1.1162307375534621,0.8081277985910842,0.05278101763557193,-0.00792946719738019,0.15856831767218593,-0.3286386816078081,0.05035462143396914,-1.1395166442433409
0.6214747988689977,0.029161857306042843,0.09999289012654278,0.7380835492833399,-1.217098644537661,-0.8548112363004312,-0.3980504719902152,0.34862537889880624,-0.7421213595686843
-2.0559155875504307,-2.3753067701918216,1.4313171365715758,0.5304984648458725,2.0582990395178142,0.1331236624966524,0.04614618400040119,-0.1118499602941129,0.41166285159383914
-0.4831342983914573,-1.16649542249066,-0.09520663948680713,-1.179959789250934,-0.514923549091519,-1.5184862534835166,0.8089788661360767,-0.2707168292763799,-0.8904750795588862
0.5881015491885551,0.726263879505121,-1.0766822381133527,0.6048569952536809,0.8579630801591722,-0.9461051578255438,0.44859146851396725,1.1577801218646282,-1.3206579609102618
-0.40191490452039186,0.9390711038741104,-0.5867180739590812,-0.12645160659212829,-0.4832242273212522,0.727282923859752,1.322242142817387,0.9178803892898065,-1.382105600723922
-1.1334606629221184,-0.3754394465636975,0.5462660829521132,0.14216383637870683,-0.04136768326994897,0.42026746983593044,1.2885175782484382,0.36039046823643417,0.20060038503751543
-0.22881287443360795,-1.1863484408548388,-0.6653597637580602,-0.0008687279417525167,-0.00792946719738019,1.112227544240517,-1.5174233664263646,-1.8036302504005521,-0.5507946722490085
-1.2247541786267995,1.6980475368933057,-0.7037568398851222,-0.46196787412797213,-1.8004612893563352,-1.1471015571375909,0.44415476337259235,-1.4466912668859309,-0.28741721652960317
0.6204829167651877,0.157473922657749,2.0186963623406218,0.25070482189698884,-1.8307532911622737,0.08057839928810044,1.1044200328981846,0.25418186167530027,0.40711328608867653
0.09052901586523429,0.1456832274561454,0.3710321850895825,-1.2327722452828669,-1.5891369489057203,-0.5294118785739049,-0.5618369928416628,-2.574424434100959,-0.3810951718076899
1.7778526900660143,0.6042477139322131,-0.6364572720092623,0.2651096862455614,-0.3700560084923633,0.34839627351736946,-1.422797965876544,-0.5491591224336074,-1.7000379610630454
-0.06126635080936747,0.29787819052438014,0.0752284744073972,-0.775875605325355,-0.9382891699954481,0.1957891818107932,-0.22499103868136341,0.7566555010084209,1.2554090793419623
-1.2717206729575703,-1.1101565986548625,0.37858569755989746,-0.5456625376167319,-1.052030591758528,0.8992874558150874,0.23678887447234703,-0.3381608132465237,0.2656128366712434
-1.181754654252851,-0.9207663318106344,0.335723762108676,0.5344809398887005,0.02455839590069281,-0.32370770429610507,1.2147629564724174,0.2589272580433443,-1.4378880293203815
1.0442175095776156,-0.0788136978882627,-0.08684798035027406,-0.01739699774666754,-0.00792946719738019,-0.4143271505630419,-0.18632325002124256,-0.3375397477556115,2.135461696262029
1.0124864695081899,1.0114750196830615,-0.6935549132033382,-1.9229921603173772,0.7367386410804561,-0.6964105634145863,-0.05706188735544174,1.0413519522333403,1.2331968290028816
-0.8278901170280317,-0.32878291784114594,0.6894094992646033,-0.2317370979162024,-0.11864923443724819,0.033399330481176555,1.974294393897864,0.29027097650217437,-1.0375470313242716
-0.02498849356148565,0.5806689924567042,1.6334840380573565,-0.026472560962156184,-0.00792946719738019,-0.15157731413094827,0.5029056340872611,0.3445656524014587,-1.9747546074213385
-0.02498849356148565,-1.179205926195087,0.48426921311522403,-1.9575111865815102,-0.00792946719738019,-0.8956250560862928,0.543724277871108,1.2343848541050497,1.3571414069300132
0.8453094545378145,2.4397933896386643,2.1481834175380246,-0.003279762609289005,-2.074137445479777,-0.10672268056611321,-1.3704637659187902,0.8486939786688336,-0.44085085370823174
-0.02498849356148565,0.7642537336487929,0.6130308226620854,-1.6887102968841456,-0.1065374134638814,0.4745505175322107,-0.08022070709761399,0.024245291022433252,2.205587748659359
-1.6387011445854571,-0.19133212739802097,-0.0878847362164512,-0.6083363827579871,-0.20920754526196442,-0.8631137124615091,-0.7822952696417232,-0.15978744381015011,0.10116626388737907
2.096047777011189,1.1435012988552495,-2.119719350875211,1.8277697729223505,-0.00792946719738019,-1.0835254891034107,1.2655568120448484,1.0468254581192917,0.11978274963444029
-0.64543791216723,1.3110696873609742,0.32380660895853564,0.37572455028408697,-2.0460547058655756,0.7094653452025882,2.4233902945102836,0.8339034859480788,0.6146637465375181
-0.02498849356148565,0.04030951618443834,1.0693820691958122,-0.5672648899950704,-0.00792946719738019,-1.3053465813135596,0.00780820790055185,0.5401361911656496,-0.06942746845091699
-1.628291555456131,-1.4394381405697876,0.6395198178434036,0.2790427478294125,-1.1962272468070128,1.19777756128954,0.6330317269201805,-1.43057990803609,-1.420891010352182
1.1512832617151882,-0.6574781233849756,-1.4088902264325263,-0.6983561763348043,0.10118894173194337,-0.1952306739462142,-1.290281209488198,0.024245291022433252,1.6410570694066442
-1.0598053659467164,1.0291004182225418,2.617676220126285,-0.4075734598617093,-0.2988042900670876,-0.024057286556101436,-0.5821344645544908,-1.6822422460397688,-0.17331181704858367
2.071079142645245,0.33311174654943987,-0.6375350907755943,-0.061655053662353604,0.9525298182463975,-1.851121164595556,0.8667675614684097,-1.4298669321281483,0.20326313851141253
-0.22985718835738644,0.40048157632175646,-0.7600139616102839,0.20374826692292633,0.5683701368753478,-0.2174755151565888,-0.10043852022774213,0.25195118041867176,1.298339748503649
-0.6170627567077674,-1.352717023015207,-0.5430029166439133,0.6937373784100448,-0.16151584980956502,0.6909107254714372,0.008540228561312344,-0.23411322588694858,0.4839238794388237
-0.44235089479453393,0.7038661670232327,-1.0706332648349497,2.4245882323627437,-0.00792946719738019,-0.06122750403458253,-1.926229029605499,0.8284664555345873,0.13560804783543884
2.308286324677278,-0.9080799084228725,1.450508214726671,-0.5014735942196364,0.35222867951025566,0.8205100524206659,1.5782283431210546,-1.3776392530844965,0.32172857197852955
0.036839530841707484,0.5466641035774196,0.3488771512214521,-0.6983348353045178,-2.074137445479777,0.9990531301115372,0.6599986168968032,1.6461754541912574,2.265364114437156
-0.11463292084756276,-0.728636304066245,-1.359456715713787,0.19375397191759167,1.3940748789483608,1.4119870392261966,-1.1875085852641665,-1.919865206327168,-1.1951014878881427
-0.05282908666757959,-0.8359267210492087,-0.2976749157899582,-1.3606297115590602,1.0481183035082207,-0.006302574343578524,0.947739772387575,-1.1323568839618803,0.6655937866072095
-0.02498849356148565,0.06978205018681788,-0.22909981094044565,1.5451368184156127,0.36214137553350045,-0.16567064301968187,-1.383618801825547,-1.5050149348246018,0.7822672968935395
-0.15363327104600422,1.2059068704620646,0.28070918976593223,-0.9888908926425262,0.049755386675815985,-1.112530185315515,-1.4613931079818532,0.712373065536223,1.242141196779248
0.13052478938390752,-1.324022971862138,1.056970687479061,-1.4959679457822597,-2.074137445479777,0.3119482305551733,-1.0485266202448154,0.024245291022433252,-0.7722236522430934
-2.3135109346399516,0.6908280269573548,-0.5928508185141331,-0.6585881777824494,-0.00792946719738019,-0.1943631862670954,-0.048101592967360975,-0.3898015827589015,0.8536997285173059
-2.0944272129603174,-1.0042396625725583,0.21194931655282587,0.9371846003076792,-0.00792946719738019,1.5230651469954626,-0.12446620940312197,0.3065816508397372,-1.4938818008270653
0.1455245704471002,-0.23006679632748,-0.0750119776950364,-0.3587959816472712,0.7469125937905817,-0.4506341045225109,0.0448387920425286,0.9581082281081085,0.5475300279223191
0.3988551722806422,-0.08654818972238469,-0.17709039354617898,-0.3090209121032161,-0.00792946719738019,-0.3965124927315708,0.022530336772062166,-1.7416339455476424,1.8672741959736316
0.272909835234896,0.3653106715060382,0.7552081425366194,-0.4081521162272629,0.18280853951774007,1.2132496715699208,0.8861460528066728,-0.06576863259955472,-0.3006264443818321
0.7835847726918839,0.4367757664224967,0.3941321537981875,0.8067434753160032,1.6641317168079988,-1.3097434082086483,-0.8534312319227623,1.2319609540404397,0.22842042933319312
-0.7090628588189437,-0.43871050755388186,1.0774410295910795,0.31418660816117633,-0.46793297433910047,0.9076215139303317,-0.8798462671262388,0.971477136318845,-2.4151720882751007
-0.02498849356148565,0.39882762500663654,-1.6471063109143795,0.34303281678638836,2.0582990395178142,-0.05710399086571798,0.650447617119743,0.024245291022433252,0.6390697506840083
1.4628545624776428,0.8020313255554757,2.617676220126285,-0.1544354304684031,-2.074137445479777,-0.5434176340754027,-0.4761676146123092,2.2911190240041006,0.7645601495365923
-0.1943134561654648,-0.6428355499158943,-0.06610002939643289,-0.021873264504893193,0.5183631598255968,0.013396254508284734,-0.5218531091859981,-0.718700432635007,-1.4772507042876464
-0.009729273022431555,-2.1272629770059397,0.9902494367028168,-1.7259643203718462,-1.6538835785603871,-0.978279796452661,0.2766276965947577,-0.530209977989307,-1.4102487804989896
-0.02498849356148565,-0.0947387743633121,0.997323139847263,-0.16815199259427646,0.28439993916323153,0.05302379383572704,0.9885552551846039,-1.0673416838850942,-1.3536037225372888
-0.02498849356148565,-0.14596101794726524,-1.3006331590167013,-0.49628545256855017,-0.00792946719738019,0.8290938565252339,0.9406242518810883,-1.4965398277349653,0.39623299551911095
-1.3808365110482013,-2.449772063533302,-0.3390965311429352,1.3884397273687004,-0.008298593668508368,0.3982850242910038,0.9881962774914964,0.7319469218177489,-0.27185709387606527
0.40549849488550144,-2.449772063533302,1.7689238124435545,-0.4980968809143138,1.4281642793096032,-1.7682871575990982,0.8599378779770696,-1.1293094080782786,-0.23343064768448285
-0.02498849356148565,-0.7580429345585368,0.5357585077615161,0.08765525186100732,0.08249609651204115,1.0529744663522345,-0.13485093183199048,1.237217231419911,0.6878606770892202
-0.02498849356148565,0.673737030407022,1.831702064258989,0.7479683463184167,-0.00792946719738019,-0.7358643898994907,0.3628159163472512,-1.9396844323655802,-1.247956795219085
-1.9479572370127367,-0.24333954879963285,0.8710023878852962,0.6308807150726763,-1.0353144380965098,0.37840660496434025,0.6487853859014688,-1.2742254583379466,0.8907929542322577
-0.02498849356148565,0.16111324500082796,-0.7450216810906656,-0.2763289053293566,1.0857674137204074,-0.8315231192196285,-1.0210178012627626,-2.574424434100959,0.7957761572836284
-1.0101656412164406,-1.0499888895398495,1.1426576157385067,0.7564144633749097,0.55649365387275,1.565139667081483,0.4280636031935335,0.39816209786577383,0.7905404057647427
0.6571859443882,-0.49764338745535963,-0.3079561906673451,1.7560543524514205,-0.2507932154733005,-0.5037485988256581,-0.9208911192724138,0.06153639443172902,0.14105091827154484
2.308286324677278,0.099663187600214,-1.2486355879223068,0.21180019069518868,2.0582990395178142,0.4496141712438491,0.8811483563830084,-0.20342931874129971,-0.13234421463453763
1.4593836379127272,-0.3604041762752539,-0.046860888596792834,0.1876967532737767,1.951334989379846,-1.0901516622716991,-2.34393179115632,0.024245291022433252,-0.15480062790369067
-2.1916148896468495,2.4773274145363477,1.297719415661851,-1.7411047898704186,-0.00792946719738019,0.8557218070994311,-0.2567513521564642,0.36928904847969657,1.3759862099019682
-0.02498849356148565,0.9431019957859781,-0.9810437449949364,-1.8920146040324746,1.3089996528213041,-1.1400916282861078,-1.5750191937202793,1.0738277253761903,-2.0625850423452543
-0.13343818800835158,-0.13783930281985665,0.3928408312239956,0.2802097653026274,-0.00792946719738019,0.9471991176144497,-1.0688983067067908,0.12791203545572097,-0.7276535235093964
0.5047931458640809,0.7248097581615951,-0.6452186553659227,-0.11869342487299714,-0.00792946719738019,-0.7963990407859657,-0.3681233328968966,1.0242328750364136,-0.11620359794342842
-1.467543552965481,-1.2869560369877282,1.5011392184778223,-0.008859419865671436,-0.4232892984892002,0.9350358896396664,1.2559529864357792,-0.20326893105397792,-0.9245874679137225
-1.6822079231051041,0.598110596974865,1.0035266718872382,1.0580376647754242,-0.00792946719738019,-1.4146426596236255,-0.9810741783015355,-0.2213743687058676,-0.13811428565399533
-0.5613153707731803,0.010923231766311168,0.8328518491505692,0.8954021494592499,0.03708583004948226,1.8630262512202134,-0.9731655873478977,0.024245291022433252,2.253078682095253
0.6600496965009048,-1.421227133180903,0.9041320005682043,0.3385488812478446,2.0582990395178142,-0.6185570257245194,1.5865368030457287,0.7683888426005238,-1.9661810065348497
0.8538529708628427,0.05595681545488683,-1.228617498871126,-1.1734621951013862,-0.769030634258648,-0.3152905450638295,-0.3098494595278117,0.9655906557506986,-1.5194912567611054
1.2184204380611998,-0.5327693010154156,-1.4325275779431224,-0.35862778848189625,1.1277864052303257,-1.2861800703801158,-0.09928688507968512,1.2630325114688274,-1.444933191555725
2.308286324677278,-2.449772063533302,0.45987805721092956,0.8623762122893827,-0.4774053715509774,-0.42026149245733335,-0.4726266679617274,-0.9139132041242324,0.9068425836848565
0.11121763955484988,-0.6194877158535745,1.4727746121162264,-1.2677307637208008,-1.4621277052186519,-1.1800060191287094,-1.2105196973246148,0.7100468022998381,-0.5981622521901827
0.7746937875982471,-0.5800724346634896,0.6727602475024561,1.2020337566421142,0.03582750331055996,-0.3660493967493285,0.5219633910912882,0.9781234826192697,-0.7725915644089026
-0.2740881796516035,1.3176882333416922,0.4752277574964053,-0.5338294537351528,-0.7719929167910509,-1.257522736713926,-1.8867510091998707,-1.3138063957777268,-1.2971172789084218
0.21927964953803206,-0.3360729608459824,-0.6695471958012618,-1.1683027522483271,-0.5257624247546522,-0.08682332648883108,0.5491406668701981,-0.1068221474605286,0.5794442288814678
0.3091217821930615,0.10180539192251947,0.38978538252551237,-1.3973444885288353,0.29274390364603736,0.23237245788337013,0.5773069540408495,-1.5050138538617763,1.4071272912042354
-1.5630524070902783,-1.7062083078671884,-0.9775317423936384,0.7528652857725857,1.1314523589732886,0.1617627131849426,-1.335882530707263,1.0605343099559998,0.18522640579719282
-0.02498849356148565,0.20214033073462695,-0.5259357541691381,-0.01985439055590908,-0.7304559227013498,0.03913966527087617,1.1467518653917823,0.7961363030977462,-0.5470269534652051
-1.1239580390418822,-0.13148707199438248,-1.149025947555642,-1.2239097731534436,2.0582990395178142,-0.2597675114530478,-1.7712277914895767,-0.7406943833168498,0.790001130664872
-0.02498849356148565,-0.38842674345056655,-1.0069554988198857,1.3643715082265595,0.0567095021341565,0.5182354932412409,1.648062996213442,0.8933028561629952,0.5827331603638162
-0.1510407861134595,0.028597386851704466,-0.7762406033453707,0.19992507202195228,-0.00792946719738019,-0.6607773479431983,-0.889338970326523,0.8330297092598715,1.260704082517188
-1.2243226256172342,-0.8012337121828013,0.5991122536891786,0.5979642224017654,1.3698394713094662,-0.30563094079882236,-0.05080053377425207,1.0008110820756004,-0.7791227184742124
1.5198772413726478,-0.3053651286695942,-0.7242593526733607,0.6527056967159234,0.015752620028334798,-0.00528479900287684,-0.637483345816206,2.593673959879202,0.7303218859562531
0.4483034925296643,-0.5706303588332431,-0.20825592645179833,-0.022997354958733132,-0.00792946719738019,-0.7810189584599537,-0.7207084020622936,-0.522653474493093,-1.125457058187289
1.8239170302413572,0.2918823539735869,1.2816469511957587,-0.948020340882745,0.7493512705675289,-1.169076521604701,0.8458935157681431,0.1676092102828347,-0.6992986539270541
0.23716740582048465,0.5593974197646066,-1.2003777542526213,1.3740245587012205,1.3522078029904998,-0.8710287560315984,0.28975652428679266,0.9028422626194992,-0.16759968208804232
-0.12416634098479337,-0.5257976225893067,1.007946949792101,-0.3572141168883143,-1.5525586320053366,-0.4103532457458878,-2.0218019300906067,-0.19675877276444248,-1.368619159163676
-0.8372601306660777,-0.004741724297532681,-0.30619389352597376,0.32553132247996475,-0.16192476323543548,-1.2823920786308713,1.3155292520578965,0.7033167111817191,-0.1812445124261697
0.5935929254632856,-0.8214056117387569,1.7366394000756937,-0.5898827635495476,0.4084645633084637,1.1477411879638888,0.5020426593285257,0.16794009566118692,0.1370058237785175
0.050296375870100614,-0.5652510981273994,0.4413812366219289,0.22653379691910003,-0.6519261162306801,-1.2917690729048124,0.6671078870541092,0.18393817243311048,-0.7001103580261183
0.2325861625300902,-0.2539740232491945,-1.127739319408069,-1.0548970165601625,0.31794081043286054,0.6169035188618405,1.1059386609599995,-1.8169367316090117,0.49442217023830615
-0.843086621637408,-0.29031655114354254,1.7502530510455658,-1.6285499718591625,-2.074137445479777,1.3184176232300506,-0.8760850517806731,0.7116751985875466,-0.38853760714702545
-0.5893600862412232,-1.0397208631071888,0.5073376965616604,-0.7103931700181647,2.0582990395178142,1.0520595705756874,2.74658306917447,-2.574424434100959,1.401466684957929
0.4554310319909902,0.39948848543873466,0.8740428558003509,1.7233474255645123,-1.2492600620534755,-0.8849321784010754,-0.10121476742810191,0.3477936333405527,-0.05372634013718407
-0.02498849356148565,-0.46537301490225647,-0.31894415610445986,0.12194829885395787,-0.00792946719738019,-1.9020599258037194,-0.04727268325450063,-0.6182414708396445,-1.7331487202890057
-0.4804964012525784,1.4808802314623954,-1.1325588880150046,-0.21892370867698976,-0.00792946719738019,0.7945500199165475,1.0476210863279702,0.024245291022433252,0.2947301608192141
-0.02498849356148565,0.7733624600887977,0.5943579975093404,0.4759136663958873,-1.8803777527817818,0.5766489689049178,0.46733842871735604,-1.98747989729832,0.941945507735197
-0.11707293096671544,-0.28212324790600285,-0.34968529559717093,-0.14148510083017174,-0.00792946719738019,0.03282459999027476,-0.5146936171003126,-1.4246293832928816,1.8239285745395786
2.308286324677278,0.8969479506101623,-0.8522267442872488,-0.26499955392983926,-1.0435976294919473,-0.9108959014701211,-0.21395007942289088,-0.15005739262111648,1.6023504691467496
-0.02498849356148565,1.9636753362588797,-2.231745579810304,1.8966586747052774,1.907633248811376,-0.9011723387457057,-0.10733635876455073,-0.16013767257897615,0.15652344199559692
-0.15353411632941896,0.10490592600739933,0.4943468504633137,0.1310196972563038,0.6708901918643967,-0.35958209682666636,2.4382070525059865,-0.9601372741340225,-0.18744076184846184
-0.7552226929963823,0.30019988252020186,-0.7985092156454635,0.2871260533680528,-0.8211174605435763,0.07043239498755434,-0.0076254666859429275,-0.8442529234677194,0.6042611167377846
-0.4688085992537237,0.2483423276949179,1.1949804762955325,-1.2408683043663884,0.3973680761555664,-0.46406953090314973,-0.9579846227664459,1.61526282644165,1.3622879096523306
1.570675748677179,-0.48471300293871555,-1.3569682474718028,-0.6928397336889579,-0.00792946719738019,-0.3657768867562197,1.2259803740729296,-0.801615790102876,-0.15647275634697602
0.6341990788924728,0.3315858832357411,-0.2761786519197821,0.9440505748494465,-0.672412723972108,-0.8453733248128876,2.156553914467374,-0.16571053909328512,-0.4402447633906093
-0.34628114935193693,2.3969266093482124,1.7561939730421723,0.629349457936659,2.0582990395178142,-0.9379441959134681,0.27271376054923524,0.8398596664599789,0.3120680930262543
-0.9625255090337121,0.8540777215410321,-2.4007407462292476,-0.41029172860573054,1.5127522303075849,2.437675754295898,0.13173527623452683,-0.27920520764928103,-0.3676567590203107
0.11806939490577228,-0.5280576818383476,-0.08386641112545332,-0.8163831856285405,-0.00792946719738019,0.11804657132281662,-0.7314680119709962,0.8484929491328921,0.007782813672101826
-0.9189873621046565,-0.1876829643511633,-0.20301618353686118,-0.5377446728810078,0.4397927410321992,1.4903000243221218,1.068872165093915,1.1727191011712574,0.18690749598634102
1.3323922008332236,0.36570341620531277,-0.4784407007886196,-1.504638904955546,0.0400986335465195,-0.5652264643594287,0.047042411694405775,-1.1701863332266087,-0.04087711151433774
-0.02498849356148565,1.2924292304673057,-0.02027975955718556,1.1733874522902243,-0.4855649362434603,0.10315941551088435,-0.7972737755792948,-0.42514626497795455,-0.021905461039644147
0.7126256508855596,-0.837144364962853,-1.525160917082069,0.4514484794680727,-0.14043083395171738,0.058564168796687834,-0.6125088448187668,0.6498509302990846,-1.0344578955094652
-0.7218377833658943,-1.1164512221377927,-0.8428579138777998,0.2241437797924399,-0.881248998502341,-1.2419019132357072,-0.5984470604018695,0.17620250106219745,-0.6371266524235424
0.5735900652344561,1.218308723543944,-0.8442001880658115,0.38983759341035934,0.1693272265812354,0.9981754638747545,-0.7361013651925123,-1.0858617365331438,1.6077530352945162
-0.7390662542428856,1.5738106281743685,2.025399573391406,-2.5318130600669773,-0.00792946719738019,-0.8562059697569743,-0.3110769051311788,0.7842555115697857,0.31875428289976565
-0.9788397229206484,-0.2925663924164382,-1.1424672805552094,0.7410067967536438,0.5850709779025824,1.8989655841232103,0.034349623380485673,0.024245291022433252,-0.7961845883671728
-0.3687345897906707,-1.584869752837677,0.3519499123056017,-0.9116968643448498,-1.54187811792711,-0.7102107936953335,-1.7271991547310006,0.024245291022433252,1.1175729458119092
-0.5818369117389186,-0.4807176108955436,-0.595576882251836,2.5522744139357783,-0.00792946719738019,0.6923092789140233,-1.11406429180758,0.5344863171549515,0.2854247364825775
-1.0394601842793465,0.6072955273656334,-1.5097755770524326,1.362727540914902,-1.8921251436193989,-1.0739149586688272,-1.1014217412706808,0.4001139597413558,0.5109050168136808
-0.846764972565365,-0.3873079677259756,1.4951310791040808,0.1709817369994173,0.3356345546546556,-1.8160719927574498,0.1489855181841133,-0.24167743242069945,0.5306656123159859
-0.02498849356148565,-0.002864831223088913,0.24031528874415714,0.4548426601642558,0.6187490892584406,0.03261910122112822,-1.222814351917735,0.46233943689801404,1.3888355631080853
-0.02498849356148565,0.555618319539064,-1.5147485201139308,0.10454647622842157,-0.00792946719738019,0.9120141151977091,-1.4403791991840385,-1.8637355166044018,1.9964466582445428
-1.0508999432147115,2.3545990197447146,0.5707577570334688,-0.23292989031242003,-1.175412058610167,0.22225141095229187,0.8655764050179441,0.4221832612224372,-0.7824761124186198
-0.377911244046586,0.5813086705430374,-1.1265910031956363,0.1059080377523575,1.8109531199992033,0.4919730573598908,2.4225907723902806,-2.574424434100959,-0.6902146178396289
0.10687277022439215,-0.6769368601729747,-0.7243325505652634,-0.1164444477606265,-0.00792946719738019,1.625144231559924,-0.023252972265089097,-0.3760903401451817,0.43296086542605994
-0.02498849356148565,0.09844718562224869,0.37923462467953833,-0.7572206372486603,-0.13423029778287293,-1.7400830572547312,-0.1421816134758975,-2.1127019542783776,0.2234036322650437
-0.9527752255936462,0.36456074610965644,-0.2994140368145244,-0.28356491082914204,-0.00792946719738019,-0.8050221813946716,0.4192483201819796,1.0383112231108684,-0.5516036022139619
-0.7334073991468547,1.069526457883346,-0.20415966110831477,1.4300027515104723,-0.8829148907531623,-1.1632896233917238,-0.5104660116611764,-0.7155891551775544,-2.253670104256032
0.9509292860144924,-0.85596661429054,-0.8605452625328828,0.26518971377580297,-0.00792946719738019,0.4815871602400443,-0.9771397163112424,-1.8105871384665366,1.2229621574588272
-0.6411559342956612,-1.8131979673233491,-0.06190010451817479,2.393494449855146,0.172522838901544,0.2716361726061678,-0.0013834205536778351,-2.24745305212557,-1.8021378496670595
0.16814925482522192,-0.6871042486127742,1.3873836548771137,1.5270225221256886,-2.074137445479777,0.1121967237409093,0.6323450374657476,0.9975572489342986,0.6549316692173676
0.32725555595995837,-0.6829179985539598,-0.7312387058637076,0.577658660639543,-0.00792946719738019,-1.545300753375876,0.9819580337858004,1.5800413685855548,-2.164751372302644
1.5135678586254457,1.0687629747603695,0.9785079319982902,0.34208372656369773,0.13581912593208567,1.4245972185545719,0.5828874960256973,-0.531688717969944,1.9086397549447125
0.5974307155987065,1.0274586158425947,-0.035242685477864744,0.49335536364789817,-0.5811737711996822,-0.7207860193334193,-0.8065187563017524,-1.0724919066730991,0.8678604542709627
-0.7845497746606837,1.9576578392726316,0.6070436859331855,0.3298394549360295,1.6135016224821137,1.1043217208496796,-0.6145789216792977,1.0481755732225078,-1.2480977235888036
-0.9370583457881636,-0.5276706338518633,0.6571972768604555,-0.6016318838724043,-0.00792946719738019,1.3824519839121352,-0.4381021415663277,1.5374811896998317,0.6615312098840319
-0.48325552923096093,0.633991975200188,-0.3149615112850057,-0.7895963222916637,-1.6064173101774657,-0.8538430162351592,0.2274036052142434,-1.6059922818153765,0.5962674547579246
0.7100928128142587,0.1318557149033008,-1.0489781522720631,-0.2820186863782452,0.7548562907869875,-0.40376622907475096,-0.971771153566832,-1.4735990843693474,-1.218206361542792
-0.31133897186590154,-0.1222459384261162,1.6517710130843404,-1.3887935328337748,-1.7893268839577514,-1.327280516632904,0.16676936374686985,0.9514705436430692,-0.7852236026970133
0.6416604357901317,0.5209927267717548,-0.6113505256781059,-1.5356313814387081,-1.311076540852584,0.6528766083851704,-0.017479151210522216,1.0212078738252683,-0.4844771071230697
-0.25587860186336153,1.1427998513152802,0.6782482789276041,0.47945497546030064,0.12149223206800856,0.21391640015205288,0.08554487932951027,-0.1429942829330697,0.5320950865572607
-0.3022914324767942,0.9424594688459919,-0.9641260186398478,1.237218944282166,-2.074137445479777,-1.8973489596149216,-0.4532039329966485,0.024245291022433252,-0.1971441156665512
0.6008618892697372,-1.3418016238791688,2.2252127735130274,0.8496826348924863,-1.2520698241399966,-0.9002003073472884,-0.9124128722236805,0.0668963851587097,-0.947322348081173
1.0664283347494266,0.6270590041858004,0.9552706065190776,-0.5373565441135424,-0.07508313105094826,0.12546874600179214,-0.7261150098806699,-0.6753388493786036,-2.042511972897543
-2.3135109346399516,-1.026517499288267,1.848196395362264,-0.2895913964250477,-0.21241862630387182,0.5197274764650619,0.09909877771594834,-1.0222655175155975,-0.38442095887984595
-0.4457416062257933,-0.9327328076511039,0.3270926238520748,1.5145372140296567,-1.4715687587405166,0.6693599165006099,-1.0963575888694812,-0.04343274594531649,-0.5278129028952548
-0.24103800989468344,0.031717555601279535,0.4613328611223042,-0.11775093432923166,0.42657718127381566,0.5921439311276061,1.2946679228182199,0.20397788707697043,0.25595043348338015
0.997173715584589,1.4421780538016746,2.617676220126285,0.46765528480670493,-0.00792946719738019,1.8805599135392823,0.08813590928547918,-1.009526191600566,-1.8876291258077706
2.2764078130363137,0.4864585866886906,-0.03813008022988863,0.229150070140831,-0.00792946719738019,-0.3896642950014892,2.246892909904429,-0.23792661290100256,-0.8910375012258869
-0.2951397509889401,-1.609794984845077,-0.25134847048858794,-1.397018061994166,-1.4510599634042398,1.504332426286008,-1.0206935539583866,0.350771835302859,-0.28197838404832165
-0.02498849356148565,-0.005551643219498865,-0.47910457827815756,-2.225125786424196,-0.00792946719738019,-0.11157447095904291,0.09594798272192247,-0.5576488556078989,-0.09307061492999122
1.111550773748696,2.108313449583192,0.13725441037822722,-0.4759979720587103,1.6232923140344109,2.0427401049260037,-0.20585735473842173,1.289800033838851,1.0261165656259936
-1.1383286544916995,-1.8980843522237678,-0.0641035504456184,0.6760526064919332,-1.6898302974476178,0.1903392691919089,0.18960087405848283,1.4258551437668723,1.430332526940207
-0.5642702268025872,-0.5547672734792107,-0.5904454210931285,0.4696157744788986,1.186190480758636,-0.47239060640444314,-1.0116099125730424,0.5377831811822841,-1.2136913554159818
-0.5498929625917008,-0.5314233579366435,0.42137505582920004,1.1541790565800574,0.2619549417879358,0.41013706340686407,-0.05667712018593368,0.024245291022433252,2.2593143982304356
-0.10945946832110615,-0.35949066498144416,-0.588669932580523,-0.46964260391736035,0.5777647687285318,0.10268119722365669,-0.7516781375880007,0.7171811806379023,0.9484010564546714
-0.0772155518940316,0.21040963760647277,-1.2103038123699614,-1.05346837302938,-0.9307846195733097,1.5692303391352123,-1.5007796063855072,-0.6729901183318059,-0.39860334233454836
-0.9351289355292224,-0.37668660118664926,1.0582804900067346,0.8080424937074251,0.7446840293517255,-0.578568624033021,-1.178746430691086,2.2012896003462084,-1.1214800543385013
0.7927616983074232,-0.8869037810497692,-0.07848973187554702,-0.6016917939841934,-0.00792946719738019,-0.08789236397669684,-0.6004076891650776,-0.4178929930584548,-1.9386163487439911
-0.02498849356148565,1.980147531629307,-1.1707871367076643,1.477966611640912,-1.7411905445651787,0.5413836793957042,-0.7703722708575482,0.4981180720381496,-0.6487403386148799
-1.0306938036071176,-1.1674195428384748,0.6088772724688072,-0.13913577372399133,-0.14147358102343066,-1.360428894528813,-0.19615446387274071,-1.9469176320890302,-1.2319827902299103
-0.5599956396171002,1.9372229242784336,-0.9586576750652803,0.22360022087348275,-0.1487382966323041,1.7235716058820176,0.6839980537450535,0.46693061703537725,0.18694428179937278
-0.34184196757154856,1.5190309256708057,0.21604126723490288,-0.2276721270259946,-1.9099365502244472,-1.196137594132559,-1.543144670345189,-1.2293133509746155,0.33118781853239604
1.352902061408417,-0.26211312477036114,0.011883019135192114,-1.8521606998371039,1.3787803673893637,0.1549849337029578,-1.7447413230891085,1.7206586868455847,1.9571582627009196
0.8592778818428378,0.3364487056096085,1.0495114769234943,-0.667542216442236,-0.017779758327647367,-0.7175423556172275,1.0154703321349086,-0.7332255832922933,0.611427753154915
-0.02498849356148565,-1.2093180584290995,-0.5888659668907051,0.7712793640073994,-1.0666619910068438,-0.818413961682927,-0.4394179356845428,0.35009607753218536,0.5754016310567728
-0.792349649958893,-0.05103255747557567,-0.5440170177971371,-1.714749002900464,2.0582990395178142,-0.2431825703865991,-0.8359905165010602,-1.178375252702617,0.28036872159431736
0.09066995770886921,0.4150652691337398,0.3333543478893567,-0.28541530430720646,-0.00792946719738019,0.9494522870431709,0.5690336865903532,0.6068138096173207,-0.005675203751836308
-0.17117622907770916,-0.8171081177315039,-0.9266435386224768,0.6331406817086507,-0.00792946719738019,1.4796718627461367,-0.21752809871526338,0.7078093211812174,-0.7417945128390854
-1.5180285781372462,-0.8811294369173692,-0.5040329239612468,1.6642241844590815,0.010215140051186518,-0.9179399477410799,0.941268941878836,0.06025795475822156,1.0359769650609438
-0.014186194531664061,0.08306470728633664,0.05431867145551088,0.5257979181377578,-0.00792946719738019,1.3222796662853533,0.13730351939511612,-0.5136190983175515,-0.036607833953203356
-0.7263911556999546,-0.3773682339295992,-0.8391297744289581,-0.8879057958355758,1.6508390735687581,0.4499517460343851,0.15648589591298057,-2.0812606402683884,0.5319211136973947
0.7099131232649396,0.8903499675669128,-1.7591850966298026,0.643613647181615,2.0582990395178142,-0.8188950850063167,-0.5685167385316198,0.447541167994908,0.03389515582925364
-0.015669115820547322,0.09930561008774427,0.22209157941775287,0.7034102227211726,-0.41148503240993145,-0.08175348652815546,-0.7049959180883821,-0.1557308207171544,0.7953938780106824
0.3879889351463353,0.3346735405253648,-0.9924578973305321,-0.605663536291034,-0.1638386028967902,0.32990331171739956,0.17427009001871885,1.408522577899828,-0.7197807659141129
-1.0784267063720268,-0.20970743701143787,0.47591085527539395,1.0907158028510402,0.9146638605704958,0.09892713762836648,0.5932142491823216,1.4544220364098048,-0.03739607220679397
-0.13078818528250494,0.5731376337206896,-0.17735603672556374,1.2208234111307492,-0.3826513238890359,-1.4991399513465067,-0.5464652637955519,0.8678439777520676,0.9568299053502158
0.5986976525681525,0.5205601602532337,1.9514725285648777,2.5522744139357783,-1.6546508870445156,-1.2564036297411396,-1.1926980515664907,-0.1078876964637117,0.8140140128601023
0.8873093465443052,-1.4042935900211102,-0.8860803452761988,1.2303522490422218,-0.9692933520037674,-1.301526968598865,-0.1834146241842734,2.593673959879202,0.4064264133389952
1.0580477515108655,1.3121362267605248,0.7824858371513733,0.7373465733997802,1.549141820214626,0.6924568357290802,-2.542176338510236,-1.7679977848011603,-0.02537769605989075
0.6787919694126933,0.5758846866061451,-0.16966817330246067,-0.6064753780378308,-0.6831673880404732,1.0970573326244404,1.0677186758528798,0.2575326163299066,1.1083208180784412
-0.12395243964456151,-0.23499146740270274,0.6186533193964944,0.5576772987209802,0.7102532740371731,0.4919016612691884,-0.5774219132544107,0.5705337618028617,0.7136417235503864
0.5273295456439903,0.5092533532503095,0.9100818833854742,-0.08758125604037968,0.8766059813467889,-0.836331438675573,0.1798648527713305,1.1381906657325864,-0.7645514440304496
1.6736068977375405,-1.211880066722329,-0.8044235802165017,0.4032580690203681,-0.5426446707636621,-0.01578657372222026,0.4323046051662822,2.593673959879202,0.5436180265529543
0.604821038728195,-0.6804586028381905,-1.3430571933569473,0.3425079207601397,0.5518036352862677,0.5759812314258351,0.11968306559021841,-0.354603909220663,-1.1320731564864075
0.8598422542640195,-0.6422881244106812,-1.407040119724981,-1.3883824388339037,-0.28488438005959615,-1.556697941088958,-0.9810054851019189,0.3319935906229241,-0.0236136358648292
-0.1011376139464712,0.35677449628049746,-0.6206457716262266,1.8607301794290718,-1.5035756865236924,0.7004564592853977,-1.3821314316284101,0.777145930997181,-0.8971001859260327
0.10921588706200014,-1.0450670929898611,-0.9060781271487187,0.13986577803865174,-0.29570536174143675,0.1927621169345197,-1.375609533814136,1.5318428230926409,0.6491090915954494
-2.2042703803750014,1.8532051663410427,0.7630594887059192,0.1319332104856371,-1.3664853501280647,0.20357390638983458,-1.5261233276086663,0.32575900227706023,0.5905877538748747
-0.02498849356148565,0.05612258875512469,1.0496627232301132,0.18238020751580358,-0.00792946719738019,1.1521258224112625,-0.783037125977786,1.2402752228673015,-0.7945578403153982
0.9557112920116991,-1.009973095458469,0.27524537023127005,0.6835070399343095,-0.00792946719738019,0.05105639531920382,1.5764184627885378,-0.2089866136152407,-0.27198958361476927
-1.5702566965613933,-1.3437899494706886,-1.4481731536317164,0.4573632757447974,0.5290120565952151,0.8877660159354887,-0.8614313304800242,-0.3384843797526392,-0.07234401577054028
-2.11483116557213,1.7900629023145413,2.1574555139876987,0.39790622872961434,-2.074137445479777,0.07958893715948565,1.5074481228212462,-0.3119000353950863,-1.0245911681904833
-0.6204618304480116,0.5768391267953777,0.8575553247996837,0.5780341267770757,1.1669685221327608,-1.3361226653516658,-1.2351111268203143,-0.06594000853122879,-0.6105207502037899
-0.02498849356148565,0.2857179384031289,0.322991465328773,0.058864986244703744,-0.12553890186459732,-0.5005815847258807,-1.551656073553455,0.2193470331064658,0.37741908287952874
0.2977121564599651,-0.6009031868189634,-0.7312750290851953,-0.16507670403142383,-1.8018102459460814,-0.30832836103213657,-0.9145337211884278,-0.5250932473406016,-0.32607740674756075
-0.23930341138780004,1.4320202831073525,-0.471422953384168,1.7177672674888567,-0.3553466066135722,0.1844161883526922,-0.20856731250487984,-0.26908747875885514,0.05586719700782311
-1.406981849665192,0.915207060655035,1.030208546105861,-0.5959824726714235,1.2285998176998982,-0.8703201451061785,-1.9067690494393885,0.7182703303862247,-0.029793354722855513
0.47391957498128845,-0.14820327197560126,-0.26088296271580597,0.46346129349035037,0.22455673690368722,-0.6058224523616264,1.4426841142030284,-0.4954838775400512,0.6009283732207322
0.23778903835868676,-0.5661369142778991,-1.0571603295280736,0.44658699043655387,-0.00792946719738019,-0.6238726270458789,1.1944802110259065,-1.6828992000018648,-0.14659095709205217
-0.9981828679769191,-1.4195674987851366,0.5032308061344574,-0.953327215530266,-0.00792946719738019,0.5311495047854174,-1.736765380625035,2.3320905665387084,1.8289341346594452
2.308286324677278,-1.8817600358422395,2.617676220126285,1.300147718234311,-0.17303229631717384,-0.7590918555834333,1.1518781053959894,0.7164341289221249,0.3123092635145498
0.3876693391894202,-0.25212978754381626,1.257145298766471,-0.25038457317418616,1.022146932930472,-1.249977290651065,-0.11216163383725873,0.4618386858899611,-0.598003064238298
-0.9584452214977833,-0.5051826248368422,-1.0856133983823155,0.49643650570004516,2.0582990395178142,-0.1402132869404938,-0.5725457876437633,1.128498581729865,-1.5749718662227694
-0.5241177931299271,0.5524765166789571,-0.860907160428038,-0.35394608521444704,-0.5553119723627064,-0.6953621083733812,-0.6261249985624187,1.1260207922793977,-0.22159697766803627
0.37061670107037364,-0.7331941929495774,-1.5321986251731374,1.5619210127407468,2.0582990395178142,-1.5110666020411538,-0.9998227196178061,1.6981678254488295,-0.05163938471815764
2.2658775699176807,2.4773274145363477,-1.7329516592133538,1.7382575183778766,-0.37294586050069894,0.14699781536009207,-0.42467223347517785,0.805518442816264,0.8725173657376525
0.642802421739997,2.297571879074422,1.439508128386002,-0.11371885874722179,1.820158738895236,-0.0068444003594445016,-0.15357343547583105,-0.6289864569752555,-0.3352810780114892
1.4998514056585115,0.11290650818710314,0.7237547369959594,0.23276847124312558,-0.00792946719738019,0.34783223688574627,-0.4280962959380328,-0.1393097854671017,-1.2079800238167446
-1.9637477115178934,0.026618787772452676,-1.4146916062919117,2.3617804124441886,-0.00792946719738019,-1.6377015640058845,1.7643005762662034,1.0012131610425201,0.5179638001885841
-0.02498849356148565,0.41721981887659276,-0.21160673015047876,-0.7004932039187767,-0.30555707766957235,1.422584189610562,1.8633773145914427,0.4161985077815617,0.3855216040709667
0.7989505860294466,-0.4152955657936901,-0.19751025249672854,-0.7111070768397703,-0.007576874598534756,0.6168355509533017,1.2360604361358545,-1.0854422896147597,-0.8699160237174558
0.809161927217288,0.43903656187778584,-0.395915655884788,0.08764738588731108,-0.00792946719738019,0.3736230380013862,0.0004643449424850673,1.2728422940869912,-0.8202863649282613
0.008208019484606897,0.5383135622695171,-0.23196575260546962,0.3000591854788357,-1.386789982846021,2.2493286392637653,-1.7089133821969857,-0.5135801765840893,0.43107025528253456
-1.527195672893431,-1.3529974455074476,-0.22284787889271623,1.1889027683092526,1.8510855655343228,-0.09847922355836561,-0.7458867683220742,0.13394942413203337,-0.11576096102034986
0.6567642175493598,-1.0175162560029583,-1.0077121438881422,0.2195596122204344,-0.00792946719738019,-0.7508137508742335,0.8894163810996332,0.024245291022433252,1.1066140031177079
1.018362134556987,0.8687921158857006,0.05636199468866325,-0.2996807380268523,-1.4865849033461278,-1.2070633428907471,1.0803805359936234,0.7461645816088377,-0.01760136042801112
-0.41717644492172234,-0.500356506411081,0.8118638877477496,0.10696426315792681,-0.22504550097779505,-0.6466400003385753,1.1241750525234582,0.6242376507957924,-1.6436713641465446
1.8470894033160952,-1.2366086595993333,1.383064405346704,-1.6039421050158111,-0.00792946719738019,0.7434419298506295,-0.9880071997446127,0.024245291022433252,1.2948488465638524
-2.073180338276928,-0.2176772773989803,1.074080583830084,-0.01931564733541565,-0.00792946719738019,-0.6956658785058263,-0.6980984992054329,-1.0388299630766058,1.6109018246238709
-1.1296646128947267,2.105763846984772,-0.24677152951583337,-1.5292241394658135,1.0777309354565263,0.12171075255825549,-0.45877790617192765,-0.9663093563818574,1.5347100635010722
1.415516735835641,0.906130979727668,2.617676220126285,-0.7277530605514936,-1.176074483721966,0.24606231350889443,0.6201433056654911,1.1404494620629069,0.7615805858905441
-0.0761033365421878,-1.1477889929808456,-0.016504129213085666,-1.6971928397577873,0.12649787682695474,0.7085228674153841,-1.106728768463666,0.8075658225069702,-1.0218348064046834
-1.2516895059672037,-1.4549747834608,-0.271993176090172,0.006987165156251292,0.08626094340600661,-1.7601490166765856,0.016103804448078535,-1.3120858200765706,1.00130033376786
-1.101231432078153,0.1341758906757438,-0.11792399692799214,1.7297557802927097,1.8345810786450323,0.1402440933079142,0.2191390709126159,0.05488913125798102,-0.26443801825635604
1.0216449745577916,0.09591712951752547,0.5248043639750823,0.4941905401121954,0.5903813426396151,0.8205476447801019,-1.464609389855843,-0.011554742948200063,-1.324192325162756
0.5387576041358959,0.8535500129994201,1.7802585680866638,-0.30218581914190684,-0.00792946719738019,-1.034792700535914,0.7570720119936003,0.5491060567061156,-1.360921398001658
0.2461322878613668,1.04416536316234,0.7652284284286226,1.0129318327812102,-0.9938495743844936,0.140561197604063,-0.716276327741969,0.7954158486386469,-0.2023106405416589
-0.0613990127270388,-0.6576544062687619,1.5857863373545453,-1.054421466253084,-1.3869315535759597,-0.3153528510405144,-1.2235527535168313,0.006248072837539291,1.6755365259597352
1.6582328661134689,1.7446225940905764,-1.0329219083585233,-0.6177687750596239,-0.416606367795209,-0.9587979836917689,-0.3510647449765846,-0.48840187635229537,-0.23553211691045686
-0.9153061834462668,-1.254844764257683,-0.7388724248910292,0.8183219213866197,-0.00792946719738019,1.8262728337271417,1.0199402245588047,0.5244535281388032,-1.9086556223531517
-1.006868426549933,0.2199955406918274,0.6043340194164935,-0.3407511677959241,-0.00792946719738019,-0.8153691219415276,-0.9734228817541264,0.1687154546510001,2.120160991201659
-1.1994801426114283,0.0811065407501616,-1.2146777744172133,-0.5460540163404044,-0.00792946719738019,-0.6120458847678808,-0.737428356420321,0.4990916856244151,-0.9956888297822719
0.5671101476375893,0.13787016356986853,-0.6047000962409675,1.769011310829989,-0.00792946719738019,1.7599352485876856,-0.14060529689494045,-1.2764674058256607,1.4853020422677081
1.950287041499498,2.2922797149500957,-1.3745016794005835,0.54152205932731,-1.1295454560116946,1.9316223794628635,-0.5201135479544401,-0.9719471881329401,-0.6955866582774864
0.4787867548599328,0.21692952087308687,1.597339273267276,0.35220000616788927,-0.6539674149055975,-0.015142182918895712,1.1880316643480837,1.9552698881027408,0.26918487540818153
-0.5030017589943315,0.2702099070917485,-1.7405027927868808,2.5522744139357783,-0.25618811844625333,-0.6855171969725022,0.6506447425083913,0.5186035548181234,1.5061184597306985
-1.7062595481008345,-0.8291389492161566,-1.7418836589056923,1.1898479081031332,-0.49655555495830006,-1.7157044225816651,-1.9079997403535853,-0.1726495024244197,0.23106240711704706
-0.9397033357288769,-0.362519663673043,0.014104291476912657,-0.5352400182672347,0.4633249657275932,0.2921026615014893,-0.40028696058483404,-0.03146031220068267,-1.361952968196608
-2.3135109346399516,0.06457453515625977,2.617676220126285,0.44103235320913614,-0.2781282096274554,0.013107750934201473,0.3965122086243264,-0.7628243012510593,0.372061214299884
0.00446178349404059,0.3423743322672099,0.05639785888064496,0.5971978900607455,0.3196802169551916,0.9678843942170394,-0.6419020287235947,1.1252246021235384,0.21633272948004206
1.230439619591062,0.02470411610530502,-0.2861244405251096,0.23013829682349934,1.394926588885948,1.1578969321336015,1.5257421744467734,-1.982571363687822,-0.5592749538018228
-1.6904600444370161,-0.6397941427865987,1.4192044987166574,-0.7786792719491511,-0.2708632471137208,0.1980496944219558,-0.4974191072303535,0.024245291022433252,-0.4079867212040519
-1.3099546280661347,-0.8923703515967295,1.4775939304539731,-1.9997144934596356,1.4047099239091774,-1.389245210924034,-1.1791110196377494,0.2771499451238404,0.1447911421621504
-1.463487855579906,-1.6770964703998223,2.1809580105091566,0.08756407734438366,-0.00792946719738019,-0.4943595521259511,0.7961044228939567,-0.9106580248231908,1.28896465559534
2.308286324677278,2.4773274145363477,-0.5749911477998418,-0.8072103436968354,-0.00792946719738019,-0.32449426177183893,-0.05654932885242204,-0.12696839564793594,0.3828416215312481
-0.44247159452237694,-1.0325319467338967,-0.5955153974404468,-1.2741898538837797,-1.6060386975024943,-0.3599514626932617,0.784829808032599,1.0187184030383887,-0.8126458144682134
-1.0186833604470817,-1.5603245243027488,-0.6470304870951659,-0.40716024240695925,-1.0794716714826968,-1.9303878632496043,-0.13936364363867357,1.3956825428603836,1.601214158270628
-0.24044473655026014,0.1471759336329062,0.09880040504075266,0.3397273390420299,-0.4441889779615326,-1.2636590908420855,0.7851491559194451,-0.4780191502992252,0.5822675030354032
-0.02498849356148565,-0.7418638949869797,0.7958124979559167,-1.8533202460293488,-2.074137445479777,1.6757874769772756,2.1913723256828783,-0.9770330974830018,-1.293237469303099
-0.34992636739664357,-1.258768639746572,-1.0753291568895358,1.6864410075927554,0.2701722068925002,-0.09041434174282316,-1.1935999414886225,0.7778053684166046,-0.2442044157842297
-0.02498849356148565,-0.4466039264381038,0.9991865003537723,-0.5205271605195103,-1.229439016542964,-0.27691204799946284,0.14389232044021064,2.593673959879202,-0.13503155870792047
0.40130616818263665,0.5405535342709918,-0.5152180154718218,0.640008243351559,-0.00792946719738019,-0.5284610361207871,-2.7316554622756426,0.29271998882902267,-0.6751170393586693
0.5221248240211794,0.7958277816417176,2.140845500583518,-0.6355831115896978,-0.9934035512161846,1.7271527026060007,-0.7701792416087463,-0.9585467335995098,0.8295812219524001
0.20790398680839708,0.09979960673788485,-0.34402464409410793,-0.8792782624737486,0.11775206436334806,-0.1627194258489297,-0.5448654658223178,-0.6187112763996897,0.4364399255869182
-0.33345006498341073,0.059396311082113684,-0.11125423364745352,-0.5789537754083731,-0.05850551452275286,0.2739256169770121,-0.40468559408316895,-0.4213823378785723,0.9592089779786138
-0.02498849356148565,-0.8182586022160262,-0.868939608675359,0.4575801008801288,1.992987550907097,0.7558548020050287,-0.13864910201606712,-0.9678664346411219,-0.21483691285608975
-0.5385108784656183,-0.29418325883252927,1.2318826236415663,0.6514828457263994,-0.612639590204376,0.4667156797595987,-0.0009338377216541723,-0.39310541677249156,1.218279358492623
-0.11781111020909006,0.46757168249395686,0.4193531621095582,-0.23726286902880972,-0.00792946719738019,-0.5419341265935467,-0.09626656949841324,1.5710169398783875,1.3734544111887201
-0.41870049769280554,-0.5168045094255298,1.4694335851722695,0.9016342251125089,0.1503830909770832,0.9822473151574442,0.6680986903944772,-0.4135142106632765,1.3470553759682062
-0.20459139949189228,0.3326471473883666,-0.7901942961615978,-0.6122516779732381,-0.3821344181831457,1.2188751477745412,-0.4827043501471311,1.2881338733521843,0.3915859092334162
1.5394127928988102,-0.9638440950749595,-0.4600010002220147,0.6252288020685565,-0.00792946719738019,1.362734777652993,-1.8708634839776983,-0.43242313550876976,0.29269418286970356
-0.18080710667482736,-0.9340714403927446,-0.36968945920641416,0.45777784443633135,-0.00792946719738019,-1.6548492853398717,-0.24684110590737027,-0.792466469017551,0.20094653396514775
0.645674474422129,-0.3445407680049708,-1.8486627016744084,-0.011184711211594455,0.3678196887508774,-1.7867791128028723,1.4387836496263153,1.2643591185714573,-0.09481930697830376
0.6482639016941205,1.5018947054552316,1.203287062316263,-2.4527311615508007,-0.823069965462751,0.0971760977504697,0.6202580668400748,0.08806087930151199,-0.005585046467791845
-0.02498849356148565,-1.0033898030837372,-0.7113151612976949,2.5522744139357783,-0.00792946719738019,-0.8206955105542655,0.9245411729900822,-0.3989522642047181,0.543852457130292
1.9555268915245005,-0.4281653131792532,-0.2428088922003022,-0.2673039252656325,-0.00792946719738019,-1.0368903804885419,1.7349927485369765,1.2580491561874851,1.8374514732621412
0.010335414879014833,0.3911835141227594,-0.6149046951791423,0.46661783547934577,-0.00792946719738019,1.1653256337716684,-1.6570092655493114,0.7851958968178994,1.1875264712244822
-1.0337299266378073,2.4773274145363477,0.7286099961034811,0.00603321942787061,-0.47619034448125275,-0.0023691692703155026,-0.7515887264988911,0.08612954034129286,1.4921459932785504
1.5217258793169823,1.4075662522317147,0.7118334090158881,-0.2028268997567249,-2.074137445479777,1.7861772650089665,-1.8920789820073236,-1.1727782876921486,-0.5399344094912674
-1.2017859305442433,0.04673899345406558,-1.4006569649852298,0.47788054945985414,-0.00792946719738019,0.9759589230933021,0.9768494993290096,0.7179264688545406,-0.5228593660117246
2.036540216621594,-2.449772063533302,0.6818929676942448,0.9798813714698118,0.21558096122843456,0.8071385956880762,-1.769517491206683,-0.09693247101997736,-0.39808885587670906
0.3735669804052029,0.23351039640248247,-0.13720666871137027,0.6258674094836493,0.022649332549339943,1.3327585897123937,-0.0032219253206436822,0.5397750896986536,-1.01315165524261
2.308286324677278,-1.8738190966265884,1.2574825835228338,0.8122844179875633,-1.807837102949181,-0.12537150846245498,1.4326755241431726,-0.4054901596815257,0.916461313582511
-1.3485487882529015,0.12643511659912554,1.7597683077517499,0.17080991980016977,-0.6900016409837405,1.8453821841803755,0.9242565436814166,0.5598688018180558,-0.8598467604955512
-0.02498849356148565,-0.9180409822072512,0.9662106046020443,1.8345052861114726,0.9276807582072111,0.07355555542422616,-1.3204835431834807,1.860613601892417,-0.7938938178351107
0.4331270322761627,1.2691103682491418,-0.9042943069343803,-0.5437209311502952,1.2771933982820491,-0.11990122147248043,-1.168275522148451,1.2678005618862125,-1.9685642128962244
-0.02498849356148565,-0.8778399058554861,0.6330785923065708,-0.057212540509769254,-1.073834371752926,-0.5321309006743123,0.59788939865793,0.6105859968757755,-1.1790904498830643
-1.1571298107361214,-0.27291124935940786,-1.2064692413668103,0.8381183855997949,-0.00792946719738019,1.3623017200197458,-1.8893564264757574,0.5375033349492471,0.6798375250833704
-0.02498849356148565,-0.36817399598156586,-0.8900958042373248,0.6391037185213734,0.04592053657609725,0.5795860709621738,0.5643388963422625,0.4794969675923836,0.805129060770155
-2.3135109346399516,2.0047878956023606,1.9956989024035945,0.343686372329259,-0.9590282424176642,-0.28791705416481217,-0.9072744055544579,0.18918605680191888,-0.3640617688023158
0.5046046639028156,-0.30494289423300774,0.04676121636241093,0.2103353125108373,0.31024039569453304,-1.321502960793816,1.6451737323434097,0.024245291022433252,-1.4448329849639154
0.062386431639682514,-0.4693801630231508,1.3032318563863143,0.8009129470603598,1.2782121835697273,0.7400523248261806,0.37793493693653213,-0.8771707124938842,1.0534283380333143
-1.3552779142133748,-0.5458106856567813,0.07088243952571123,-0.5250883319240967,-0.2196667705101895,-0.2713747850288321,1.4190099866661252,1.5314872236361856,-0.24654353115449595
0.5307545239149151,-0.26655725384885076,-0.10950812694956434,2.2169275259264007,1.8299304266268543,0.4626743467663096,-0.859824784874999,0.9476522604416843,0.11264202332217745
-0.4413309125455699,0.1618843114813439,0.6551529619653863,-0.9510461227279766,-0.5518148547029373,1.8441044857922966,0.12240130864371052,0.024245291022433252,1.6562193515859762
-0.02498849356148565,0.7905355643859582,-1.3834661617688448,0.5727126386355549,0.7337508203041534,1.0307869462154655,-0.05806557181899256,-1.6494758929403333,-0.9954490880025015
-0.6482707534442463,0.30101970006474615,0.0891470465335772,-1.7582787211677684,-0.00792946719738019,-0.21114540992505323,0.8183295361296198,-0.2985355747378087,0.27070223513530406
-0.02498849356148565,0.21222908587047595,-1.3224074400125925,-0.1968298629076731,-0.00792946719738019,-0.5220516581666205,0.5451505518141607,0.4276483364650028,-1.1560133481388755
2.308286324677278,0.6672150104044767,-1.4374577571876075,-1.7971384293553618,1.1532179860752594,1.2801510621263286,1.3637251881754044,-0.7903380213269011,-0.8658720754730667
-0.49497731548051715,-0.5922509976092385,2.228969713354691,-0.29900467307643025,-0.00792946719738019,0.7613591744378937,-0.23341267989221545,-0.06219054698081197,0.26026383657554364
0.7949248152442859,1.2498098280867098,0.6840168570068749,-0.598587059901774,-0.25633520099547846,1.0725372161128344,-0.2671471454258125,0.9324322442817508,0.658186419737093
1.5798132291021623,0.853651435797832,-0.04954653540895712,-1.9398925151506572,-0.00792946719738019,0.6760608247748044,-0.469822763205259,-0.05022483933114651,1.6874870743476054
-0.4919781492250474,2.178784796491643,-0.09128652234106022,-1.4655979431900825,0.7667480392861291,-0.8537051513632109,2.74658306917447,-0.41461982721623575,0.7390895507357969
-1.8952568748904772,-0.5469711007638303,0.3448150342801787,-1.404890425503806,-1.1137037210426244,0.04234011521953806,1.0759412941261903,-0.6476916067136789,-0.8943710269963755
-0.6666917908923402,1.2601288993233741,-1.6197172167169465,-0.568302589463664,-0.00792946719738019,-0.12474021886301052,-0.4538883709855653,2.578190609353727,-0.9039595627266983
0.6854535259133734,-2.449772063533302,2.617676220126285,-1.2657939078838807,-0.00792946719738019,-0.734371272699856,-0.2536827819989877,1.3670782119907754,-2.021290847677754
-1.0420622913252895,0.789720800783663,-1.2666181222185229,1.0757259730673303,-0.5913876562042161,-1.25344622076068,1.5648520507722148,1.1720135285992748,-0.6714887828761866
-2.3135109346399516,2.4773274145363477,1.9650930959510027,1.1503138453965298,-0.00792946719738019,1.112408286456711,-1.2621574625576173,0.3100395636208805,0.007440867512357546
-1.1413438763283237,0.01143028347127744,-0.3086152139126823,-1.3696044134379395,-1.209407233076677,-0.9765916263694253,1.3799332763349972,0.6550384652609493,0.618668742163906
-0.02498849356148565,-0.018459961138648277,-0.867400016101312,1.4012024685209126,-0.00792946719738019,-1.714159220441065,-1.5636012863989415,-1.089644107104972,-0.004169663465305265
1.4828557796246302,0.19062736374549893,0.3064921276488275,-1.0019564659066427,0.044764144307321,0.5140491447474458,-0.40436916650251975,-1.258754133896161,0.68754075892554
0.17455792878099918,-0.4376552206464818,0.8238826389791181,0.7182031598766664,-0.00792946719738019,-1.4909905749565437,-1.703913866813014,-1.0665828448988361,0.8222399464397118
-0.20926740785033138,-0.05607644061380334,-0.7332581667245165,-0.24989919966920932,0.182092980620197,0.19535262538757256,2.670197674829486,0.5939267784492855,-0.9246930030422023
-0.19361945647174236,1.4182538306910073,-1.5021675901127978,-0.4494312726203563,0.16669408158886062,-0.8170133495735823,0.07908145252325678,-1.3565998000444772,-2.640127620126241
0.49285314737680486,-0.43473171419467094,-0.26971870571060896,1.1046102342691315,1.5713320283807535,0.7894989046734836,-1.6616527131796686,-0.5483779817014792,-0.5414999142476636
-0.41092398125155966,0.5209607331658003,1.4248050836547028,1.2246116763018298,0.06318233229886261,-1.4178918477871572,-0.9609894612807272,0.2924532461076741,-0.7515978745123933
1.1289166706393277,1.9151759538074404,-1.2119000910023343,-0.472483138855016,-0.00792946719738019,-1.0350941378274907,0.335057110894473,0.6078571638059416,0.23409673553152513
-0.15329405597336881,-1.165896658804223,-1.0677377248992008,-1.2663364368608434,1.3036814945176398,1.665569078179869,-0.6154158490430592,0.2238385226132349,0.5640510570273566
-0.5432758832902026,-1.9654754789415139,1.0474154392049844,-0.10259077564930437,-2.074137445479777,-0.566489396399419,0.9123187677321164,0.31533356420704245,-0.46171531938647586
-2.3135109346399516,0.6208904277780702,2.3528959081272567,0.639586638330945,-0.00792946719738019,-0.928059040173985,-0.0669578838971303,-0.8805446967741141,-0.8531794642577704
-0.02498849356148565,-0.33123206507885633,-0.8200171752913463,-0.3013032976682203,0.4220079383353416,-0.09692976824305836,1.3707716081411827,0.09011794966370086,1.4867262194415354
-0.07908788184107322,0.1684222149843996,-0.038049022254519296,-0.6518570635568338,0.6084871560098035,-0.11286618190942023,1.6794358568938166,-1.1093353064479028,0.04878004417367008
1.076215451056847,1.8440723646098398,1.0467430961171773,-2.2588538705381813,-0.00792946719738019,0.008921337603488809,-0.14315546027598613,-2.0694169521447394,1.3916793359990027
-0.34415544999747444,-0.4399170448834398,0.31168888620363083,-0.575941372698,-0.00792946719738019,-0.14844835299929152,1.0305011517113754,0.7718688945874218,0.5737813364177965
-2.1600765727623914,0.357296884609922,-0.4459595815867907,0.5067796975878966,-0.00792946719738019,-1.7304252297278284,-0.29027750488632453,-1.980068898787354,-1.553169178599699
0.1816019701161313,-0.33216058018817196,-0.005538706803604337,0.8367522723326548,-0.00792946719738019,-0.008036706685308335,0.2166434318243696,1.5223802483511697,-0.49301465825897844
0.9692903700206557,-0.597347390086728,-0.4682076581057552,0.1642717906371591,-0.00792946719738019,0.9065074477660923,-1.2031614960496424,-0.6887233632527227,-1.722237062006342
-1.4324395076255851,-0.14587363636211245,-0.49885390841313015,1.2699597535285443,-0.7543467595659005,-0.1634175137799558,-0.5990361335053586,1.4651458194702973,1.416879579942402
1.3981053832680952,-0.019322347250792772,0.19623232473643787,0.23969439428357486,0.4934387739539097,1.5742160540459627,0.3113423995721687,0.6221701611315607,0.6906486908440215
1.7080823428898777,-0.7134106058293792,-1.5389148333721903,0.848744021813995,0.8004384313927295,2.1428568644822334,0.7841943854537278,2.5285413766885223,0.8329502451554743
0.4954929061174603,0.7273929955503384,1.0180913421669273,-0.22141057239754164,-0.00792946719738019,-0.2654590476575144,-0.4595215115286603,0.2627658808985948,1.478678575267527
-0.5773842355424444,0.32760636371516677,1.0882859411766381,-1.6752332046495022,0.5261358524461571,1.7686819355359205,0.5303892526488375,0.4348566307122017,0.06757757654864276
-1.2834249462697462,1.5215432147992778,0.6610958205032208,-0.00012982454916701387,-2.074137445479777,0.4759277750057996,-0.2453382636451732,-0.6934818638979534,-0.8391648631562371
0.31616973925022634,0.33535789215024336,2.0178158756774693,0.873120505747825,-0.25376961114036306,1.8006007161523143,0.020863145272847636,0.024245291022433252,-0.7714720087010891
0.7403357548498166,-0.328551285743352,0.7393133010490823,0.30209535128127185,1.5527498887310127,-0.2952717410050173,-0.4373220223925199,1.3409633551944788,-0.7584409075337747
0.09981637843375066,-0.8699329296145704,-1.076353706435132,-0.15271424166432881,-0.00792946719738019,1.75893056445585,-0.5587380386910149,-0.037499529337577754,-0.15023219746425479
2.308286324677278,-2.449772063533302,1.7584433773345232,1.367269289912103,-2.074137445479777,0.17228860756750194,0.5950133331567209,-1.6078168923690663,0.528710873686912
0.09559095023054477,1.001386887314888,-0.7708640131088917,0.16920563461139554,0.046696507425064086,-1.6481732044636852,-0.0970371538126517,-1.0112039655338887,0.18417262975148463
-0.34413645807568755,-0.009148209651766855,-0.6299158528250262,-0.29639777832091513,-0.3188927005018374,-1.5251405582322177,-0.5389746377352702,1.2567236112063416,-0.052069976210746306
0.915491569719047,2.0599091615930765,-0.086424463659039,-0.037474107307136705,0.5450823949051624,1.4141402860383447,1.0620199221252224,0.3907888702043196,0.250177809690144
0.6702675961548235,0.11611098207390518,-0.5169728238945713,-0.2335882309565864,-1.1780322222399129,-0.6101189563016912,-1.2223155129101337,0.03677174414814249,1.024021559845218
-0.45018388682483834,0.19135135574523005,0.5119061499829081,-0.8734306613398927,-0.34840129511013007,1.7708718554330418,-0.4956023893058823,-0.6896707636840514,-0.7495530983741234
0.09255173516777845,-0.3841506800793385,1.0547699034165468,-0.4867112354626853,0.6281123339458046,0.578884488336755,0.17342466103868645,-0.28308369618958423,-0.227649661932656
0.29256199812354394,0.5965312835174971,0.593396761021617,0.41614334689265725,1.591114325451608,-0.28214385422832333,0.1639104029598583,-0.6081386133855138,1.442040097109683
-0.02498849356148565,-0.13677473913400381,0.43617191520750165,-0.6543679245560796,-0.4613998557446121,1.0408333948137851,-0.09490585786956036,1.167993438913395,-0.22108946132038312
1.7652752186023266,-2.2524906939084026,1.3513681718068302,-1.4910931504304277,2.0582990395178142,1.3064623710768402,1.768032385205144,-1.0721336247906232,1.6569511407621738
0.9328506522049702,1.088838515382065,-0.9869929463937794,0.3137785929553158,-0.6298598305352368,1.2708495349320914,1.3644967994486976,-0.5369901879195894,0.33300647038143144
-1.996413062033868,0.9574645330226546,-1.7077087200432777,0.2282591200550928,-0.21238078027482446,-0.16671031770098924,-0.41382072464419306,0.15740558587790823,-2.5201959836156878
0.23967552933600575,0.7172881152594445,0.4104530982502661,1.0442421229648295,-0.00792946719738019,1.5932681701682678,1.0761411887429013,-0.37173014327320164,0.4716646826739446
0.18358002475085064,-1.180943192922753,0.1295877745244067,-1.9224498629415572,-1.8197508813692094,0.129892496746334,-1.0367369942665348,1.401521843214896,-2.2486157115115253
-0.052616308371355384,0.8643925966105199,-0.9902654422533903,-0.8122302812392838,-0.00792946719738019,0.6737056728399055,0.5173766819859629,0.43755818572175675,-0.11626314275997032
0.3120239522453787,0.18885367720692786,0.5238746993406972,-0.00931250653885157,-0.6534872276725243,-1.5046491234215338,1.1588578065469346,0.06698142810355054,0.5096722952911176
-2.3135109346399516,0.48000264385870384,-0.8531711407146493,0.27154364317981583,-0.20542704203432482,-0.6894130793498902,2.3224394968474313,-1.982862285735312,-1.0558100810542956
-2.1892795703329178,2.4773274145363477,2.617676220126285,0.4139227199544978,-0.00792946719738019,-0.31352622150834275,0.7093529071874015,1.3951771444675327,-1.1829794555433548
-0.9593991359397781,-1.479501086155756,0.7649031672072258,-1.3250482870548266,-0.00792946719738019,0.4945124052396149,-0.6315183766544047,-0.026908809964149658,0.1613396962217621
0.12033613313442122,0.5289518196034676,0.12676589412437064,-0.6050458981440859,-0.9218227466350255,2.4869645251673584,0.845057750313015,0.48101448528008284,0.2498885805385421
-0.02498849356148565,-0.15324435815952095,-1.062165651003621,-0.09979403706040431,-0.15131639175493972,2.1419174804372516,-0.24677964822501236,-1.010704090086374,-2.051771339165404
-1.4627939338035276,1.1211301462648091,0.41969119310601494,-0.7748806980099597,-0.15999164017836387,1.2918403082557885,-0.2183939877766216,-1.8163269450530715,-0.4613467281094052
-0.02498849356148565,1.1325790530830169,-1.323466791388231,0.27172953398956046,0.023371917178973793,1.457074098379984,-0.07194061762308437,1.226402283378767,1.0842068624969554
-0.9323030325875474,-0.32453794063421526,0.5404004635774393,-0.8524537981167665,-0.007932376478800377,-1.422730974896352,-0.5776724314845121,-2.178946862271705,0.2513447317321414
-0.02498849356148565,-0.19282743750583373,-0.7871532871364035,0.2971264229142486,1.0536767688687836,-0.0966390677643704,-0.28841469475100157,0.17012816527933816,-0.21134122087355975
1.6920411693318107,0.8869208184940892,0.4396180873730234,0.16451293414248158,-1.016309960479636,0.9746697655926404,0.8125230309101032,-0.4771860378834287,0.8347920825041734
-0.9338593159032725,-0.06030250510798937,-0.6805404459111466,-0.5098380293638836,-0.46581154137542735,-0.49024812240845594,-0.680642538125745,-0.8966904629464989,0.3626847842852647
0.7192559962855845,0.4808176308044369,1.7465729032562949,0.7275338814969325,-2.074137445479777,1.089003870826836,1.5197804033696112,0.4495533309113298,-0.8513917730932372
-0.6625277556849762,0.5244111330452913,-0.18804127096076192,-0.5728421492659456,-0.00792946719738019,0.11556837209537404,2.74658306917447,0.9721750988456993,0.16894685703101175
1.296260972369293,0.04235739796727768,-0.2214552064144781,-1.254778578366295,-0.12240703955363362,-0.8751616044224643,-0.7300808870632534,-1.3385066122126266,-1.2571454181305206
0.6005000312236302,0.374965283667595,0.34088767093801986,0.10346008545355949,-0.00792946719738019,0.3389597939294322,-0.5302868469545975,-0.38233920614292566,0.09539853765828679
-0.3961563063491485,-0.34714519129639204,0.49035410613626607,-0.2525937651890645,-1.4202185948869572,-0.20180779540724117,-0.40828451218632267,1.1249373550877457,-0.2976570723314043
-0.02498849356148565,-1.669629065953817,-0.31880411802060465,-0.6752753588587659,1.2036024487822716,0.7519824212573177,-0.09937284532627447,-0.16373246561179128,0.2030044389847039
-0.5068414779272824,0.07781202746009404,-0.9627471991012765,0.19676040856576715,0.163116810075111,-0.03198521379178117,-0.7198756444541455,-0.5590448545771242,-1.6118666523990681
-1.1990260315443841,1.9561160728557396,-1.3775364822918328,1.6146684923884638,-2.074137445479777,-0.36743332492067576,0.3909784529368618,-0.03369430321851071,0.04903943317001927
-0.5849086910602378,0.9191738284603854,0.2185110301020934,-0.07524219331178277,-0.9465395324453342,0.7334797934817424,-0.2511062949570603,0.0699226938568564,-1.5993803522430188
2.308286324677278,-2.449772063533302,-0.32491093699075707,1.138429623856697,1.3407237190686296,0.9301214760788061,-0.6679838841525655,0.024245291022433252,0.18960862221262467
-0.02498849356148565,-0.4481047013792619,-0.06779636617124639,-0.3006969600239131,-0.00792946719738019,-0.42366068137093793,0.37626750751721666,-0.4075901892726272,1.3905600815062868
0.5605856960654679,1.3903283788212701,0.4244708911870224,-1.821454918337256,-1.01165175556763,0.2080475297857326,0.8162824745574768,1.9849676627106727,1.1047644244969455
0.4461078737953978,1.1545145323009336,0.18982665274232366,0.8174644499604083,-0.00792946719738019,-2.430487161550279,1.301331398726876,-0.34607613724968767,1.3963040610433282
-0.142673538146079,-0.37400478075466204,-1.2137850674574173,-0.6334014041227876,0.9869354188457587,1.6422222569938125,-1.544293705608462,-2.0823045766510195,1.7877367187149498
-2.193391526951123,-1.594983624419751,-0.8045321586950913,0.6718102555664996,0.012502501113754044,-1.0446498039121586,-0.13592231582247738,1.256522828496159,0.10043770643171208
0.9398497489612943,-1.0434712067881673,1.5031400227818201,0.36090217390705615,-0.5134845684458299,-0.2722351154830665,-1.8454669348473394,0.08269737148434453,0.5248045037926505
-0.02498849356148565,0.2790394137645441,0.3603902769271207,-0.9610940861917358,-1.1933718673283351,1.2821400245012766,-0.412344488411057,0.2079009786095642,1.2080602228214619
1.4868073601027425,0.2979040493891713,-0.13565662917475632,-0.11082305434250939,-0.07649916830014966,-0.051902245387053056,0.5814903063941205,0.74478344809729,0.7844186495287307
-0.34859713341103926,0.21862106750305127,0.039150539722427845,-0.5695097306524595,2.0582990395178142,1.526019836163083,-0.6636519751465122,0.32552254732634955,0.42889301365073557
-1.1489834870523776,0.6915258704577012,-0.8622144584261878,-0.9727494332893435,-0.00792946719738019,0.585448093354962,-1.1314120891391233,0.4402711248652027,1.2894848759753132
0.6752752532734084,1.056792649513677,-0.575746840053307,1.5828916304650582,-0.00792946719738019,1.2144340804941898,0.06262291906466605,0.15038444571659856,0.4944987680249332
0.3101022817441065,-0.5971646020194056,0.31899410821651675,0.9497042542137434,1.1504280536338878,-0.48098631539418524,-0.02995306365792551,-1.1269167095607096,-0.6284690273545884
0.8625088668051921,-0.37699588566966735,-0.048844083722390165,0.02021969605107731,-0.9021205094823781,-0.16607353739251404,-0.1405769076450575,0.3554276315341872,-1.7521668881746733
0.4023927074078141,0.264368816908331,-1.5823674475547698,-0.7215444796935051,2.0582990395178142,-1.4439571298458411,-0.4646022089160778,0.0621935077619173,0.36567362236855083
-1.076846727152008,1.0253398171316634,-0.7455990390988307,-1.9130865082761455,1.6078588764124966,-0.21480072920510968,-1.079419388929059,-0.16657506231492414,-0.4661306074668983
-1.7090052560512312,-0.03360627499092564,1.5295418773211282,0.5036371502486016,0.06278005979840548,1.422583245641776,-1.357145857564724,-0.10406840375789699,-0.6182458271455197
-0.6151564010324284,-0.1317941500144229,-0.31422355070155333,1.0650937644424447,-0.00792946719738019,-0.3112786372213915,1.22907784567625,-0.32785770911137424,-0.9670166378196952
-1.0084387598355897,1.0489275588859035,-0.5899947851993863,1.0531553115164358,-1.2740535896221696,1.6066144655142247,0.002531893270217583,-0.7717542766001354,-0.4227131122460761
-0.8642691229551237,-1.1582219840448094,-0.6661173448980909,-0.8677919349518414,-0.00792946719738019,1.2436379170707648,-0.9856590236064905,0.8416588228954439,1.7356287601546028
0.5330535873106103,1.3416652699263716,0.674492352142882,-0.4236105026719502,0.7324394010393067,0.7274398834377,1.3732529169340466,-1.0514515407571803,0.3769741545852797
1.3217786780151257,-1.601418690044401,-0.5125266429175147,0.7278148491457798,0.2614564780946818,-1.748939196851907,0.29291166139819563,-1.5603888074808092,0.9745298587414968
0.22530117692491175,0.5657712933725069,0.41697888014405315,-1.7365363127577786,0.07800790837860891,0.5492558052986625,-0.5366238723349602,-0.22897942340340519,-1.809569874625009
0.7005725806175827,-0.0962369579034552,-1.6622781837461225,-0.6734036899083466,-0.00792946719738019,0.1854149968081159,2.550864788287794,-0.280281976191654,-0.6199299117964908
-0.02498849356148565,0.7816597700674792,0.6896489298677995,-0.3616719822211533,0.5226063901370873,-0.8838853179660415,-1.3158878338399513,1.0153053046480083,-0.6729493909576827
-0.02498849356148565,-0.9867759096915827,1.2453947743509433,-0.5304714771313742,-1.5309142060034173,1.2685617344202573,0.4932496811194023,-0.4282279964905459,-0.5956130851093372
-0.02498849356148565,-0.9237220336013416,-0.09834064671916343,-0.35036947150671627,-1.5200669200923402,-0.19443709767509712,0.3225308896200377,0.601872873595935,-1.8804501271112108
-0.8968587390036032,0.7420050166308422,2.0858329179528834,-0.3234754802902904,-0.00792946719738019,0.8406214690712415,-0.5639079248011583,-1.116314767375192,-0.06726550406596703
-0.8864308231534487,2.4773274145363477,-0.5020700310390805,-2.362680815419566,2.0582990395178142,0.38373581763523845,1.02113542726233,0.37235485388947426,-0.2859849444079483
-0.02498849356148565,0.5016927011625881,-1.8961644347953788,-0.3131922470725021,-0.008601466698561353,-1.9692627849134283,1.1849063731949965,1.5251002786597778,-2.17655024707801
1.7402186131553405,0.9071262310140259,-1.1388679141798825,-2.5652232910553825,1.7238190881017073,0.7474364752790575,-0.32187613939830273,-0.2614124183838148,-1.4348630344940208
-2.3135109346399516,-0.5346236528920028,0.7597993669848921,-1.2136904547794287,-1.3103941201497034,0.9379075355208912,-1.6340273903693756,0.7165075494335268,-0.7893508326245398
0.3987367046428973,0.387972536850982,1.4508552518470454,-0.986076906124087,-1.0107909303183376,0.5596247278842595,0.4393811172254195,-2.009900154130247,0.9461629125897931
0.22213004818356438,1.1826891513907547,-0.7532558810681013,0.4601478999480134,0.9867909087438187,-0.4133573398804126,0.2826732009734263,-0.1033555865006909,-0.7313404245924975
1.5112672737043962,0.9288585224226495,-1.769894987254798,1.353516772385362,-0.45821863007422015,0.4193489358970758,-0.0419987005818953,0.9249136300516478,-0.9686221089052856
0.6034349899352681,0.15676763645326922,-0.1754157980955476,-0.967985612835154,-1.099549778994912,-1.535623878201448,0.31142309867867984,0.33875447063319186,-0.8505686020928648
-1.2568738035568119,-1.6787752717593454,-2.473063402105037,0.8147782183765122,-0.00792946719738019,0.8893325556439573,0.2867153929917848,-0.405526539848834,-0.39842554840651756
-1.462016537341465,-0.10201547741974554,-0.5449158283705824,0.4547341906815761,-0.359452906234737,0.2295461329640776,0.9965771414083674,0.014143680202614325,0.7541692290216447
0.9900376127745136,-1.1501731406275013,-0.28561572052443623,0.3399761536429791,0.34696667328307745,-0.445540638932814,1.0812889878600271,-0.824028339734651,0.3674576700852148
0.06862875983093746,0.05388794405145989,1.235268660826812,1.180607161865775,-1.6095273919075668,1.3238614189034037,1.7173654519173445,1.0129253872725796,0.8656823885260055
-0.1764092175241486,1.2787728812629535,0.24752802502962407,1.0092736437491783,0.5273383540485598,0.6385273709595971,0.718971196308544,1.7282827594164767,0.40652578918049864
