ph,Solids,Sulfate,Conductivity,Turbidity
-0.035674089269021075,1.5501257937792683,1.3048556328876013,-0.7760080039963504,-0.18532432386430392
-0.2003380106186186,0.08118423539852522,1.816863104476829,-0.06793208899393334,0.6920673286106853
-0.9852468395238068,0.6224912220825475,-0.13498278455428478,-1.3577754077471142,-1.2323642100015781
-0.5475387100028513,-1.164521469817386,-0.02048549761417713,0.028698121561048257,-0.8852518481923772
-0.2591154019139872,0.2848181564818831,0.20627809201945926,0.6352869933873367,0.3235509918837511
-0.6156421773044742,-0.7310007849463669,-1.6679216077396783,0.7349759836017695,-0.3408364537188937
-0.035674089269021075,-0.33071182946917593,-0.21754635907774764,-0.8852818596839782,0.05449318701901019
0.2564245937878546,0.38794213535519273,-0.4739997465230385,-0.6200979321622572,-0.02793825627001978
-0.035674089269021075,2.3279315030413588,-2.071453686473499,-0.533788922426806,-0.47202195253045814
0.7721031210482846,0.07412853849743034,-0.02048549761417713,-0.2419862280547628,0.3524027719359156
-0.035674089269021075,-0.4448833593361129,1.803732335580131,0.7078291059746992,1.8753738544762022
-0.2042103440725617,-1.0228108377209915,-0.02048549761417713,-1.2320265570239692,1.3618193267359953
-0.035674089269021075,0.4531272486491608,-0.40907322438185206,0.9991921695382632,-0.23230660688505222
0.8300354632608361,-0.5993419291374789,-0.8989762727851428,-0.4024736311327603,-0.09999285106949315
0.4700240915879175,0.05713744582816875,1.406627285043275,-1.7246024707864493,-0.10200006654731823
0.7441923993538234,-0.3628616674995333,-0.02048549761417713,0.3442894605691542,-0.8250807424739603
1.4749216282061872,0.10639353840643737,1.1310431446507017,0.10476507960586896,0.03257809474446387
-1.9974196180104038,2.2393057776652396,-0.02048549761417713,-0.03381576603346708,-0.5990845883128668
0.0734454344425298,-0.7305557831818543,0.02622817678419478,-1.6402118629710554,0.16861149578806922
-2.594762051545999,-1.6395242447558067,0.078685798248241,0.07045066788298418,0.4445623180179355
-1.159205789002778,-0.7332268812603701,-0.589543112813033,-1.4699491558250453,0.5028104911937746
-1.23894527916246,0.4258529912031076,2.2639728724291417,0.19431332025615927,1.4441924287329224
0.04810134400002709,1.236763623003235,-1.3927085373591974,1.2769993375444735,0.8428161782898037
0.9426629750102684,-0.30344258216667486,1.5649160632683954,-0.6532222360964056,0.5175569984736669
0.8201647871042614,-1.2041812540253052,0.7420438134166564,1.1967128065422368,-0.4991468526255957
1.8558404065315022,-0.5684909839895473,0.7471167865527611,0.12553899201596755,2.0042354870188848
-0.8649994417835353,-1.3318608093256252,-0.669285884756612,0.1676267813080538,-0.31896761404892626
-1.0212189661129716,0.7892170124708673,-0.19619344969398828,-1.818282017717904,-1.8045158010536846
0.6363899866257515,0.14683615914462866,-0.2990060292763083,-0.39754936729730117,-1.000476402128099
-1.3920447517002588,-0.28200206910682946,0.14855778574521328,1.0823175020472904,-1.0791470236338003
-0.9659506474660844,1.1459443523755015,0.4629866900212253,1.5138268638767336,0.7684796394833662
-1.0782780474700788,-0.21660307855559507,0.9095463103222834,0.09702405697516735,1.5046725719569018
0.9575572474458175,0.13377905178552044,0.6872242984032312,0.08636526676662248,-0.12187253979987282
-0.07894169567776657,-0.2967176974251168,-1.3825458626138527,0.38433622862169214,-1.2020763622488726
-0.035674089269021075,0.7512599179616557,-0.42036815996339005,0.8185256574696077,0.1042239272459123
-0.035674089269021075,0.6126488582294891,-0.8780628846471455,0.7736826977904543,-0.9878595674988215
1.7175415178916762,-0.3308239829526642,-0.02048549761417713,-0.7036431122596701,0.5556037660094797
-0.016436878041312986,2.0111101724432534,-1.4400061701482043,1.1373578048737158,-1.3055078663742434
-0.9226798650822939,-1.0108639348036346,-1.4524775807059913,0.21046430520802045,0.5643268946656543
1.0039149498673814,1.9295194618327516,-0.6538038053344121,-0.5592108554738656,-1.764967553611085
-0.5193413385217454,-1.5116934120422532,-1.2998653813059111,0.785997067097702,0.6784984952830374
0.21342109922400515,0.305905469684148,-0.02048549761417713,-0.02453543191836861,-1.9328658563359742
-0.6308697138163312,0.46929075194615344,-0.9784743317238764,1.2977761027545642,1.0220953089997913
1.1388957165346316,-0.00709515770867938,-1.5802846472539116,-0.8864013956635668,-1.3109644212084286
-0.809445635967635,-0.8091509622058775,-0.7693422292900571,0.021846939028731364,1.4121911915150607
-0.160821927032195,0.3006723085182041,0.028848810428457633,-1.1144495442378006,1.215239739398827
3.0532370754311717,1.9826376632529155,-2.686525832145583,0.4368220274474921,-0.267993391045478
0.1294328860596921,-0.6326272148200479,1.3005424350077384,2.0189610289003115,-1.0461464211350644
0.535644329988599,3.405001334266072,-0.02048549761417713,1.297811987375746,0.3206485338391093
-0.5991883262355094,8.01323197887523e-05,-0.02048549761417713,-0.8120529897821595,1.5918236955583032
-0.630201929486429,0.5183801153627273,0.3864228503719651,0.31690898563213493,1.4189471767097577
-1.0275715008331054,-1.1724928801991945,-0.10663255203955867,-1.191393180151481,0.5127070381717949
-0.1225205716897162,-1.2493732609370733,0.7819526829902926,1.0500459738759877,0.21861088492441552
-0.2601679012484795,-0.5278077921193204,-0.08644531807618744,-0.2842551056096978,0.266730784441918
-0.09722319673632429,-0.7262689223240864,-0.22811816153258038,0.6518156391666535,0.26610443993263644
-0.7483114777456921,1.3009062043120565,0.8481317140868195,-0.43166067815946463,-0.6165978541686389
0.2401227626606208,0.7659909836629135,0.142839439096485,1.1684279818500163,-0.31099103615649243
2.113485192351268,-1.674029622785397,-0.3332920323492849,0.12184466379235309,0.8495778916498168
-0.1338949359863986,0.8393459287773603,-2.196738847408622,-0.509902876937297,0.7587160453283187
1.3141576314847325,3.0952136011901676,-1.0213564239616049,0.21908177580342722,0.7398302387782307
-0.737118057590131,0.08427413686229172,-0.07161203430422743,0.20826312038697123,0.08421482322111686
0.21489321689317006,-0.3732303772736474,0.16522311546632162,-0.9037608864858746,-0.224726003171031
-0.5786141413448566,0.043344660902406074,-0.02048549761417713,-0.9467414023779536,-0.10916749161935008
-0.035674089269021075,-0.17482072407896504,-0.02048549761417713,-1.3947115861234254,1.239304290577816
-0.22394518853784218,-0.3730423355485563,0.2396186567052166,-0.5284918997916391,1.5241017141004907
-0.6891503239340488,-0.5294154065638705,-0.40603093902699433,2.269081559068056,-1.6358457148679848
0.998613003939221,0.8085347820697886,0.973298742545834,0.0528946512924342,-0.2531622027580402
-0.3102169798541249,-0.4273731008768852,-0.02048549761417713,-0.659873247528365,-0.7232414476072638
0.2528938525414361,-0.6342025137986272,0.4472334304394212,-1.1871598255973599,-1.330538436611158
-0.8669087380711963,0.4103173192130823,-0.5618103710944411,0.8154254276957221,-0.6827200606221007
-0.9211695743842238,-2.328898788316518,1.282242107639959,2.370267776934527,-0.3773028554913917
0.18983119311914476,-0.15745642054452402,-0.02048549761417713,0.11580554324086857,-0.9225204607393942
0.8487439097206958,0.8086931898323575,-0.810916644309691,0.015182428341426187,-1.9984500920523467
-1.0619249204723116,0.5014387496303737,1.2623128812906106,0.5835800733841666,0.07995844234294755
0.37606194340545884,-0.41861736655151865,0.4870730051323977,1.0719258671672671,-0.8157874013705085
0.7308097086993929,0.6961770578973941,-0.23338818112536264,1.030311168578708,0.6375443506210776
-1.9900003305795455,0.4553688650270094,-1.0046507426062667,-0.3537513326361415,0.25239931525869647
-1.6141876689188615,-0.19846775112792486,-0.8748565526354647,-0.9098881108057024,-0.060749205067215734
0.31982023877701776,-0.8530265129974516,0.7972243413571689,0.27783712261898025,0.5162334363284983
-0.035674089269021075,1.5837476579420717,1.4038904606319702,-1.6219463969961523,-0.1473895045820706
0.49770144169640984,-0.18042376264838966,0.04987588655796368,-0.6011091010421363,-1.1185231410945289
-0.565942460929043,0.6687783899727189,-0.07890751942622681,-1.534452065322174,-1.3414937647350296
-0.38879026528718635,0.506261160014387,-1.2305220102168826,-0.22052672937140805,-0.3080534926881669
-0.035674089269021075,0.32097403217396114,-0.02048549761417713,0.19535071095033196,-0.6037572141314264
0.5476069861571785,-0.6888543598067206,-0.02048549761417713,0.7752716411019888,-1.2439652576801326
-1.1326947288473235,0.3747685541548589,-0.02048549761417713,0.5580154854573754,-0.27383505741869874
-0.8261460470957437,-0.33057323363513014,-0.13937590965231506,-0.009997541205466318,-0.3095568939644312
0.7916757155827512,-1.6009869674056936,-0.02048549761417713,1.8642331665779088,0.1608119127827698
-1.3389524595192561,1.0356708695844763,1.0388002089788337,-0.8767074141089484,-0.0430609957226815
-1.5107359116368853,-0.7502708091176488,2.1479273603535023,-1.1645985417442035,0.005255170110733386
-0.035674089269021075,0.07372173938044625,-0.02048549761417713,-0.9618467351309901,1.648871238529971
0.5101189638829986,-0.9582661549099775,1.6289165091019957,0.19270971750577764,0.38376666504143686
-1.4924285838768443,-1.3947608148076949,0.4394423809721226,0.8489483370517372,-0.08515555790984554
-1.191356517677076,0.8061528505809447,-0.02048549761417713,-0.835826135739639,1.4328338376658465
0.5084954550900678,-1.60696367836869,-1.1343645256370223,0.9792580947992536,0.7901686015881711
0.3252588090155796,0.16385000986403184,-0.1406030678502714,-0.3747558671094597,0.07837167122564112
-2.088392780635518,0.7736904274156728,-1.1844871270171125,0.17737712802938418,0.5706702721968294
-0.0024763834194189895,1.7245528891178934,-1.0849354780058305,1.2578988179906114,-1.6699427775108067
-0.035674089269021075,-0.4626588620841234,-0.02048549761417713,1.040994690839878,-1.5283985757428704
-0.15739343286960672,-1.1267402011291894,1.4374930949096913,0.5626404669102816,0.7978103647959293
2.871477405444627,1.9818579599689046,0.10102440672054579,-0.21122361852963575,-0.8456156851974257
1.0156767303778957,-0.6869356932246116,-0.4630929921006621,-0.8401289155355877,0.03998140156773021
0.47927381290531235,0.9178683344677774,0.7372365268251937,-0.8433456779061362,-0.7699432419989293
-1.9274518651418435,-0.1498405488945375,-0.8513962976522804,-0.010845208960206446,-0.4892020550359523
-0.33947641195216205,0.9555621595576249,0.17639435540456364,0.025696927327809056,0.38973473814061954
-0.035674089269021075,-0.847480760063364,0.025563379272730464,0.5464532112608118,0.7829119192701411
1.4139927746358267,0.72345543449306,-1.9566801937171119,1.7307871076569956,-0.5477338686096422
0.08405019103101036,-0.684924579199386,-0.02048549761417713,1.5727245584736596,0.41473298015941623
1.6467353772204156,-1.974444532720116,1.0168993149160053,-0.26725710204194847,0.3407649566467178
-0.6596430364123907,0.3283686431749518,-0.9747138730144012,0.02111306682998058,-0.3580514670633119
0.1305975706290592,0.09451007210258175,-1.1125589097224116,-0.6735464256727378,1.3956742124064139
-0.035674089269021075,-1.8480696569341484,0.19953315207364739,-0.48985674617417746,-0.9647523468831067
-1.0684258325059497,1.5398084568430175,-0.02048549761417713,1.2093309603802043,-1.4995972980437382
-1.4328513694344027,0.26785631482407507,-0.02048549761417713,-0.3693206265136242,-0.6800924961804821
-2.333123087454168,0.21879978744691697,-0.02048549761417713,-0.021723743041212988,-0.8391588434874562
0.03086915365332212,0.45823578371506585,-0.5723027890083883,-1.2903821145828462,-0.7061928974583876
-0.035674089269021075,2.040511701564171,-0.27094142293527324,1.0051524534920817,-0.06920240260917374
0.1776194300353395,-1.8351887198225896,1.0998590045001835,-0.8357608645111642,-0.705998026254797
1.2050658739460778,-0.29085730659788267,1.7000614169809674,0.4818501099180099,-0.6515395451975912
0.7850192340036085,-0.20474679066568982,0.6115568208845348,-0.6200994456176914,1.2381469235687992
-0.008693326063673498,-0.20208375357881678,-1.2018827151633253,2.185394993408863,0.4128626353915847
-0.949695111573318,-0.4808723543930372,0.46574250414987756,-1.0163014653277158,0.7955333400072039
-1.1976484146202384,1.5399256237847951,-4.21859460801124,-0.4384336603493914,0.5834626114873915
1.1229636227921873,0.3145855571775927,-1.239746094607619,-1.123674881861692,-1.0507000470994927
1.018447225360045,-1.7437121588748221,2.0749825137111437,-0.30069806941043264,-0.9913797189338176
-1.4856566502459414,-0.9332250481494809,0.9555710659091914,0.13633720199176466,0.16965397644983138
0.9824552598491956,-2.0943098665705904,0.10458970553161519,2.312419875887319,-1.6897917493565242
1.9589883535340988,-0.3495371918770856,0.7524204360490191,0.3643062889195038,1.5916974686758085
-0.11799741985149918,-1.59906799025054,2.9332958509352838,0.7387546049851241,0.4722253266399803
-0.035674089269021075,3.1083516788212266,2.0783066441460254,-1.2333701849698124,-0.8737009868273409
0.5186420279993944,-0.9155715580509964,0.26908011960598255,1.0145095313078807,-0.38836766455310806
1.1836139928608027,0.602626148804512,-0.02048549761417713,-0.5420015417795054,0.5687035572587119
0.836241563057843,-1.4894875616401064,-0.02048549761417713,1.422317610242232,-1.2567181437639867
0.8757188887688195,0.6121953053289358,-0.02048549761417713,-0.8809278234682464,-1.5654639531397463
0.2769037802686129,-1.7004616984120353,-0.02048549761417713,0.15378770661546995,-0.32543602268257943
-2.831444233878292,1.9824815860974179,-0.8354063959626145,-0.3050475798825932,-0.37374639983200614
0.5007905517854424,-0.615777052838034,-0.5672111424052422,-0.182224501976624,-2.0057542150052323
-0.035674089269021075,0.6380138393501321,-0.02048549761417713,0.7146242404992674,0.8310998938567679
-0.25480234389432943,-0.10154593103292574,-0.02048549761417713,-0.3408019897881108,-2.919694115870058
-1.0812059409088526,-0.3961539287294117,2.281156610576563,-1.5731211118674495,1.1894632971192935
-0.06527445828447684,1.3137625757605893,-0.02048549761417713,-0.2340168933519456,-2.6485240079389527
0.5190392228933826,-1.7235544610209315,-0.02048549761417713,1.4459532518631004,-0.10899922970723158
0.27897087306575036,0.5535900907249738,-1.7556501061033032,-0.6469564473148489,-0.19298422115965427
0.04216725561533755,0.07179374528747078,-0.02048549761417713,0.6957477835763911,1.8191692710120644
-0.3951752033325111,-0.7755440216402442,0.0077051029475784846,1.1022992056926266,1.2689328550670729
-0.19857698453889217,0.7618482555278514,-1.1189176997864925,-1.5021703670372082,-1.8736422738327256
0.7943377933929613,-0.022504996118118212,-0.7866518334828182,-0.18545164077618406,-1.7469724750804843
-1.1672552855946838,0.6129151301338348,1.1598044585131302,-0.3224347085812665,-0.7843583275256107
0.7421576453528417,1.0585142361868558,-1.3316458900942083,-0.11553723142716078,0.9444093336404035
-0.4970250694633235,-0.6418993082991036,2.1272795483934264,-0.8931612902282071,1.233199373990535
-0.11674305385767254,-0.43717833648478166,-1.590442075161299,0.14364227674088942,-1.7373292725742582
-0.7237653016375696,-0.992362597454022,-0.02048549761417713,0.11468973292408527,1.0679542931008061
-0.5181288092098897,0.301464736440801,-0.02048549761417713,-0.3456748649867173,0.9955866944504228
1.2306335182557055,2.274792969475309,0.08855286525279943,0.4077557858146563,0.7055338908145166
-0.035674089269021075,-0.11720510519764084,-0.5730726075478285,-0.10426544604065449,1.5072384273960497
-0.18628212817500692,1.2278135896949418,0.20189289786342657,-1.0841673413560482,0.5517516049999825
0.9031288773667581,0.9299541299449363,-0.02048549761417713,0.7630603147181737,0.48775810852281304
1.2338639390553827,-1.4731376535296843,-0.04997850211282774,-0.0341015228017738,-0.34515669981433406
0.8262651668439412,-0.17006672532681147,-1.007411554104611,-0.6640088306386257,0.2496669880045305
0.839158320181911,0.34145282728503357,-0.02048549761417713,0.6468086855150218,-1.630488638749665
-0.035674089269021075,0.7614818428777833,-0.02048549761417713,-1.0067520040608662,-0.17899841821271645
-1.5771814998438825,2.98116632311818,-0.02048549761417713,2.002051844867976,-0.09908390715206068
-0.7580895402276768,-0.21192711138268738,-0.6215844715776527,-0.19664528996927208,1.3329941262720952
0.8670371654846198,1.4994523950780412,-0.45369576069904216,-0.289654916954475,0.5055921501823039
-0.49889837107031976,0.05953322652538415,1.2575187513351707,-1.1205604023725666,-0.33734578558869543
-0.3161073075074464,-1.1865979407272635,1.014196395466356,0.04235436405336395,0.14840917449610636
1.5102896188333428,-1.8874487878767972,-0.02048549761417713,-0.7406956208534964,-0.377074636074526
-2.182148278668684,0.01401057678047227,-0.9496607313648927,0.23800023597995315,1.2235712468072417
0.06741798598802547,-1.9025637045902928,0.7636857679875138,-1.6392795801022402,0.04547514706170623
-0.3182357269751685,-0.5407491338837799,0.7357000484761108,0.7854886743150246,-0.11393101617507846
1.5738783558151184,-1.4327489905062842,-0.02048549761417713,0.29002327116141174,-0.5631165676877172
0.4624988055742901,-0.20430711780848634,1.0923071085861262,-0.6522585850070464,0.1824439366839632
-0.035674089269021075,1.833960268143968,-0.02048549761417713,-0.8517306712014505,-0.12405083602542517
-0.035674089269021075,-0.5304906869050237,-0.12473869453996406,1.8132934421542768,0.5281999458885583
0.7105162316459992,-0.9773502672274804,0.7813802356654819,-0.22495251866549423,0.34949622000985686
0.8502486220242917,-0.33376578868186774,-0.02048549761417713,-0.5332430774043777,-0.7193783782712059
-1.4651971015138026,1.0631486401135348,1.3720028947631446,0.9679919600453398,1.3748114911369511
-1.5833313150118644,-0.027991370993028133,-0.02048549761417713,-0.2964146145187661,0.7313675245858735
-1.1086949357381302,1.7989178942313477,-0.02048549761417713,-1.0424157933414078,0.6463909792500777
-0.24135068796980763,-0.4369081020195874,-0.31821422342982814,0.15857280145967745,0.04168136392651203
-0.035674089269021075,0.9373735642616716,0.7212712873022357,-0.6142802738705703,-0.5733617481170042
0.12082226901636983,0.3585580319420127,0.42419771015530866,0.9020690778570102,-0.4277404498125936
-0.025554135844121802,0.9964848613987578,-1.4307098134948966,-0.9826755955142195,-1.4087193741394206
0.7544285648640409,-0.943035923166831,1.1982532976708096,0.3330465627516149,-0.6158206234355401
0.2022190614828649,-1.0805265128311738,0.2586113106075158,0.5830822855426682,0.4755354836651547
1.704630648495207,-1.1907717367262187,0.895435912301269,-1.2842694750762769,0.890080414754266
-1.8617839323361003,0.28882335214701566,-1.284601188806489,0.05729519683358153,0.6033773449227434
0.7913007116911176,1.0546003406444724,-0.029010574875078552,-0.726747829121932,0.5912868883450724
0.9373999739437258,-0.9851127862640994,-0.02048549761417713,1.4780113108942126,0.9688218991264078
0.5582473332614568,0.2004957961183286,-1.501507673179592,1.4810149915584565,-1.065944527181821
2.5626168007304178,-0.8852627089247875,-0.02048549761417713,1.687430133117382,-1.0703456314361808
-0.035674089269021075,-0.4089633016949683,0.5035615937752757,1.4707842899625694,-0.6410401502169759
-0.06586736286998562,-0.9457123851895979,-0.02048549761417713,0.63883664267411,-0.12860391750620273
0.4120796781264964,0.9605244995702442,-0.36646480728703335,1.254122499159744,1.2885893883332642
0.7641572513226942,-0.32600596225138406,0.3655194343231368,-1.1725976611696876,0.32513308791100526
-0.035674089269021075,0.5176902299734734,1.6907504175228003,-0.782816393776728,0.026472144366106787
-1.5612721753735095,-0.4497899629098528,1.1923613006903269,2.2290485098090924,-0.9104758154472575
-0.7780464864576566,0.540393937441984,-0.02048549761417713,0.0489988110763583,-2.229492668191128
-3.0813517385670153,-0.05666343044162668,-0.5978009122465985,-0.2664909099936015,-1.475173510056305
0.21198351178902772,0.0850342070276396,-1.0927714165354774,-0.17358030335314123,1.3035246151307136
-0.36205977245403315,-0.7343135198604516,0.6177690924010806,-0.9235262000645788,-0.6745128330931105
-0.7111209292372241,2.011607629040734,-0.02048549761417713,-0.8628535948798534,0.301750573494828
1.6410859673048175,0.7600219608783505,-0.02048549761417713,2.3786041245727327,-0.4344629241107513
-0.035674089269021075,1.2466938234850278,-1.3253582619887447,1.22271973471251,-0.6028157266958706
-0.9120044412224662,-0.2682270950249437,-0.02048549761417713,-0.8126139645870661,-0.5592779797149665
-0.035674089269021075,-0.1430779715270065,-0.02048549761417713,-1.6985666874471121,0.15222896212226966
-0.23148972662293824,-0.6270927570921182,-0.02048549761417713,1.0692693519241756,-0.5584777206384592
0.1242592031676244,1.6702969569449633,2.4541384943332094,0.9230254207829462,1.2555683349758555
-1.3110349195894215,1.510532098539491,0.1935870132532417,-1.1882333324073893,0.8631441045894312
0.21348117752885182,0.559535972698896,0.7494554718195441,-0.634888755115635,-1.141137200859131
-0.2917140304056194,-0.1414156979765053,-0.02048549761417713,-1.1235910874908497,-1.3033264536177216
-0.6448508922841963,-0.1425710134228733,1.3822586473779812,-0.7934359575337583,0.9382484798128142
1.893101847930265,-1.0056732850077768,-0.39656598740229565,0.7228012239387417,-0.34394244126730933
-0.9415174047306134,2.230424009507205,-0.649805501094623,1.0078820925949434,-0.7259807916935851
-0.5016316963243961,2.191002872927637,0.8421256020521245,1.093855101821565,0.5185152926756466
-0.035674089269021075,0.14450824611000082,0.031129626517682484,-0.6130522475795128,2.0383794738695236
0.9266806873569232,0.8140148172774143,-0.02048549761417713,-0.817015728985259,0.5496625713845753
0.49396385355592204,-1.1154628077288729,-2.378804278187321,2.1843483747436916,-1.9480732502923486
-0.37102191633179143,0.17002861738575056,0.5937633760716653,1.937182885393851,0.30793519644999223
-0.035674089269021075,0.7017001653071389,0.43395445429768154,-0.8900223579836226,-0.6793230677266123
-0.18636496109728437,-0.3371428771392875,-0.02048549761417713,-1.6467647940016819,0.18520560118286647
0.4159544869121763,-1.1626802999357242,-0.02048549761417713,-1.6061907540255684,-0.9871752495357031
0.950082749456735,-0.7867409234441052,-0.02048549761417713,0.7037616445327721,0.32020355060315325
-2.7110073539492263,2.6557675001153163,-0.2520589055799585,-0.009575607193066995,0.3544861099959997
0.4200280432727942,-0.5503373602317578,0.5609853150511382,-0.7366651368915123,-0.7357681083224187
0.4972946844349986,-0.4891317372655599,0.5067967067006217,-0.7146425259356259,-1.3671938981850844
-0.5609717825550407,-0.36838449298122256,0.19141078499430295,-0.8737973352397117,1.8321339364678924
-0.20137913775476937,0.4378383666529373,0.5086613789369668,-0.09980674363061799,0.3645536526562415
1.9176708992411262,-0.6352183652813491,1.2712284976246144,-1.0226675958851656,-2.015133985708074
0.18971112115061464,-0.6311991735957238,-0.46421456862989313,-0.10766331318613682,0.5596461942090986
-1.012680731364336,-0.442621651556187,-0.8262866154871588,1.5322054557723335,1.6166594967462864
1.824973479797053,1.9310788227212847,1.2744581481472048,1.0394833507812398,-1.2100716351621132
-0.035674089269021075,-0.15957594009430398,0.9163231291030705,-0.9086535772130128,0.010319478157151148
-0.035674089269021075,-0.7535523822361841,-0.7362764840457925,1.6738962253525853,2.6435913151677712
1.2092901229725852,-0.25768113948685556,-0.02048549761417713,-1.757339900080346,-1.910695402216229
-0.7187589873149695,-1.1004401495005867,0.8826052211502476,0.9258488744315567,-1.0598020026547617
-3.6267286326999533,2.2448374319560296,1.1586317152683965,0.005560433035683221,-1.2829822664521753
1.3811698438587765,-0.10763795247125262,-0.079317255437045,-0.07338640129444271,0.7624235021114303
0.4532115995237566,0.02056581966488552,-0.3674930445390551,-0.362963276589126,0.4428618090069429
-0.977277924553227,-0.8270220012070529,-0.02048549761417713,-0.9884964109279278,1.789154194649292
3.284013934318557,-0.5384725306262846,-0.02048549761417713,-0.34095006866110994,0.36515096246668305
1.2417396857445695,1.3474792979919705,-0.08225999942300673,-0.022273003503676406,0.8572696449521642
0.3418726091403692,-0.6150959741690625,-0.02048549761417713,-0.31052290065952526,0.48652961512974097
2.0131299927556143,-0.6314284117398304,0.8250772836297611,1.596017313270126,-0.20882021996316213
0.1825009826028485,-0.9218344266118259,0.5225274303955421,-1.122586840361921,2.421488734747027
0.05798346965137236,2.026981227577975,-0.9097445755487218,0.9741002235136993,0.7190565918042734
-1.181804640644084,-1.1400043193377045,-0.5721922131320214,-0.69123362058362,-0.8435853951834285
-0.8453834307858649,0.8912079817614589,-0.14605999910568315,-1.4447887694235646,-0.13499360118429748
-0.12416213092256682,-1.3077608011838946,1.180567659487899,1.3634993549523384,-1.1958782368875693
1.5408605138641858,-0.9178778920206699,-0.3234439373240149,1.040894075593807,-0.45486671075180407
-0.6364918579491051,-0.13862209305452775,-0.02048549761417713,0.045080644802440596,0.3897022917554135
-0.035674089269021075,0.4011061521782205,-1.8595210471328616,0.016720213920521223,-1.0701391794456154
1.089776205700578,2.160742847544894,-0.7768655306661357,0.8785602713003998,-0.11958053159671837
0.18129794925801598,0.5601562813144562,-0.6702279365351272,1.5961359231034735,-0.3925006160852058
-0.8997170434229175,0.039225497446126315,0.3831662791027444,0.2642728438292324,-1.3609412427476681
0.6730047161582584,-0.5657662104059314,0.7055978576523266,1.616742263956113,1.421132169286299
0.4078576166756644,0.41672878074551,-0.02048549761417713,-0.6802240034138322,1.036377404901618
1.3400469228231808,0.04428667867152832,-1.3343508454519286,-0.6867400454925106,0.3693759973897613
0.2811134405389977,0.09301813781626612,-1.0075828606755557,-0.8688664760972655,-0.1699929805047785
-0.035674089269021075,-1.1127062792494224,-0.23093601674856887,-0.06907509085259107,-0.7300611908312189
-0.035674089269021075,0.05037148681578904,-0.7928562586295411,0.07647476971482754,0.6485926842466478
0.20969134015666333,-0.1853668894047132,1.381192242408325,-1.4533711231949773,-0.2460371427729013
-0.1987689866258627,-0.45886822812277844,-0.7159296207581711,-0.7073804677209442,0.09178231994133976
0.2211980733283807,-1.3940125068010822,-0.6143213871654747,0.9385912244921046,-0.25375769104916657
0.383835114135165,0.8178867868055553,-0.02048549761417713,0.13320173166600754,-1.1408892049933816
1.6074340781738994,-0.9840109840314881,-0.6381937780613012,2.0295304772057654,-0.12237324582082018
0.5873279941589168,0.2765367444250437,-1.6597538491830945,-1.4932732776372308,-1.1922817119864053
0.46954048788702757,-0.014312369235769819,1.6824776186217552,-0.889409799020477,0.08965555279417331
0.9999112802558041,1.9594349630946937,1.0963825306611816,-1.0775591211844984,-1.3171327740853305
-0.8988860706442785,0.0240517522327764,-0.02048549761417713,-0.6336658810457201,-0.9177120631089881
0.9860193059840517,0.9621827774338323,-0.07810409383353469,0.1007127288630234,-2.0342053622712997
-0.5829515253336534,0.08378043524127776,-1.000111869151169,0.39960348298616344,0.04665498187788283
-0.035674089269021075,0.2176932779114265,-1.541762705592481,-0.5564319410168596,-0.3278634793388642
-1.716963529514559,0.2293817560792589,-0.23768827543248763,-0.32590275713747924,1.0895231710881712
0.41423481607229823,0.5545523885733232,-0.9299644030801387,1.682797846589554,0.7053199999276962
-0.035674089269021075,2.0632724751783016,-0.02048549761417713,1.3635118791844534,1.1413046395977813
0.5999703061475269,0.3938210776078926,0.5078719225223598,1.2287537343532142,-0.741523126855466
-0.035674089269021075,0.8024446740230817,0.8493150162005437,0.6372869513965403,0.9286011548847881
1.64087077683242,0.00743588747264765,0.8474792361962464,1.8867942024029283,-0.9997753829509364
0.8178703172827974,-0.3092928518678381,0.2502977101049224,-0.4813293989067738,1.8767278542619992
-0.035674089269021075,0.01196177877482115,0.7106833364187486,-0.323688148059901,-0.020330102105074785
-0.035674089269021075,2.3043708582897273,-0.25487329962022226,0.9261828636543047,0.4567235501211784
0.7204700682148611,0.9098077133738462,-3.512043234817256,1.585806913351637,0.9386076969628561
2.1233834769499875,-0.011998279756541906,-0.02048549761417713,-0.4049179475615648,-0.8950735001271336
-0.9243734336579873,1.6030489685756868,1.2344726945700528,-1.4790974786392264,-0.07490108812219609
-0.5968359325231964,-0.9528177040211124,-0.21738864025332671,1.304031134119094,-0.5390753803435764
-0.3191201318299256,0.5210930858240378,-0.02048549761417713,0.842671319254997,0.6171006016229058
-0.30131646439060417,0.6889246923603438,-0.42330311434086976,1.7961499490701873,0.9251108401746169
2.182211310393258,-0.3351979104086042,0.28464521131746384,1.9435076989263833,-0.6019028242965824
-0.2214222302266201,0.0826745011708846,-0.8002956804294824,-0.5606846365846074,-0.42312710683472854
-0.035674089269021075,-0.48405868680735226,0.4248206263870081,-0.6597649565730532,-0.3250629009350117
-0.4974344201409406,-0.35845766671451423,-0.5884973258841721,0.9295803192056091,-0.14034743265495883
-1.3918634321318124,0.1380758842730762,2.442647944120596,0.7683406049759266,1.143208539712769
-1.4558452641288695,0.13502266008284206,0.18737649867734532,-1.002671027116988,-0.24084673582575816
-0.9746413015340628,0.46142481255111667,0.11551349957520102,0.34838501008725903,1.1324386169817537
-0.035674089269021075,1.8188938040788325,1.5503405375301267,0.17245923153913392,0.6024417254464908
2.167938117412915,-0.8103443644990501,-0.9078595276078328,-0.9165346927024193,1.5715879427575135
3.088892791579539,-0.7639294215365056,-0.02048549761417713,0.23481365467310886,-0.637835118305132
-0.6684073245730645,0.18124630806909037,-0.02048549761417713,-0.5877716301661726,0.3962899118901826
1.0282561076555372,-0.6854622723606316,-0.02048549761417713,3.0142876791539446,-0.5138930987467887
-0.1487679050729721,0.08779764862420068,-0.02048549761417713,0.8456276774195398,1.2088747747629418
-0.40075986452182266,1.247536566984214,-0.02048549761417713,-1.207234746810322,-0.7421772988235401
-2.235556863863742,-0.7863844328000408,2.3270406448208547,-0.564115100774018,0.6433569623662694
0.33766042540620334,1.130797416554917,-0.02048549761417713,0.9356669389405081,-0.014355478694019597
-0.035674089269021075,0.0825534547975803,0.006004284232755113,0.43637518181867846,-0.7317912193869013
-0.035674089269021075,-0.21154002444321898,-1.328881687014447,0.7874177269085277,-1.096015793415441
1.3442984266094369,-0.6916316787311619,0.2584565553886898,0.4362569697830347,-0.4075741721173913
-0.40266371995005823,-0.8181814587568551,0.4278991978120326,2.7675448170109744,0.8911714291010844
-0.035674089269021075,-0.9620795340826853,0.03480660981911218,0.4862343325578302,0.5628998717643751
2.601386438532196,-0.6504673771480911,0.98482300335618,1.8156887491800648,-0.3204529528120173
-0.40267167784325364,1.4226330261851716,0.04035207765641195,-1.4141783747724541,-0.757128521282546
0.01250207170596357,0.19106403022782317,-1.3862322064298522,-1.066804955145398,-1.1577231386956668
-1.11568919259852,0.7041337146043917,-0.06137924884259487,-0.775279784858605,-0.030527848913361882
1.3967659421155998,-1.401889737783729,0.32656855827741355,1.661160906275544,-0.8811371005638338
-1.800745001306089,-0.1081259282237128,-0.02048549761417713,1.0801485519394691,-0.16193076420662436
-0.1196946609453217,-0.2947061046751831,-0.7337935483794118,-1.2831529195726714,1.8346304826309114
0.9983747122639949,0.06406578753580049,-0.32038548652004906,-0.17649775899498507,0.7942769707687913
-1.0126113102111767,2.5992655826303293,-0.2697727241356489,-0.04605508249321055,-0.18504108930116278
-0.035674089269021075,-0.922188312147574,-0.02048549761417713,-1.7039196212591343,1.403566921265678
-1.7677788232223515,1.7124449358527352,0.11607854242793904,-0.4612913344762607,-1.5410750764693204
-0.02703369371443617,-1.0515306224148182,1.5555878422855423,1.604528228031816,0.39108871304155146
-0.035674089269021075,-1.0909078499304172,1.4710363013589534,-0.07353952106017406,-1.8594242466396893
0.5349148084099303,-0.36485260383881035,-0.02048549761417713,-0.781614728320725,0.31804196029631493
-0.035674089269021075,-0.45286974743567365,0.477630246770097,-1.8454874873855378,2.2235282288933185
2.5892874066461347,-0.7553956196140053,0.009839273610859277,-0.09103416371462045,0.042580642373378164
3.0301660013233613,-2.014788138345764,1.7886758549662625,0.5825093008933319,-1.2413689977322646
-2.5506392317139643,2.33276779115321,-0.02048549761417713,-0.9333812328030152,-0.8576212619667808
-0.6051269301785109,-0.5859376825302798,-0.02048549761417713,0.3583483333323401,-1.0637822033220112
1.5124813588247759,2.0127058757043654,-0.2183066384324625,-1.0148154278439003,0.6575435222060025
-0.2416153209169035,1.1583441250193964,-0.02048549761417713,-1.062663725671127,1.4595560974167403
1.1619918819926445,-1.5892568502482933,-0.02048549761417713,-0.5308814659078238,-0.6273438658170121
-1.0045141589152562,2.4886230463843013,0.9074534291538072,0.2822759517579189,-0.24725224953001093
-0.035674089269021075,-0.21306936950883845,-0.02048549761417713,-0.010636718975753924,-1.3596948401439901
0.2883194294325266,-0.39671579781393324,0.4832234800836442,-0.6275803948190342,-0.34252846330097564
-0.035674089269021075,-1.9051309492932136,3.340165039979864,-0.4392688576957281,0.5456053996000568
0.3647542904419873,1.7600939837647644,1.2097730717242463,-1.7581101427117705,-0.24451550855839635
-0.1947031576003821,1.6012848410924785,-0.02048549761417713,0.5238186298711627,-0.5105288427754292
1.0670445377882893,-0.672987227079356,2.345082002140813,0.20767816926620333,-0.9008202254298362
0.908562513327408,0.8535323631707018,-0.7551271889107358,1.4641986571092713,-0.675199777337813
-1.6228503333104003,1.525343444792394,0.040007438733969836,1.3739000992086357,-0.6252058692612341
-2.013545100416979,-1.2062407689925667,-1.987636560229375,0.21258202506297388,0.6257420445413951
0.8940213063846584,-0.5738626188711445,0.26311925571574485,-0.3146467974318548,-1.451470358886889
-0.7644056820613342,0.24034036934296327,0.8555218800827054,1.7197633573335,1.213180075904579
-0.035674089269021075,0.7111359264353718,0.642724748818823,-2.0240633027184916,2.120365462356959
-0.5449266906529245,-0.21726186953946028,-1.362568201287805,0.5412031416939219,0.6520463789357356
-1.4519518102092464,-0.193142286181721,1.5721024285574667,-0.11910420058898268,-0.12810711863287802
-0.035674089269021075,-2.0112925282195295,3.5330300392992324,0.09150914068149252,-0.45772131333148924
-0.6541870620141323,-0.7601861266118219,-1.0979807413855356,-0.4484315268183228,1.901462800433181
-1.1903317361716097,1.8413627456010482,0.2591261418959008,0.45700690625734147,-0.06251344032380877
-0.3229802208508461,-0.43823816671848453,0.34225273174607856,0.46970445928542087,-0.4881202043630862
-1.8954234112376045,-0.47511466319695694,-0.05459206404222482,-0.04664192108854198,0.7871811158010665
-0.47777403064440016,0.27831674977578913,-0.02048549761417713,-1.0527214234035231,-1.3931902759671853
-0.035674089269021075,0.5324576281007196,-0.02048549761417713,-0.48098604433895803,1.1566565234914328
-0.035674089269021075,-0.25481581405797044,2.4953729139657965,-0.5485042232775491,0.4582295270120057
0.5929504545992662,1.2054007823456485,-0.7189268602906944,0.0729419789121035,-0.019112175370705774
-0.035674089269021075,0.7608114625578536,-0.0852144692044106,-0.5730233302335556,-0.725810499207352
1.4673977611826687,-0.7949564090389396,-0.2662063398868488,1.8170806496997163,-0.6379583057960039
0.04381565365249981,1.006312924408053,-0.02048549761417713,1.2065263917309785,0.4318434769534912
-0.07888883237511568,2.0692172097906103,0.08904283023388601,-0.42295986519046713,-0.4324977800301889
0.9765929713092681,1.1613409277432103,3.422271937628431,1.5547646315062758,0.22545145675756595
-0.8462277932634293,-0.46577041382160256,2.101833868878166,2.403039647900737,0.3410401007040688
-0.7612065929053294,-0.5080976666725091,1.943963411761366,-0.2611382875408919,0.26377646550974626
-0.035674089269021075,0.671722048148996,-1.610379152382752,1.141238701470121,0.5462780504079024
0.3387761228707818,-1.1182289681538577,-0.15503851428834933,2.3404269587756716,0.6220100127527821
-1.1306722004466343,-0.4317535922746856,3.119555472350386,-1.1825227078274807,1.6032885045245877
-0.5090723138175015,-0.8188568379507857,-0.4895305527817287,-0.7049767282130717,-0.23280868318495615
-0.673033402077927,-0.6156644871029164,0.8841327851905968,0.20287907863567142,0.4234624144434953
-0.37164015610570184,-1.079400413446768,1.537719758182352,0.46045634481046727,-0.696403229321355
-0.41797311197674925,0.999269884924072,-0.2516427510786168,1.1945086967485876,-1.0811479990081507
-1.4711743704154832,-0.662873321646684,0.4347953912284683,-0.29072537745717547,-0.8200145882884343
-0.5988808352817431,1.5507412704111359,-0.5407602087433857,1.5341045976086929,0.17383962589816152
0.13143850762512402,-0.40338420968235994,0.30365284979911467,-0.3121857479204572,1.2282290304903187
-0.035674089269021075,-0.021382372193393038,-0.02048549761417713,-0.4565080829708001,0.968348968372047
0.7849846757503158,0.29598304421296934,-0.02048549761417713,0.21645760388587487,-0.3641733445396819
-1.0414051938662843,1.0846502534321205,-0.02048549761417713,-1.4928403672330144,-2.3975932256484684
0.04490848515108356,-0.8087448835787295,3.215576080279129,-0.7672988040910451,-1.7096547246423373
1.059893729958454,0.5302948421160204,0.507608389193164,-1.4544996708100655,1.6524523266778786
-0.707754140155009,0.9534500240398591,-0.12785004876246076,0.03824191854728958,1.4794075302940675
-0.7828029695990764,0.16335426393463204,-0.02048549761417713,-1.8562852232867486,1.5946443879030856
-0.432212547014382,-1.0245253067135556,-0.02048549761417713,-0.08253964222925304,0.12056747571355982
0.1542946174919882,0.01996253831336461,-0.02048549761417713,-0.03033002509637458,-0.5013170483435486
-0.035674089269021075,0.3913705376059306,-1.0161349238980417,0.6760764748714657,-0.03809254737198326
0.7946017931471092,-0.47761646328640556,-0.28622293130182175,-1.855937976268677,-0.6084295582763269
-0.7386548342443491,-0.28095689289651,-1.909637075945101,0.856396507480083,1.3760777525761192
1.6547484758665316,-0.5987494507678344,-0.33081620941573053,0.31952803978120686,-1.6954023158862137
1.589165303178063,-1.4837468872756958,0.6719815011612632,2.080887242560535,0.8104348894753737
-1.9406776231522567,0.042269533316515846,1.208996155241419,-0.8895895702447673,-0.582075651219206
2.1156859816979563,-0.9314841176097963,-1.0098727304478974,0.49766264381263275,-0.7256147089168209
-0.035674089269021075,1.9795782575045193,0.566322759736983,-0.5707577940255615,-1.4812533095972322
0.5027191136323569,0.0562751337355015,2.040444843368164,0.9218709035292669,-0.17330985187016118
0.19286693372301225,-0.5862254362587459,-0.02048549761417713,-0.9025575971119308,-0.19647707241912465
0.2665072352794114,1.086349036510717,0.09995701568378947,0.6069089522130305,0.05717498493581723
1.8281003726313594,-1.5185748022973462,0.6987975362177034,-0.9218892132151695,0.8512565249125321
-0.47800380486828375,-0.12577388596226666,-1.5069289434968756,1.196550942622053,1.3056477986309156
1.1717456049974024,-1.944580719954339,0.630282493880781,-1.5864224163229592,1.541333298693313
-0.7865554497037218,-0.2929907207826431,1.8218723430226167,0.3853749833655299,-0.4833046202157067
-1.616863237329044,0.05429442504895399,2.0210765297425595,-0.6991932797894628,-0.1416584734823237
-0.9173341598719258,-1.0392156149956897,2.473054639706912,-0.16006841957356474,-1.5716767995925904
-3.044633307516047,1.4777374596343007,-0.02048549761417713,0.494074533987423,1.0157668423633712
-0.2196779761803861,1.17710745105062,0.26853860054998874,1.2119541648564311,0.4850869164270197
0.6658246590679294,1.5441381596389911,-0.02048549761417713,0.43714911717767646,-1.1903017283407156
-0.3077631748760769,0.2671065244028701,0.9831126299104248,-0.99998244698907,-0.7475176841709416
-0.3893192180011794,-0.021374914697581612,1.5245368291918717,-1.623632024052079,1.8604964165810947
-0.035674089269021075,0.5324986037786986,-0.6115472728663901,-0.7236092076439936,-0.9329713017668049
-0.028110361382499144,-0.578312959690773,0.45096476132810304,0.9481983591161602,-0.006669488363433704
0.23113833152993843,1.438327541587009,-0.8247496161707519,0.02300273692094175,-0.7742394910017908
0.749118112336051,-0.4404022647656552,-0.051308512589253834,-0.7981532484245846,0.8033365997566347
0.025445586315988013,-0.141129053745762,-0.02048549761417713,-0.9128780538971933,-0.2509705268478797
-0.7952855574074034,-1.689743261174789,-2.366585969725425,-1.3157978894035,-1.771087847647276
-0.1138710995817576,0.8478156066901017,-2.240656670277652,-0.4391474122615811,0.8027484328888047
-0.035674089269021075,1.170889979033448,-0.33370355212731606,0.06511162783597299,-0.4984903158790137
0.08431740322423754,-0.3779165541734022,-0.6111477519554946,0.1173155733441357,0.939497648041063
-0.035674089269021075,-0.7645227712086563,0.7730238822543369,0.5359450592621777,-0.950012439249405
-0.21003144938596308,-0.4376672876308563,-0.02048549761417713,-0.8538393960221528,0.46389724539762756
-0.5095213924635449,0.5440251364933151,0.12651504113179185,2.2075499014456117,0.777478954330757
-0.5946473608831931,-0.2827500846779467,-0.02048549761417713,-0.3279782251781104,-0.9702382193471447
-1.0346610623570311,-1.2028502885606585,-0.12314447770554492,-0.7202610793219277,-2.1545361285895335
0.830764514929926,-0.4053103807061048,-0.12967302665189606,-0.5875444098850237,0.2690383597747261
-0.035674089269021075,-0.4903662268301355,-0.6395816307161479,0.01597611130870917,-0.5547503878839618
-0.8496416097582,-0.46696224120824165,1.8219667498169347,0.3542156955410727,-0.29650647784438255
-1.086422128146643,-0.037469233230984576,-1.4615064462464442,0.16438662261434026,1.4014138541010155
-0.035674089269021075,-0.9267758101658753,2.3246021393248344,-0.9335260080576941,-0.7748873240255378
-2.0743016240980845,3.4718207044389433,-0.02048549761417713,-0.33018434956321896,-1.1838861401302323
0.838207834086467,-0.7667049941505804,-0.02048549761417713,0.2337006492841466,0.2016113646577606
0.009641920815746548,0.09755041169987666,-1.0500600481583338,-1.6132084936411144,1.2003752069471336
2.5039084073167714,0.47637474060971396,-0.42278563006299535,-0.43495073601591017,0.8835351789372526
0.10638933722681675,-0.8367201587149454,-0.5431818125905424,1.316419630776473,-0.24026562041488134
-1.6055625264699969,-0.11154558148820201,1.2406263721876236,-0.2080391448159971,-1.041583036082329
-1.0213916478131329,1.5324166482378563,-0.02048549761417713,-1.8408232645106242,-0.1287776498872245
0.5321745888124803,-0.6450214083976946,-0.02048549761417713,0.9603682253177097,-0.2969827953111821
0.4900160316831044,1.7712094423935838,-0.02048549761417713,-1.0381460383782233,-1.359920729913024
-0.936504712446852,-1.0949695275703069,0.4874697410593371,1.841494885157457,-0.8012373119069263
-0.5175148792199487,0.16166244181275188,0.36838274543691585,-0.3289441443164778,-0.5061964624775867
1.0016140011591945,-0.39571822302274146,-0.6178040471318406,-0.4566552987430647,-0.36279536887887326
1.0447574875977461,-1.1630590000131338,-0.02048549761417713,-1.0384419152284883,0.21800046704380052
-1.008915328126507,0.9157304249601179,-0.02048549761417713,1.2597702842308796,0.12299805351041303
-0.035674089269021075,-1.4600481271355448,-0.02048549761417713,0.8727491454954903,1.961459830320211
0.003307011379256069,-0.9076213418749172,-0.34399992801973095,-0.7151606719718576,2.1613988709658294
-0.23435904072690422,1.4668301995512074,-1.9979840137575928,-0.4677050239278042,0.5227123451242148
0.2456587390782062,0.41822999777925685,2.189759041847677,-0.2782171728877297,-1.7895757923172202
-0.35731211606588126,1.006773475682851,-1.683372468620454,1.3014182782440065,0.3138725126710799
0.6172091570947426,0.5847145659643059,-0.02048549761417713,2.588368587124779,-1.0357186321834766
1.821759796694861,-0.21271710760671278,-0.02048549761417713,-1.0402050236285263,1.8041689084658836
0.19464846661789895,-0.32050067077820915,0.7169780029434093,-0.8741941108717831,-0.6483400925470805
-1.0460757481698801,0.6377669350385535,1.2276494029210239,2.0787261273382036,0.6109977110108258
-0.3531817448729204,-1.0174039385500058,0.19474319018000008,-1.0848217653305172,-2.2211511543049314
0.8776292266126602,0.023702301316080598,0.15570054630583746,-0.385741018489449,-1.5147233092159202
0.4579127346840155,0.07125059873094225,0.25201413422891955,-1.3195675184481637,-1.4429328718782912
-0.3134942707632167,-0.5288978557069993,-0.6068070815529232,-0.21877731014756177,-1.3499737262485623
1.0191513652193804,-0.2098642667733849,-0.5749830664411469,1.1439579218738483,-1.3909200812659903
-1.414405275220963,0.6150980657944292,-1.2041192779263254,-1.5374104854348178,-0.3908594299480425
-0.378255217389458,-1.2495745538679033,1.2345033253411613,0.029889900900367944,0.7865714984225992
-1.62026940536678,-1.6827888123240944,-0.43919216684233964,-1.7064973713326768,0.21499866347613364
1.8078876409053077,-0.9322679771558482,1.4070583483050367,-0.7198201358991337,-1.793810542637687
-0.29304536975320644,1.4798079441183405,-1.1042875026855166,-0.47479722016866166,1.151571297910608
0.48769314006542697,-0.22091932899855368,-0.02048549761417713,0.25392295195964487,-0.7991586655778082
1.6016521453632497,-0.12399264112552202,-0.02048549761417713,0.5147939191182851,0.5629763920764095
-0.035674089269021075,0.4768954596642737,-0.3605500808913021,1.3081529318005363,1.5002970792688348
0.29808594060811533,-0.1906302820755518,-0.02048549761417713,2.1576622768869393,-1.0996371090088486
-0.39323517829582066,-0.5380284523426937,-0.19663269311440995,0.6628268430231374,-0.539744490288647
-0.035674089269021075,0.15015290009371318,0.088574500130005,-1.2034106015215082,-0.5801818919024805
2.6204725972593392,-0.3377674915497408,-0.02048549761417713,2.042678280817721,-0.09702407292439373
2.0030070899655708,-0.7798700547985714,0.08651632380727312,1.1033400653182937,0.2703470944244103
1.7198300399584918,1.381699917657731,-0.02048549761417713,0.7072865148371863,1.2673824179605275
1.1288898055906378,-1.3794179388987335,0.9524303333305,-1.2848962091911107,-1.4430320043595883
-1.1556448292188823,-0.1590789038559899,0.6195897416674558,1.1971424693214516,0.4476109350626822
-0.7785841114847664,-0.5277859301887178,-0.7092034126773268,-0.30944060092735126,0.03466308836625944
0.4568746811230854,-0.31750262031390036,1.6196401056030596,-1.1038810360844047,-1.5882899759087983
-0.1620496187859287,-0.6030620665344291,-0.6843759910033865,1.417438206334525,0.9443725615198229
0.6346522057341282,-0.8854536712238205,1.5245863426635886,0.7775391432508205,0.43139982729286513
0.7887065247048988,0.253555146488424,0.12279136210096885,-0.11992305647374588,-0.5644862231010772
1.1406398640068178,1.3146050507964384,-0.268689164894341,0.19170993907094355,-1.3826942146476897
0.12981332793436318,-0.03614991713300589,0.7380481942397021,-0.1185694480048261,0.38454360599563064
0.7693313212330214,-1.0236923860296867,0.2651376310615514,-0.11480801698391489,-0.7531830401917279
1.1153289007926988,-0.17732293111136024,-0.02048549761417713,2.2719539164511007,-1.2296134904181222
1.4860522296432925,-0.1520071278549683,0.09548588085117692,0.9895848889155953,0.4593106075685765
-0.49534144835985205,-0.4866458506184025,0.310935873465472,0.03655434909063595,-0.7101382004602573
-0.23064384642215627,0.0065406887075544,-0.02048549761417713,-0.6771896380443058,-0.08760739152177734
-2.004321141222148,2.141108642613996,-1.8771308637340667,0.05567923861362109,-1.0271956105936382
-0.1355515521356628,-0.7877199160828088,-0.4033494198428448,-1.738739697165594,0.784458366220813
-0.035674089269021075,0.3530776843947905,1.4964084044692607,0.8170993095674373,0.4225132714669289
-0.0012135901388889872,0.9141874909870472,0.45530054002701914,-0.9239363671810856,-0.6205592801116971
2.3158034242694807,1.258547766083684,-1.5626064176406607,-0.1455004188944026,0.8930508060478304
0.3337201646802074,-1.495715372706609,-0.02048549761417713,0.07007931487986488,-0.363298026836862
-0.035674089269021075,-0.9775911806104713,-0.8189315580349198,-1.5899857276611247,0.04348833601508145
1.675611277606632,0.3841720289763149,-0.47386276415398193,0.8661310457129423,1.2954273457216388
-0.21236410584471915,-0.9132456752181968,-0.02048549761417713,-0.9910100810607,-0.183637313428629
-0.22531876433978204,-0.4087531324681842,-1.033282633002984,-0.4714532404636253,1.4471042629058024
-0.035674089269021075,0.015245881932305905,0.5949973684220359,1.0034318852728985,0.1773980956071462
-1.192979779059016,-0.2413367541525802,0.060124216329546315,-1.7501221214202718,0.9769804401159845
2.8262931017841217,1.3610623476676256,-0.16948399277590895,-0.026198893057915923,1.504057959039828
-0.8034218309104635,-0.27487577975695654,-0.15250392604967256,-1.281178092359135,-0.19288875442931228
1.8979112149542066,0.6940942601265323,0.17091655620331592,0.7698082047110338,-0.40740875189971937
-1.162958123822156,3.9895504282259986,-0.02048549761417713,0.8121652864670499,0.2600429896354361
-0.12605324262901454,-0.7275110733862525,-1.1056339277945773,-0.38432957559278647,-0.36112853459404104
0.7635049474714652,-0.21755923205834563,-0.02048549761417713,-1.1912056302727192,-0.43072443446448855
1.0096206467503424,0.212687326947619,0.7267466768594566,0.770556394459723,-1.4909421685769886
0.25859552716004897,0.6073102168661877,1.349377266021538,-0.29938087486336945,1.4129959312867804
0.47220058488946487,-0.5729646438901876,-0.2824325307673412,1.1375085846739021,0.9110747492202429
0.20611955663372566,0.8317842099410673,-0.336540621518386,0.37037781309448087,1.0816223447511373
1.866388615844265,-0.2431593939329343,-0.02048549761417713,0.3061890535207862,-1.4237494039344627
-0.6400754728780571,0.8260335304330881,-1.2666672303473163,0.5175300648244728,-0.6325336168020909
-0.24471448751318167,2.246405429198812,-1.7209169259681973,0.44236976617018914,-1.3419830367450314
-1.1837574115215823,-1.3087400351000371,-1.429419304448727,0.8425149588441065,-2.056202478993865
0.5867432869090954,-0.5741284524035789,-1.1370167374160272,0.6183918000582547,-0.4928710108821363
-0.0673264000938463,0.01482664722289021,0.20369544053219105,1.3346136334199632,0.35209001822870223
-0.14183882501361514,0.41063450451546973,-0.02048549761417713,0.9072851102965989,-0.7334408288352443
-0.16335553913408468,2.230027155862776,-0.02048549761417713,-0.3691007038224721,-0.7135554727410786
0.20050918454144112,-1.4060539037801416,-0.02048549761417713,-0.32013101910155933,-0.9662798656073013
0.37525218346392414,-0.45730099392029644,-0.7420848718533094,-0.707867938160395,-0.028847578195354516
1.2160669599306,-0.5645409508025464,-0.4247801720593497,-0.8938562066689419,0.27093926279592445
-2.346707037726766,-1.3329668008887023,0.10193556469634889,1.0002704978039936,1.8870573475398895
-1.5815164277749718,-0.297879304305413,1.1164607148716137,-0.33946524361997743,0.7807191663012529
-0.12030231443431313,2.1027961342678516,-1.0931887631741855,-1.0758491999502056,-3.1646051465851914
-0.035674089269021075,-0.056384023917395144,-1.225192753256345,0.36751079210509635,0.695792866725748
0.026248269903738963,1.0791237128807458,-0.02048549761417713,-0.2018570177475605,-0.28185692808055857
-0.035674089269021075,0.004332626271666044,-1.37493151907269,-0.7800926681687975,1.4136594239008198
1.599860726036085,-0.1524584123738156,-1.3299134085507902,0.60206463446566,0.2943579316380978
-0.3777012574238697,0.814415243936268,-0.02048549761417713,-0.0637966535447427,-0.7797497441140563
-0.035674089269021075,0.5771997392025522,-1.1507634611929047,1.5557796389115175,0.9447586163529806
-2.2042239780252255,-0.8112704893974158,-0.189773633703039,-0.6991374375254489,-1.0580798891595737
1.5185146740909699,0.1448668799483203,-0.9956557006641633,-0.6772627237213606,-1.1226443001866597
1.3934126781901144,-1.352690052430836,0.5033965088209319,1.4150925069513736,1.0237441853565732
-0.035674089269021075,0.7939812276166663,1.2054943170146888,-0.7853618964919474,0.6472125763744597
0.30289233150060674,-1.557492374535884,-0.6753258736120732,-0.5996742027638731,-0.4174521492940847
-2.9176524829773642,0.5823678318996891,-0.02048549761417713,1.1480519110735588,-0.3933573310619342
-0.1964926437490564,-0.7413259747793354,-0.463163159512904,0.8710484077586174,1.5245600242189543
2.789031260426526,-0.5934195425436913,-0.02048549761417713,0.9374147247599253,-0.20590588371174476
-2.5162842492323367,-0.18030796604215157,0.4210870201612167,-0.9130588117827387,-1.4990313908297117
-0.035674089269021075,-0.866366283228425,1.0082935939176305,0.806640895295924,-1.435388098133867
0.05104049386220082,0.42992612230025434,0.9274969256598413,-1.201005588285339,0.41023148546166815
1.208862434480979,-0.180149530242315,-0.04044045616661692,0.5945425631212242,0.7729649683221947
-0.035674089269021075,-1.3839273569495987,0.7097079784278981,1.9790920283195683,2.1500407782278717
-0.035674089269021075,-0.3484002809014068,-0.1780060592015752,0.6176027702966188,-2.0427095138555846
0.6680529046897608,-0.05099816469652086,-0.5119501729533368,0.8507526081338224,-0.2742550798288077
0.702287967114258,-0.71717777918598,-0.02048549761417713,-0.08545483819804527,0.5600282307609078
-0.1264736053129681,2.74578021693716,1.2080790035941074,-0.43891643926117485,-0.18996562649686927
0.935314689962532,-0.6547424062826492,0.6174079793121092,-0.7060058430037921,1.2063912459485095
-2.5011231567748915,3.102589352342003,-0.8745964949436332,-0.942547241789558,-0.3185330490829249
0.2741622951244498,1.0602660271882858,-0.02048549761417713,-0.9418691247249878,-1.5631891012227226
-0.035674089269021075,1.1899325504134295,-0.8200370147809212,-0.8705906785887463,1.066435062748174
-0.035674089269021075,-0.5445774936161087,1.0395187183196049,-0.2874426219548809,0.6247100873229678
0.8312610539253605,-1.5208918425929214,0.05627433236976835,-0.8171872611703653,0.6270332616226758
0.696478789556466,0.30928734915341455,-0.3220052309510131,1.1030591485403896,-1.536673840294228
-2.0427750650110963,-0.1432230768877216,0.2135061147744471,0.09265888401073245,-1.2736259329657098
1.0756126479654056,0.8805687837400359,0.1430692420890948,-1.2113539750826214,-0.36012368184001636
-0.03966521267770498,-0.06688854434685991,1.4714216135845457,-0.08496687275079609,0.9913255270004008
0.34535177779455095,0.40624434568252493,-0.41775356079925985,-0.14233196475118598,0.696008323596453
-0.9417691001207322,0.631747162663307,-0.02048549761417713,-0.8441163527439893,0.009307503314064922
1.7186816759105696,-1.9655006085744047,-0.9035052152946185,-1.2212923271457248,-1.186765410309382
-1.9153802165471603,0.29487644397568624,-1.0055427030007102,-0.9672158762449383,-0.26464629156320213
0.013760614827265824,-1.0383013897595177,-0.02048549761417713,0.23465435361732045,1.9104471189367755
-0.3437419026308292,-0.5820789514738337,1.2417804434688546,-0.279988304922612,-0.20115574849613285
0.4149372126539136,0.004754562386932967,-1.6079149663832362,-0.28557150300137407,-1.5602900332009664
-2.247394618765395,-0.16270703409034604,-0.9274970619488662,0.05470093531061098,0.5516296549052222
2.7132985946535713,2.4722109928182023,-0.02048549761417713,0.06757075597623458,1.1632158488636135
-1.6746524192670984,0.13286319922462306,1.0494545620170526,-2.0635747569561347,-0.6989817036500281
0.16885605371704446,0.29570193147487855,-0.02048549761417713,-1.4510647979235574,-0.08921314996730013
1.3040422335622996,-0.10025320791093195,0.8578689668628294,0.1982300867713239,-0.3526523280762964
-0.08597352847770208,-0.181957430025947,-0.7462838549284737,0.04162194232597164,0.7888397382610602
0.4008813188877537,0.13372838148684824,0.2640873696216984,-0.3309656716012989,0.3802556524507065
1.1390207501815517,1.0500993031256414,-0.02048549761417713,-0.24524502701324918,-0.20724683855062423
0.666328134702094,-1.1661851241588814,-0.02048549761417713,1.0158505055755678,0.6406280114110938
-1.3878107997196742,0.0845897988448948,-1.0270065888308766,0.27487644342300827,-0.8172194196187529
0.21116974086852366,0.9222797419885692,-0.02048549761417713,-0.43750718287218,0.37381751099662097
-0.035674089269021075,-1.363251118187892,-0.14000826080044293,-0.5133245328197894,-0.17084894752426083
1.421908587223546,-1.19449975973446,1.0636621351758742,-0.09323469497554832,-0.3637632124650008
-0.32984725550465005,-0.08370767761855079,-0.0639015522965329,0.2464311008487958,0.935340259912277
-0.035674089269021075,0.7250505751923076,0.29388807001722556,0.21824303527883804,0.6205030989746969
1.1939463911914279,-1.1613685363937358,-0.02920630638132768,1.0714567320425776,-2.4088895491353655
-1.7662358822946058,-0.7862583806826628,1.1095844255546825,1.1165577284377892,-0.24889242098885273
0.08802395371288038,0.6331804595445724,-0.1676592091344782,0.3638136268025392,-0.6616564482590408
0.43647603951447805,-0.15394501567094437,-0.02048549761417713,-1.106547781548249,0.24611213997820988
0.9781416722899395,0.7927409283045688,1.31341816128375,0.6572419135861357,-0.03869266833107748
-0.10990440546199916,-0.8116822146126228,0.19893070252219272,1.6367106490171068,-1.3983254718139155
1.0281207045210725,0.8981984600259834,-2.1056172874546877,1.1074299606799123,0.6632654840707652
0.6428390905596216,-0.16000823792415086,1.9911688765986049,1.079457010140066,-0.07016749757401922
-1.635985937743685,1.9273177424126635,-0.7516717539942539,0.17916908556849745,0.19806279381307396
0.13933097867587899,1.1156774463969086,-0.05449498993721457,0.7648197087015356,-0.5619831635888887
-0.3888690713653908,0.3797994334543898,1.147630031718215,-1.625929467143333,0.5539265722451894
0.2817921358238929,1.0371826167754703,-0.02048549761417713,0.5964583846153353,2.260996649144042
-0.035674089269021075,-0.9706234287894486,-0.026830409537821977,-0.7679347991211555,0.38063549063845686
0.6222689787331742,-1.3890481637441152,-2.8628290233283322,0.01095323534340277,-1.7190459011569503
-0.035674089269021075,-0.6451175621557173,0.5088948506914355,2.480906120894518,-0.2531204423129557
-0.8686131042126682,2.423781516058168,-1.4253765936101621,-1.2591692722571297,1.0846382980919334
0.1480636381874847,0.1851623913808179,-0.2068413580348861,0.6220935031186878,-1.529261073507289
-0.4756251812524564,0.5625272875053305,-0.02048549761417713,-0.07303876239766452,0.9090055256050977
0.0006894445862900274,0.0009929266485830034,-0.02048549761417713,-0.4976362550092091,-0.04862247640965041
0.23296835968529392,1.7272960867616496,-0.02048549761417713,2.003009161276626,0.5018755685170843
1.0298567543610453,-0.7558220823321774,1.0938322706653727,-1.3867631325220677,-0.9362631322273111
1.1971303824864106,-1.5905455724055257,-1.521236857436107,-0.7137331679412171,0.7747520375358679
-0.46635956387791744,0.1391601911663532,-0.48744982076463933,0.3078929533983731,-1.726729612982691
0.39524320618804226,1.377557725697283,1.9952112420579164,0.10281598169071295,-0.6182198150944748
-0.6786200100242982,-1.1593052476472576,-0.02048549761417713,-1.0343496962411538,-0.3889845364144716
-1.2808914600588905,0.14079512082564077,-2.41922495549136,0.5614713142608606,-0.054835567597026236
1.9143174623665693,-0.9816220187008386,-0.02048549761417713,0.6549986062048797,-0.2013189958519575
-0.09246665771028884,-1.7003449111383222,2.6150144972635685,-0.5104054896467626,0.15952311835285155
0.8947109468708225,-0.43375501405087036,-0.02048549761417713,0.8673440564084637,-1.7173634655404935
-0.2262921697187531,0.5134623746501722,0.22170306100773066,-0.5737778210454945,-0.27474744447684873
2.5354022860836727,0.8877406830075222,-0.8019032494963237,-0.5512347881051666,0.5008607684366999
0.7635110099198872,-0.5007610284689065,-1.5667734199920949,-1.0039225077199805,1.481644699134574
0.7781705809520664,2.1320159362748496,-2.5368180271506815,-0.12719559526012722,-0.44971238556005577
-0.035674089269021075,0.4149551097283418,-0.02048549761417713,0.4670045874173984,-0.546239639284181
-0.635531538980543,0.23633579808980162,1.1528151851099389,-0.6710503054871494,1.1210270929440278
-0.22920830341510484,0.31018006865312264,0.6702734065545675,-1.0926143867813363,-0.7588266635791381
-0.035674089269021075,-0.08924499065439141,1.9366336555980639,0.15971456402033637,0.9208990008251537
0.4524497155728145,0.8555187771410542,-3.208162202049736,0.16683205965817785,-1.8657650981685017
-0.03131125831889607,0.31784822673919444,-1.4575976109674675,-0.7659907769971301,0.34121553198443016
-0.5572095665788909,-0.3531971781851841,-0.5382409795314443,0.8826180690620941,-0.901307520848635
0.8392278736208483,0.023223286985911386,0.63337191518361,-0.7977741192409155,0.8413006030096115
-0.4901368882120024,0.13016133961604653,-0.02048549761417713,0.05177413495748814,1.0147523723413379
-0.035674089269021075,0.9358692014182248,-2.2451621502994787,-1.4327243706948418,0.1825063952305499
0.9190253923743334,-1.2509290213148687,-0.4537043125477615,-0.022412423813801277,-1.0270296515357258
-1.8067460869755245,0.8021427149350181,-0.9733375074636853,0.08365827149872829,0.529022620544028
-0.035674089269021075,2.636866087849927,-0.02048549761417713,-0.9688634452514164,-0.17695872496317958
-0.035674089269021075,1.198991791214451,-1.6954339252385833,1.8979242711659734,-0.02336055172953659
0.06628772981983705,-0.753231825767296,0.1239602292197058,-1.0585161985212441,1.4296406519178715
-0.035674089269021075,-1.4692797437064289,-1.1180164586676338,-1.2694427482228658,-0.7662056083927564
-1.1519550581821283,-0.2178342031973844,0.41548273330379093,-0.10081657602446616,-1.2684411816363979
0.8073513530839034,-1.1296135331676758,0.33406974883581664,-0.27920322752359883,-1.143693240490122
2.30143744809406,-1.7201268962392264,-0.02048549761417713,0.8743267013760789,1.2602040648152455
-0.8942237446659272,-0.641979733904227,-0.41285284784661735,-0.5036463626329535,0.34521018556555055
-1.4052675316588459,-0.289275142645819,-0.06213827124533303,-1.0678109410736292,0.15168899451990941
0.7377877685424397,1.635644872881472,-0.9848503524610276,2.1872912466622814,-0.716327339243699
1.2540801413503304,-0.7471553087805947,0.2115761047756388,-0.8145966106359073,-1.5584509124895516
-3.471267266990613,0.1394164612747961,0.2798845712128255,-1.0712469693933764,-0.06108530977145322
-0.03991386171076629,1.1205585914181775,-0.02048549761417713,1.6147120580003633,-1.3347751375054628
0.6067734072437543,-0.5271736921946077,1.3578333204902313,-0.7905384643797967,-0.8500291435090819
-0.3902614876794461,-0.7588153342504774,1.5260240481258143,0.11163763502841213,0.3257564098253841
3.514938104443047,-1.1946096656906975,1.1553864038616124,-0.9902128998899626,-0.5596062675466514
2.2480823503423712,-0.43613029913086643,0.14216320219771594,-1.130391479344123,1.2154250237976794
0.7117928192402395,0.6851382334898114,0.016916374804728178,-0.38173865983099625,-0.7778971806435908
-0.035674089269021075,0.09682869548845748,-0.02048549761417713,1.1570861644170092,-0.8681696951415644
0.7352224297530381,0.6374142369828407,-2.8038224510528007,1.2533247861261108,-0.38077969562616015
2.096969104346962,-0.6022602111410496,-0.6310070188994149,0.7358673296425469,-0.5625505541952472
2.085338237143957,-0.13336420810301258,-0.02048549761417713,0.7380957749584126,-1.4979576613498151
-0.44092163153958197,-0.25437032828824657,-0.5190262031713658,-0.5955320323303512,-0.7097215065451123
-0.035674089269021075,-0.17105758165918544,1.3081921625779889,-1.0233182161427834,-0.1067767231459164
-1.1845937922378154,-0.9471000279368936,-0.14208009769728996,2.013561323412643,0.1711428098407741
-1.4755040950565563,0.11549232023394128,0.7350996011476558,1.4023425154498033,-0.17155659361471803
-0.25833343778863377,-1.3756158012318083,-3.036930991874725,-0.27401479124689565,-0.7016305463871485
-0.035674089269021075,2.0615405961826103,-2.0545024495081963,-2.095657323839563,0.11318831526268237
-0.8037811549516795,0.4074211216522929,-0.5540310956893439,0.0829000277828665,0.787997361396239
-0.035674089269021075,1.4342153484262854,-0.8042879649738951,0.5217926618290699,0.5559030559408955
-0.035674089269021075,-0.737379756153341,-0.8374632110921191,-0.3498901538938906,0.6542054913812106
1.8333297364374903,0.24556561319563588,-1.0984117542379435,0.9739716324045924,-1.7920354763750668
-0.14067410156764718,0.6395411979006318,-0.7256955002936082,-1.0574678141518636,-0.18313334404428416
2.2006074400487847,-1.2676358787609165,1.755710521765791,0.7914344500323656,-0.7205933962255445
0.5639033042724296,1.4788972383177714,-0.02048549761417713,2.057142204448509,-1.396840375948858
-0.6391757867604738,-0.15900909243154326,-0.02048549761417713,0.09099498149156983,0.1535489275259377
0.4952441567990447,-0.10271249345622013,-1.2270116367386719,-0.08455868888732308,0.7355474414881557
0.8457527766406564,1.555075141587269,0.3560296851979204,1.7392018380708556,0.542730461381822
-0.7724275851726823,-0.5594559082207375,0.9201411005134854,0.28371474225740245,0.12958218711287825
-0.21320127153933896,0.5765606895595914,-1.3477527653732788,0.5861275473849878,1.201605807073322
0.6059122455706544,0.8721955738231287,-0.2682199354957547,-0.6998451770295534,0.1256040888081809
-1.167660939524986,-0.6647469531415447,-1.556287336803955,-1.1483831977368602,-0.2979233974975549
0.7289870144122316,0.4332187820842606,0.917278340245025,2.093757648912964,-0.35106217582932453
0.5526072983527758,0.7863637022756472,0.5534587948901837,1.1024013099916934,0.5381863871657991
-1.335372634740086,-0.5161265953202864,0.07259563398055506,0.2307094389114081,-0.596330590462719
-0.16018043608161076,-0.14326927555698338,1.479207936516308,-0.4727379471077224,-1.0751971361909012
-0.30153879865087235,-1.3195115018784034,1.2781093926272251,-0.08105442899523321,-1.0436677816051187
-1.3152509892755042,0.5902053966996984,-0.02048549761417713,-0.9612250054882368,0.9193968703282457
-1.2169583830957007,2.0170793957220003,-0.3127632849285853,-0.4265138838855998,-0.06699748483037796
-0.035674089269021075,0.7941026357699503,1.323308698104494,-0.07097848429597503,-0.9494518113918488
1.335510559448232,0.11549091238022875,-1.1193528494742813,1.6115692489709563,0.3105291247036159
0.3551069787065723,-1.3920107404324706,1.0339201854425908,-1.26098931369116,2.0245344105030063
-0.04252755288651351,-1.076850480930142,1.290205400726954,0.09466621274910586,-0.14734597810560002
-0.07764448519485927,1.1635393255871562,1.1844185022593026,-1.2596494634641198,0.3892839427846997
0.3396299314742795,0.143223763020129,-0.997330658053812,1.1099424437576075,0.24701120755609562
0.21331957674775257,-1.4749346327546837,-2.532407219395564,0.7624102067847289,-1.0507566827314583
-0.39828666218802666,0.21857557003620554,-0.10045222312036543,2.040656846094401,0.4923415962266485
-1.5713871012347358,-0.2991669458318691,-0.1284845779815492,0.3831884391338224,0.5259490945754267
0.6783170011239334,-0.4186324725435898,-0.02048549761417713,2.1315605858163162,0.12782603933890854
-1.185303042294608,2.6578279773305824,-1.484458814859132,0.7144420371699054,0.34420026612394056
-0.24019471031291634,-0.768948433692978,-0.4927352111837795,0.19676859185051312,0.2808411011884967
1.5224518589669511,-0.6615088045041555,-1.706816796071363,0.8855704203665743,0.3004388659047542
-0.035674089269021075,0.9635903420621483,-2.119858583665973,0.7395551420437112,-0.24463563578121444
-0.0036925910969361217,0.49661480984615697,0.009298087638282779,-0.5858622984786472,-0.3506624817653617
-0.035674089269021075,0.47114822077930624,0.3405976736202566,-0.6002737886223025,-1.303644813977872
-0.08957576796221557,1.3569857247423809,-0.02048549761417713,-0.4016367277416316,0.1721618782111123
-0.035674089269021075,1.4052011719374051,0.8142547285947696,0.5766713510424126,-1.2436205818504142
-0.34533475456648743,-1.0291303458958412,0.2176865145252414,-0.11118808703560819,-0.25517379306205284
1.6872773166276651,-0.9984311205822766,-0.18409751396934287,0.06640794130205745,-0.26616297506733066
-0.035674089269021075,-0.8976866906625685,-0.02048549761417713,0.22713683195978332,-0.3941297763591369
0.3538138578072077,-1.1785071572641155,1.787729068697099,-1.3178653143850412,-0.49344162321786655
0.27059107230593116,-1.1069420876040148,2.0177418916709025,1.1139733835397225,0.37237592906697836
-1.1714909953049186,0.595420668703462,-0.6139165132639617,-0.23505555730499603,-0.12722324036102747
0.27244252993859985,1.0018118433117003,-0.02048549761417713,-0.28745902417137287,1.0362048790410592
-0.9285943024199245,-0.9503992928880212,-0.02048549761417713,-0.32642257928283597,-0.5851658601798765
0.31031421907137724,-0.027215569820228932,-0.020401952818532635,0.19871835982260933,0.7170355441263412
-0.6078593527209218,0.9064070850834862,-2.3484981976224644,0.7513491442636883,-0.8385950899473165
1.0864785448880236,0.13312514494096522,-0.02048549761417713,-0.9250184214336392,-0.12454066322892014
-0.7899781647004549,1.3079008165421335,-0.02048549761417713,-0.34566402084585796,-0.1104870923749842
-1.4825352962004976,-0.7999056122995812,-1.819669569591541,2.370787911153574,-1.0466807973346977
0.4615495040827489,-0.7131483254420987,-0.09423772213047138,1.1418924022538675,-0.9137463711598871
-1.2337114682433523,0.02174589002565282,-1.812405755861353,-0.9430416410643364,0.18998893873544573
-1.4755576666621517,0.18334868358135717,-0.02048549761417713,-1.3751382552265536,-0.4573458103746706
-0.6593315593565754,-0.688408741059071,0.15323494019684447,-0.2548125487145219,-0.31615494896972374
0.8809904728058212,0.7579769730709135,-0.39395201824368836,0.8858517639832227,0.7082112644298685
-1.2731729460689578,1.4078624958363748,-1.3965151397577205,-0.5862505793776944,0.6172058319489979
0.16979133097215246,-0.6541776620442847,-3.010109231696275,-0.3235899112550452,1.025302914620541
-0.035674089269021075,0.34818339687149397,-0.9099289345770034,0.6293528717775555,1.6794745185363105
-0.35990830333386065,-0.7294145326261543,-0.02048549761417713,0.10210671089581976,-0.22866955753909127
1.0832499344822597,-0.7699220549873326,0.6311565399643236,0.16397927763925232,1.2886140233068466
1.1904430575686455,0.3739630723645801,-0.02048549761417713,0.31754963513474904,-0.6633049379303696
0.0862526888314321,-0.8631538680427168,-0.2671177792471367,0.1667647774703831,0.6285643220024034
-0.11189661449447055,1.5642900292704252,-0.9346915636820462,-0.40875671335917785,0.19176820041522658
-1.0407812537694332,-0.14920230375090862,-0.558913149829719,-0.8971095193150894,0.7228567338775925
-0.035674089269021075,-1.1875352552933907,-0.5399010742949365,0.48850115903641905,-0.9137804357571121
1.0395214698065365,1.1683387544366377,-1.916014584389868,-1.0573580489802334,0.8229247767837917
-0.035674089269021075,2.5826576946776707,-2.747021094957068,0.7105905951383943,0.19682284547104847
-0.035674089269021075,-1.271428329249689,-0.02048549761417713,-0.5348632367569176,-1.157209081369347
0.10175124264294333,-0.5910178511855577,-0.02048549761417713,0.5894884374623587,-0.37320056915507144
1.2105077373237223,-0.4985893323080568,0.17330211612963006,-0.3516477606555184,1.2585715907486694
0.7779832918236627,-0.6080104469623935,-0.02048549761417713,-0.9005697114269878,-2.278940748492919
0.12438358323911008,0.6435354059815344,-0.5336390243562485,-0.33732412648561655,-0.0652619069518764
-1.2214343503773357,0.783334813906175,-0.46152834514569935,0.6493733813607879,-0.5607839034552196
-0.22358884595738088,-0.9096878787147671,0.021886593528668487,0.8760398762398058,-0.014507504668154609
-1.3795656758908945,-1.2047393591822892,4.0426263439419055,1.874679387492373,-1.0318587479014247
0.7139383719049778,0.4579568953576306,0.3512196302413265,0.5458003563204555,-1.2805784815618289
-0.42686075632412873,-0.39542391464538007,0.058976459811709896,1.1023461041099605,-1.7052122384128996
-0.09075028010439751,-0.011918790034829077,0.5075310835110703,-0.1332257709479102,0.034670178004562104
-0.8438075287136253,-0.9331842082616834,1.6706726747667662,1.2947177278953916,0.46954908296954184
-0.2777353532892657,0.6435693750329948,-1.4394384201869874,-1.5789382948054722,0.4677491087926755
1.698048326000188,1.28224461828034,0.6282135974705639,-1.1699528026029562,-0.7053898939836041
-1.3001762129929804,-1.1458444619063066,-0.5172669483976449,-0.25749004164036504,-0.3602469137999037
0.5279079160022437,1.1280162049824096,-0.5623760716940185,0.06718440931303919,0.6741660369742465
-0.035674089269021075,-1.3870959709844723,0.5281857853304937,-1.93043475448549,0.8737895823452438
1.4080609554490005,0.31256871691160876,1.0675000092913804,-0.4016692857647613,-0.22772720626182885
-0.5630315851032667,-0.9091527570069997,0.3516485351239694,-0.06647345618217756,0.030499506668511246
0.4560453752670516,-0.5286380104304358,0.282840647367464,-0.5293502889857445,1.102493457909414
2.1573184466079893,-0.4160474032621557,0.4313459707472902,-1.1313882154617723,0.7531507446319728
0.8033657350900768,0.19832684884861732,-0.008842993401598016,0.28180067883349597,-0.716550895742649
-0.9643274025719902,-0.5531858880243179,-1.1052980641207417,1.5545366004241647,-0.4317690618345374
-0.035674089269021075,-0.06894256142575389,-0.02048549761417713,0.020909392091784416,-1.7510520201232915
-0.7334504839572786,-0.1746656232270223,-2.974295378180826,-1.8735151150795615,0.08170213665439464
-0.035674089269021075,-0.04109060291150565,-0.02048549761417713,-0.4382872220357807,1.3620677279438327
-1.1382966059202373,-2.160068693760463,-0.02048549761417713,-0.9883473346753799,2.1860049893922198
-0.7008818988615895,-1.3200691800550992,-0.7421789177333605,0.166449401945434,1.17427829984294
0.21524306882851724,-1.556771177575521,-0.6333114225147111,1.1183760046943065,1.1627137935027976
1.7000647631177455,0.7373287214936061,-0.02048549761417713,-0.363769902444227,-0.053304943490150886
0.052852754645912804,-0.9257118719494646,-1.3570258087336704,0.6257901149147709,-0.07786205421225738
0.5696449755300267,-0.9514483823474879,0.6301309535076406,0.5346050101427706,-0.7628214845120506
-0.035674089269021075,1.2577657508590916,-0.4491420492502838,-1.8284023746752478,-0.5067148860819001
-0.6895965581962272,-0.7923493501861978,-0.02048549761417713,-0.476872043521095,1.3624731642844397
-0.8315750422495471,2.532902037810968,2.165859791106099,-1.1884377719581034,1.9648760693296168
1.7660100138093933,0.5222130472167051,1.7048855763074116,-1.2694021837590521,-1.2035127176636398
-0.035674089269021075,-0.9366691029529708,1.107681160347068,-1.141502577033594,-2.0540632692778917
-0.050271205378986564,0.5213645492627039,-0.02048549761417713,1.80672091359101,-0.8847123215472682
-0.035674089269021075,1.430544245348759,-0.6122829468245484,1.754922249363462,0.044795046784505875
0.9166403819501122,1.5296105040992807,-0.5243786404530899,-1.7920046968623637,-0.9167909452556245
-1.591960671233598,1.2905784944945125,0.9981141672815946,-1.614963509323314,-0.3474577797617804
-0.035674089269021075,0.6265644122588327,-0.10505192144955314,0.44335518861022255,2.168359145620902
-0.16050306950048432,-1.021685787682241,1.1031249345422498,1.612403711068868,0.5444180211580515
0.8346413208205203,2.1763117063565907,-0.8943853105393901,-0.7710938409395708,1.0292954595496306
0.1199842954567588,-1.5577955348513937,1.6678565844954913,-1.425341612427307,0.3982697754097119
-1.7207078466883365,-0.8437715340531919,-0.02048549761417713,0.6871540659464971,0.5388589926015875
-1.081846282609457,0.5610913905654858,-0.04921905799416463,0.3900734692477801,0.1848631626119613
-0.6531805901576885,0.6984993788316085,-0.8286823523005101,0.48287778818421573,-0.4345913264992724
-1.8474619292952643,0.8795449220233783,-0.900763068979263,0.3489847878082884,0.8676575848308711
1.931202911232394,-1.3475981344595755,0.096885405366725,-1.1684422419849687,0.9205022386488017
-0.4682246264747123,-0.19332728651329542,2.5692129022799186,0.08978594322375731,0.6074638227224071
1.1421919094866293,-0.8701527279035293,-0.02048549761417713,0.7469784242543165,0.8985596629050121
1.3771739168135115,-0.5616506285448568,-0.02048549761417713,-1.647674803461901,0.2760360256246323
-1.0982223315963093,1.6641112633190074,-0.29391216091274563,-0.5438194122561752,-0.16220043991391483
1.1512324857723337,-0.005204602855376232,1.4671017223293616,0.09280516547115672,-0.17923469649163962
-0.6248070101878215,1.833364278251915,-0.02048549761417713,-2.596119217447299,1.0811096002515144
2.446827893285317,-1.6785165714566648,-0.02048549761417713,-1.2366476545686171,0.43144340647563206
1.1152149000548943,0.7383230654879188,-2.3542551074545943,0.4976141387283361,-0.8903102929696917
-0.4603120099461157,0.7563836809430312,-0.07987237612327983,0.2571566567575566,-1.300196150538913
0.2617960807782683,1.694406160754554,0.1482618910305168,0.31081261843955893,-0.7502228183201874
-0.035674089269021075,0.23932872019684348,0.9721900692617359,0.5538137983950383,-1.4234747556809881
1.1695369144038137,0.20996734238163067,2.048535447017382,0.23416351606931007,-0.25706836812842204
-0.1669809160901638,-1.1309771405505455,0.865774574428457,-0.7911559851368252,1.0302562273607991
-0.035674089269021075,-0.21927257602115097,2.254775843501516,1.4671045887128218,1.1801447408322523
-0.035674089269021075,0.027977200356645665,-0.02048549761417713,-0.5124322748763748,1.269381273683063
0.5480530692182283,0.3596864980495124,-0.02048549761417713,0.310265629535064,0.08078896969292003
1.9264458840375627,1.1740546241108458,1.9627907180424486,1.3955446241035743,2.025291705097961
0.06007495599607992,-0.8094750086438556,-0.5480386033690705,1.1960029924125697,-1.1338011923714115
-1.4808958062296471,-0.9443604686902335,0.2604149021245047,1.3216397029308191,0.2884438759417339
-1.7770619928066635,0.933192214796681,-0.02048549761417713,0.0708785923587881,1.1800241532516407
1.9588144547254351,-1.123860034583364,0.10054007182890616,-0.3612849191772176,-0.9261735734826296
1.2554614705543186,0.6908535412869997,-0.02048549761417713,-1.3614520190407724,0.17933063662951187
0.8348759647386167,0.16458551472893937,-0.015136389932002382,-1.6722542283018538,-0.6109986978169344
-0.3005585668406943,-0.920078689068928,-2.097081258841759,-1.8847912154822926,-0.20861793044853869
-0.4395754524574921,0.5273962298197501,-0.31226396665152206,1.715764028217638,-0.7551056630191979
-0.12405779874760112,-0.15612385923351188,0.21185664465507975,0.4982168211550495,0.09852089376949709
-0.13107987077392927,-0.9603206127490698,-0.0005512068325967202,0.994487788669807,1.2635012392359077
1.5810157060345638,0.6981552503841613,0.594565359678769,-0.986145287792527,-1.1170977356951464
-0.035674089269021075,2.6577969345429393,-1.4847177827519327,0.5454171902608371,-1.0563419935021234
-0.30175074093076804,-0.6062058989213409,-0.7981856549532522,0.9753552640669351,0.9429588677357943
-2.6792564127547083,0.1642141227294403,-1.1166522268091759,-0.44558464016491317,-0.6460570112784366
-2.163297809796276,-0.4503194343294891,-0.25923297858327593,-1.0548493988590748,-0.9796092346605156
-0.035674089269021075,1.0034217074261742,0.2298758397040884,0.029604127294907138,-1.3526814923238553
1.4843844483162278,-0.2511419738393395,2.275934926934674,-0.0024631229187626388,-1.0170446219906375
-1.7161369115902603,-0.9473541372585256,0.13078426221782136,1.1846268905747575,1.0924584962433743
0.09702249506384347,0.032214051189547184,0.573566480528481,-0.9162495722363039,0.4683480935217094
-0.0879448483177501,0.009209267314160061,0.09459640461189886,0.6730115843748378,-1.0244687941413004
0.1694684352148922,1.2000657574852331,0.20662113066754953,0.7719460892170874,-1.6992802113880878
2.079103825508144,-0.7654556311698711,-0.02048549761417713,2.074977437200381,-0.12639758894187195
1.4892778850575135,1.94302127298539,-2.4643365250829854,0.9443939014549025,-0.5386795192493328
-0.035674089269021075,-0.5044136654107212,-0.12892873913532618,-0.5447579979763739,-0.16298645642037757
-1.6199189258147286,-1.8990774012927476,0.6565756764572691,-1.0266869847042541,0.17782575780919685
-0.8249039980863734,-0.850292510417492,-0.007084063976167994,-0.2327015094606107,-0.29385127385874127
-0.2551329209850485,-1.5451373670263837,-1.205613105151864,-1.765203087486251,0.1323821499888334
-0.573020019293604,0.7210114879946522,-0.3986316005569095,0.2495707601929305,0.6877667502636066
-0.33810498868808975,0.816715436539413,-1.8295215926911215,0.9479923549123717,0.16109514271546968
1.0697059402954396,-0.9261683327886607,0.40633569553499377,0.40521465246425226,0.7901349969795952
-0.23247136743706853,-0.7199156509769177,0.473161629396316,-0.23590543565564162,1.2708359010598707
0.1415234579788154,0.00879856752726225,0.16494951441258163,-0.6005267460287848,0.34114684624406794
0.1535326354197055,-0.2812575669878192,-0.7452383534049551,-0.017646591141845757,0.09889834336245044
-0.035674089269021075,0.18432411500234525,-0.02048549761417713,-1.2109839448133592,1.4801341154075425
0.28305601092618726,0.2154592608952656,-0.02048549761417713,0.7006824786376226,0.6184220734966211
-0.5248862865356616,-0.10985016753832201,-0.02048549761417713,-0.4934505611245481,0.19961553429684925
-0.035674089269021075,-1.58984515092394,2.742677035169191,-0.07849219314938438,0.6186325923909362
0.02433310161832587,-0.350949481929616,-1.4137016189003775,-0.9894490656004452,-0.6714806520065837
-0.6189955233092659,0.13565080500852453,0.17660273987128525,-1.6131329805402308,-0.44444911475276955
-0.16874542858657293,0.28212050060034366,-0.025840751100377722,-0.45835781800403225,-0.38905885430322695
0.6467249568638008,0.38586141094998483,-0.08981094195812553,0.7743643982550059,-1.9420933705143524
2.3288454774788256,1.081894288359318,1.8984740244573752,0.7792270938513443,0.9085575901090086
-0.035674089269021075,1.707837542915826,-0.32406889781650966,-1.026411974594068,-0.5708971088143248
-0.8113058738790206,-1.23012986704932,0.15118806839401439,0.22802470690894883,-0.8427604945813346
0.4050894725377844,-0.032329082808205525,-0.02048549761417713,0.2141779770882106,-1.0025913019992305
-0.035674089269021075,-0.49792441179681884,-0.02048549761417713,-0.270893774259743,-0.655414703753964
-0.9750276267470218,-0.5962161024897268,1.5575094125887015,-0.11647841078081439,-0.12638610801578107
-0.941553947297492,-0.534109975303459,1.1246596629243637,-0.6054108165492297,2.539460724452359
-0.9959330625885331,-1.2167183845984322,-0.5204376736795578,-1.252766182173584,-0.6778781158456365
-1.1244130745897694,-0.778906123939275,2.091667107384639,0.2572396660233215,-0.12331943423311834
0.9359366988884408,-0.6984033662330689,-0.5352653178616176,2.566892849358684,-0.5922590430036664
-1.3906843136924492,-0.5089790876804997,-0.3217322135361728,0.20287025979474405,0.7324983239518187
-0.11520401175627434,-1.3055504338754162,-0.25922399495228504,1.150272285336273,-1.2560551966149671
0.5532709568134605,-1.4120471481545347,1.8249046489458882,-1.937514077249491,1.1746552837907973
0.8352606956991486,-1.580281214745941,1.0886204377143656,-0.9783130649206164,0.5597056577260808
-1.9295587273897719,-0.653367483203032,-1.9924998320629532,0.2595416985070595,0.18603908799097021
-1.2697821799137363,0.5910908664920739,-0.02048549761417713,-0.0711147852603199,0.5282264677223895
-0.035674089269021075,1.1966513232654428,-0.02048549761417713,0.3068553836662065,1.3639540377127548
-1.0754351406260827,-1.1226689596970203,-0.8686788961724704,1.3501736404466589,0.8778606150995377
-2.23916407435241,0.6106118723442351,-0.02048549761417713,-0.7703485782095049,-1.0048166969312557
0.35616162157662845,1.9769898571000977,-0.5977507177397691,0.9264149845790753,-0.5701128652919676
-0.035674089269021075,1.267531703880029,-0.2558730966957881,-1.088952054925446,1.1948232049210845
-0.11316823934310127,0.6643549612300781,-0.33300651826460237,0.3160649127492896,2.0118655525660714
-1.2903514669106115,0.09490514114811184,-0.2019732363908031,-0.2888104565240666,-0.2574878355467578
-0.11302929683852396,-0.8834095502085701,-0.02048549761417713,-1.105234144894161,-0.5173370913580033
0.4701444418906019,-0.9087337927964527,-0.02048549761417713,-1.3075539805299856,-0.0755050624041167
0.8328943168281427,-0.3826086867335946,0.12800460213555515,0.45488930434267966,0.8374115422327044
-0.46715985841555063,0.027620386189681333,1.1443938087216028,-1.1551629703962905,-0.015753246555924506
-0.6712328889891482,0.6786148416764417,0.38742965960380676,-2.2448354502368786,0.008311465452177095
0.7116268410068347,0.13299727500722852,-0.2038940550756135,-0.7395713078762503,1.0884487639898004
0.44934780690998777,1.0237881009284033,-0.02048549761417713,-0.28300384337655055,1.4492416830397332
-1.2882699103823394,-0.7908045425522777,-0.2942074056771495,-0.4840974316706745,-0.1420203759010784
-0.4329244231309235,-0.3816943842557851,-0.02048549761417713,-0.9168628049692564,-0.049426775311667795
-0.035674089269021075,-0.7974842755781346,-1.7607240080346938,1.33535105126573,-0.6854927350074964
1.772279750227456,-0.34847259336607667,-0.02048549761417713,0.40767429448482767,-1.1317298367914705
-1.3508383164591395,-0.0007932722101592723,-0.02048549761417713,-1.1521750224776486,1.519717514243446
-1.546980557987506,0.652540916678311,-1.0386219008360353,1.1532412767387537,-1.4192475303498084
1.2837529153488054,-1.4527901685508227,1.7199721107817847,-0.6096672374542164,0.015646963820890942
1.3708426870350832,1.889149995134011,-1.6165089877582444,0.11425263266132865,1.9217083738202354
0.35839830003757683,1.4481791937368118,-0.8797530439699323,0.5268600836618295,0.9224340347847263
-0.035674089269021075,-0.8777845389602,1.5094544833701022,-1.1191586000321159,-0.4427388398308182
-0.4578866092779299,-0.26280304569156004,-0.02048549761417713,0.09937556903310112,-2.263625962964973
0.14798276080195474,2.834425555235528,-2.234198844905785,0.23228032622894623,-1.0367961316988354
-0.035674089269021075,0.10603881755558502,-0.22914618731349556,-0.3813250851410123,-0.32960205552644606
1.8959277637327763,-0.7383648686086466,-1.0089085990640145,-0.045613624579829704,-0.7869089822862491
-0.8643065456764185,0.8613344761743293,0.39901789330643767,-0.27574273056261744,0.20594191646348542
-1.024329977754477,-0.9702768587290134,0.9632150115511249,-0.6497554096396352,0.09341535095729186
-0.37172395450661894,-0.6641353915614729,-1.6505548733295128,0.2981899815799335,1.4998314877982206
-0.8079168249867767,0.9971161363525072,1.640368714167973,-0.01833795166843759,-1.2905930270596606
-0.6746809455325904,-0.040718461026164735,-1.9324738905325283,0.38235029490112565,0.7067596313839404
-2.0289729356431887,0.04473999368815341,-0.02048549761417713,-1.024520630831714,-0.20717307527100187
-1.4962276880236367,1.9142171379463153,1.1555075177400074,0.24720850437765216,-0.950129717006893
1.053346742497867,-0.7891487952402754,0.47039728323741725,0.19861333770436265,-0.4218839977772867
-2.404978911350449,1.9524679196244006,-0.02048549761417713,1.0694467600920825,-0.006225885649670228
-0.040016396427786455,0.19217222172087467,0.04740412314743382,0.5316842048046673,2.5813900801255367
-0.29022402448484746,-0.3380631649292249,0.8121987077843051,1.5764569568085836,-0.1303520730907457
-1.228046468643105,-0.9259061776670184,-0.02048549761417713,2.562341519897683,-0.1733434324201978
0.3706825796333704,0.5041546396208598,-2.1634373081709746,0.8377834548160237,0.27006521439376624
-0.14743814618461148,-0.17836455384549307,-0.08284991327333559,-0.09441362972344193,1.1079170388227388
0.3956242469215997,0.1342266746631814,0.26560333739076086,-0.12639093198980847,-1.6160010694908509
0.6534496191096267,-1.4702590722472328,-0.13408943184743416,0.03504230212776282,-1.0369565768509479
-0.035674089269021075,-0.3978511446877794,-1.406724388360326,-0.2508263008208679,0.26905111067186405
2.9318990620971848,-0.6418096000833587,-0.02048549761417713,1.5467518563497968,-2.1655707525736605
0.6078429477202845,-0.7344975917291704,1.1906300297572454,2.288045357163166,1.000936600407906
0.25399921921176494,1.0551297266434077,-0.02048549761417713,1.9302552290882642,0.1735014550171738
-2.079908149075417,2.3346275580874805,-1.4869920197689535,0.9334939505573615,0.2669950843595619
0.2302119154460569,2.08662351319105,-2.120946546534146,-0.32314437442265764,0.6593881799814588
1.1247344574173856,-1.034342662530122,0.6204455128052617,0.9660756393754327,-0.7702304569478685
-0.21551823597399702,-0.07416562647603163,-2.2727582374681403,-1.1473303633982106,-0.8575424718679144
-0.1208501088058482,-0.7526502440483103,-0.02048549761417713,-1.5032989166947086,-0.8799257296241081
-0.242423518022299,0.12228296917141804,-0.39432814892503326,-1.2627906612818163,0.562439205798532
-0.3515204348421865,-0.18867858156512712,-0.02048549761417713,-0.4630175531179149,-0.1872535232712429
0.4932893290397717,-0.6965212930972681,-0.02048549761417713,1.1323060935641691,-1.9157517063432437
0.6256330390746723,-0.7747376649352552,0.6015124659888069,1.6468848956243067,-1.0655982618094686
-1.008120562174207,1.7139346472918418,1.9456918360939837,1.0284606170628323,-0.09007695306495435
0.9805175708519244,-1.0420957872246825,0.36924136269491054,-0.5041960118414035,0.4759472338181213
-0.035674089269021075,-1.633688919886627,-0.02048549761417713,-1.326669108505696,0.378518549943524
-1.0865438850766236,-0.011221490619856472,-0.02048549761417713,1.5442660801980839,-0.40647834319385867
-0.035674089269021075,1.8263686800354337,-0.02048549761417713,1.3199373254388629,1.4616218630663835
-0.035674089269021075,0.05882638765607512,0.4761600624813165,0.5431758981458763,0.8804610833176186
1.417914667910345,-0.008807809320914206,-0.8044720429224274,-1.360827290563928,1.864935851479777
0.6009406353164887,-0.9628215401053754,-0.02048549761417713,-0.7594054859801002,1.0811652563903444
-0.5143756390162175,1.3090314989694685,-0.02048549761417713,0.7611006070257779,-0.9015307042933105
-0.26657384725893707,1.7320985657593893,-1.4548708196990623,-0.6325392891531764,-1.315512121271557
-0.09330876341855159,-0.4864763775630665,1.4685944138010345,-0.6898511095127301,-1.7527525756701365
0.6596820531586686,1.7381755045129852,-2.2622920430809756,1.0464740723312511,-0.8558527329934577
-0.035674089269021075,0.10186464931605065,-0.4830044903785147,-1.6494552744153683,1.0543875012980064
-1.1686425741621886,0.8188452203360091,-0.02048549761417713,0.4373559933367655,0.3789284481696512
-0.4706623442789772,-0.2834737677103243,-1.3900440370144038,-0.8605342294101715,0.5762890925897277
-0.3342176485490901,0.0049473251902193704,-0.02048549761417713,-1.44892015358711,-0.05013923094019243
1.4765316652246752,3.2396810188104683,2.241674055257081,-0.34498297284703217,-0.8571175059324908
-0.24298118685689074,0.4778013979809966,0.35168334944214513,0.5587794237622002,0.23961991606770505
-1.3042649585573265,-0.4438749501219426,-0.02048549761417713,-0.8664197833621415,-0.1658541473925413
0.19904685594756386,1.750076735010165,-0.02048549761417713,0.13951090102485617,2.297266696514788
-4.66805986988611,1.9592068399398346,-1.37663530718628,0.18531595014162544,-0.5436244154740677
0.4290691705174059,-0.23044149350395776,0.17860637256731304,-0.617088759023846,0.5809000508510361
-0.9910450893935198,0.7420760551138194,-1.0956857423010675,-0.9469741928013659,1.3808219195330327
-1.1729554125408068,0.32953010196701515,0.9060376482171888,0.7723584361311758,-2.75997239029181
0.8204771516688049,0.08102473142887164,-0.02048549761417713,-1.665537248305901,0.4093777123643493
0.2458459704410071,-2.008367756907695,3.919296635149312,-0.8925305599775828,-1.5665458649149695
-0.035674089269021075,-0.7052134307337509,0.9164314024077381,-0.8386260547690927,0.7736592691878561
-0.4976567344957206,-0.3875718826499888,0.3951042602039147,-0.4721832336424467,-1.4254078666995245
0.43367543821299664,-0.5196428555559102,-1.3022204900808378,-1.9594581283407455,-0.9551142855347916
-0.4085489082313075,0.8215505926926933,-0.20658135618610524,-0.65715336903873,-1.6396399103028683
1.1400076203927965,0.42684480917294393,-0.02048549761417713,-0.691177868037486,0.6055053654085016
-0.9790107503880706,0.072991254811641,1.4339616426556747,-0.329543177122602,-0.04137664274059798
-0.035674089269021075,1.8532160556403101,-0.02048549761417713,-0.843256294322475,-0.9697667263339733
0.3559278055652106,0.8565081139722323,-2.0400911099247225,-0.012420540337990815,0.759063912783742
0.32116698742879074,0.8646684508106581,0.4428627995247304,1.1890390092608483,0.16407148037672353
0.43799360239630813,-0.3467238268776779,-0.02048549761417713,-1.2219125943927587,0.8068146628297862
-0.035674089269021075,1.6272746044778703,-0.02048549761417713,-0.1712228210540559,-1.9671742853279794
1.6377106541203394,2.073454217904476,-0.02048549761417713,-0.902239597129853,0.4217734093441281
0.5283276259788342,1.454226557862822,-1.2796946039921304,-1.7596049637714235,-0.6024044680393805
1.5567588559630363,-0.7634660629912384,-0.47867809538436,-0.03793693476856824,0.5242040115328416
-0.334715969710337,-1.4150545609288876,-0.5769255128423483,0.15538920331426678,-1.1637089975307664
-0.7967758458876651,-1.1119261686345139,0.38605577606812075,-0.5796103734529912,0.06766284302790018
-0.8972307890317339,0.6698763644421225,-0.02048549761417713,1.334509115911175,0.6408532880941181
1.1800685784436153,0.15466641102813775,0.9153528901551202,1.5293193722352756,-0.13652496706521397
-0.035674089269021075,-1.3627525055871417,-0.6586431101724591,-0.3843981323070667,-1.0069238807404104
-0.034134558742018574,-0.7268020144725094,-0.774596116035997,1.0873790236109993,-0.0500398828533551
0.6648330535112568,-0.719873663885914,0.7729965631353793,-0.05636109092615952,-0.4730830744856423
-0.8451141435089069,-0.8928770514888033,-1.1815955673477552,0.581123475681983,0.6643495712183242
-0.5291415608181788,0.06880442809189119,-1.3688852533734157,-0.9500799738170136,0.8290274440158437
-0.7625240561559335,0.04028549550311926,-0.02048549761417713,0.7213092196212068,0.928192168071414
-0.6993768473036422,-1.9774014149754466,-0.02048549761417713,-1.368981527740642,-0.7836212917082755
-0.035674089269021075,0.7209706169194358,0.06151208011197515,1.5265529385178156,-1.6583138668048405
0.5509349395377405,-0.8388125817756973,-0.924655273355748,-1.0960490283159732,0.16175876351395913
0.33627530881849527,-0.21280761123617534,-0.02048549761417713,1.1029729601097846,-0.5972334175702411
-1.4421752913844752,-0.0013230993044185493,-0.6103263975057133,-0.5124853845557777,-0.7021570984131257
0.36284012450399683,-0.4704011550437388,-0.9724098587756718,1.5035939254898634,0.42030092270950575
1.6705787723630832,-0.20146804280031377,-0.8212013346627292,-1.1393260522747481,-1.2100902238220672
-0.585776236948878,0.06932649142413712,-0.02048549761417713,0.5752366660148612,-0.06558413630798515
1.6429258246060339,1.3506169209266947,2.563904686424408,1.2599212400018367,1.6256033519235586
-0.8718412924312556,-0.268895392390779,-2.137800118345152,-0.7705218846534208,-2.287876250095504
-0.13450887229403047,1.5027846776220866,-0.02048549761417713,1.5037139743412151,-0.47455258612368995
-0.14823142345997967,-0.8917252403619257,1.1427339565656807,0.42572952149555376,0.47990374126856894
-1.1439036911291003,-1.1657829427300475,-0.02048549761417713,-0.6231973913319745,-0.9986030752129189
-0.18223100540826415,0.26813311001270407,0.4380084697763227,0.6043072548084705,0.3885812604553636
0.36183489266446667,-1.5263588103262058,2.3201774449537673,-1.4397628454809561,0.3481669864110946
-0.38974239124597204,0.8333909825034376,0.3275965338495584,0.5835687236858349,1.124752701652804
-1.3211170490846047,1.243545373704567,-0.14788596638803805,-0.4776197096276517,-1.1185215836139903
1.4685940894660316,-0.023193857255193195,-0.02048549761417713,0.6411483504682876,1.6558119720391091
-0.5492848705888309,0.12544517579411513,-0.02048549761417713,0.5746527222185555,-0.4495342115489344
0.3226245223795802,1.2541148098139545,-2.1021047989771398,-1.8581387188029193,-0.8677511855791076
-0.035674089269021075,-0.13890179054223217,1.6439303955404068,1.1390543016089127,-0.8547729622035957
-0.19885939950620984,0.9853446581077177,-0.19873414675777712,0.8034261498369502,-1.3513911845243494
-0.035674089269021075,-0.16943009078293922,0.543863219764072,-1.8281790925072359,0.0785212802651907
-0.035674089269021075,-0.014442513330807146,-0.02048549761417713,-0.5453375202637929,-0.9313367228721342
1.0564639987834297,-0.9266989027635517,-0.8379413374357767,0.5745256663452551,0.5505818068983915
1.157052876611791,-0.2666535184149153,-0.38681678823044896,-1.2701920595748868,-0.63934665100751
-2.31969616452147,0.08727816857430067,-1.2274326056404508,2.1166722933960878,1.9061201979510516
0.590516428357222,-1.7875019680101751,0.3013440424164478,-1.776260987394315,-0.107389937356021
0.09075905147841412,-0.9372308575615705,-0.43552351607230694,-0.0743225778908796,-0.28675089031148215
2.1572627121266352,-1.3842527324443756,0.9742183317853725,1.234095280718866,-0.8701778215821773
-0.035674089269021075,-0.2649775419960112,2.1580926254726718,-1.8660951709391858,-0.10573395754011064
2.2677654236636355,1.447838870850669,0.2879867569485945,0.7829330058290394,0.3046929812860565
-0.789256832306808,-0.7284585394726376,0.38554676969281315,-1.8537765893951643,0.27885120322639917
-1.5454125536350352,-0.4739142627071835,0.457664734473482,-0.17209615421530242,1.5600628326560497
0.1790181536731847,-0.3119746071227598,0.08710360463200192,-0.18215940060987088,0.41817474841138325
0.24448433413171736,-0.940372242943598,-0.02048549761417713,0.03073428888500459,-1.6700876078026288
-0.035674089269021075,-0.835165312300698,-1.4451669026471794,1.0382565035675402,-0.09627800095387772
1.958434661490325,-0.680517376343403,-0.880027336303804,-0.4818717590952616,-0.6858253793429905
0.06889379671022552,0.4359839730021339,0.5230579253627727,0.08984198382499846,-1.2937241711934302
1.187505713220697,-0.9430996013453047,2.0532957855240683,-1.1028724033249377,-1.1739456660343726
-0.6323634091354361,-0.23135489919121124,-0.65035156414836,0.9504527909520544,-0.2134928955006164
0.40938286394063644,-1.6491158276380964,-0.06343753732278816,0.7993708543942736,0.26639517188615736
-0.035674089269021075,-1.349282461269514,-0.02048549761417713,-0.7787963325832776,-1.0234098459715955
-0.5205857104747724,1.646234028655354,-1.59913330228682,-1.4827480806280977,-1.6850568099583147
1.5042851272094404,3.2268509563287466,-0.02048549761417713,-0.7709953651276285,-0.3951092311609991
-0.17731206779579683,-0.883321394156098,-0.02048549761417713,1.4299356352449244,-0.747430241457049
-0.6725786078461443,-0.6259882616475361,-0.02048549761417713,0.09601436516430184,1.4981959775169704
-0.23629640359987877,0.32782465038685354,-0.02048549761417713,-0.5384256856025667,0.11803847234492178
1.8776672463421444,-1.710524446648965,-0.020569042409820066,0.05347560553464017,0.2664087722356818
-0.5226016173009355,1.233443096524032,-0.5386448432606333,0.4356648756088915,1.1916336752173393
-0.035674089269021075,-0.20579034373291688,1.2614949942738738,-1.2409995084544119,-0.6620571783116124
-0.035674089269021075,-0.424433534282861,-0.9727809741365765,-0.9861008172840293,-1.153361490319427
2.565156186951178,-1.0160306707185418,-0.02048549761417713,1.9921738892309908,0.47844489266633916
-0.035674089269021075,0.2530227658125484,0.4411144240361461,-0.20355307759144248,-0.2904798426581098
0.943236822967141,-0.7444887739856926,-0.02048549761417713,1.5449935068993035,0.22850086988464907
2.0442726571353838,-0.48277548460720426,-0.02048549761417713,-0.13992284394099186,0.4645184210861029
-1.3086640836357022,-0.3582619830120656,1.8419707372513432,0.7064582291868863,0.44658840163576885
-0.035674089269021075,1.215783547504203,0.3889688288561908,-0.04121424884160497,0.41601118123911157
2.788751994702594,0.4177102657785054,1.9283554651399277,1.6748913378990031,0.5111159841286977
0.8692040841377444,0.7861996086876546,-0.6463444065764948,0.5368839369038937,-0.32596816950565066
-0.02974358114329784,0.07866183740882063,-0.02048549761417713,1.2754467626122898,-0.04980243081845008
-2.3279574579311735,0.7157015133168209,-0.10432850980039851,-1.6866424941941394,-0.8372050053028375
-0.035674089269021075,-1.2500753219857654,-0.02048549761417713,0.7913584694087696,0.3783987948439978
-0.8329823383310964,-0.397478753995427,0.47309437166051527,0.7873541293531249,0.39178183250599924
0.5363986655741065,-1.0304572486397847,0.7212645939458795,-0.951094464043675,-1.3200888750186108
1.7261182310724674,-0.41306454609615595,-0.02048549761417713,-0.5011846233085281,-1.0200126121551905
-1.1558699131035792,2.0867592736298786,-0.41277775862890315,-0.8929257129606025,-0.3942380797420719
0.44936990752846084,0.998394887597871,-0.02048549761417713,-1.3997444654750892,1.5815863301049307
0.6332251978574707,0.9961385224115553,-0.7094827685164158,-1.4551511628945102,-0.7081552744260597
-1.32253355337773,-1.1979678207894842,1.5214797624514005,-1.3898371003177215,0.6901620668992869
-0.035674089269021075,-0.5520789093117042,-0.9276194582276902,-0.8257587143637299,0.5556469288313265
-0.035674089269021075,-0.7915599708418812,0.2916420749958789,-0.034265286280077786,0.8760136686485178
0.041998297294825335,0.7928195072952242,1.4322277000850654,-1.1827365406567565,1.5494989383405111
-0.947665489315758,0.06622098923408305,-0.6783369345068201,1.2581403999479766,0.9098674974831324
-0.789433154041044,2.5678330473717765,0.2146216421530255,-1.9048180858595145,0.3241376804067762
0.47064848292486955,-0.6953860177265786,-0.2605138077038398,-1.5559335884099847,-0.8457546617547625
-0.3649590639109192,0.42042794992303417,0.9075898847128554,0.8544812019578657,-0.45907473339271887
-0.035674089269021075,0.12357249410270942,1.250958909436609,0.5646318176324807,0.1257049424823794
1.5725503937131369,-0.986096235331337,-0.02048549761417713,-0.7291464209100507,-1.179388392353627
-0.035674089269021075,1.0052490169221027,-1.067075420579958,-0.29424557677169794,-0.14717115554253252
-0.5199074302680684,-1.1531715526438997,-0.6053918652611804,-0.641268433175529,0.7448957952950938
-0.017633494932487285,0.5456842006405132,1.9657528820472459,0.42301123135047325,-0.4565499678915122
0.8894274961661838,0.5938514466373059,-1.399547642428035,0.19044764061638206,0.22953159345846896
-0.035674089269021075,0.14673750037360456,0.1465462391366785,0.7326196769667059,0.012861247685807525
-0.035674089269021075,0.5402940449811252,-0.32218622273771574,-0.6824472205706462,1.4909181189816063
0.22471293283235627,1.2225226923223256,1.4651729080633427,-0.19733005331260406,-1.03609329395106
-0.035674089269021075,-0.09898896330834932,-0.02048549761417713,1.7051350258565832,-0.37220318525278484
-1.2840261804849318,1.7511156134467787,-0.6049232336259082,1.7888999075465137,-0.864217091718685
-1.1109991006671975,-0.8385254547362198,-0.9750137899707956,0.5070367397326375,1.5596561970191773
-0.07239717374064873,-0.3632832904429941,0.5359857749755222,-1.1588766951785505,-0.5629575306118699
-0.8108359611065756,-0.14655772830999528,0.20414732579010347,-0.3004401209291853,0.5368696124554379
0.1066539241914576,0.22406743857582742,0.19665902848740036,1.8638969423363663,-0.5301258774567693
-0.5604405133748357,1.365173012519853,0.21078438068124974,1.1623578484348693,0.545417538740246
1.2553006933728148,0.037047200745681325,1.1674643924811277,0.12968444833135478,1.9225925655416083
-0.20496556046238953,-1.5479278160307877,-0.02048549761417713,0.9000447159297044,1.0331614162914824
-1.0515512461418839,-0.09024839893122549,1.5579625393765721,0.11521552378810204,-0.2751905123458916
-0.4470027002433948,0.4756642884901778,-0.11334449395710297,1.710255274202305,2.6369544981944117
-0.035674089269021075,0.5317138882036619,-0.02048549761417713,0.5509362544429285,0.22729631010710066
0.4029265515473485,0.21154810397638105,-0.02048549761417713,-2.408094921933237,1.3677501379903607
0.8921568890092708,0.24437228341340236,0.09841813291904,0.5988286039658572,-0.330416402049229
1.6416971041111377,-0.42406978627168623,1.5089291891000136,-0.22854193284374463,0.2527817779885022
-0.8291176876542509,-0.2430262091738964,-0.3792547945228824,-0.16721158847544756,0.3969893649799372
-0.035674089269021075,0.8671490257172872,-0.8528373676500516,-0.01926374709331277,2.3091032714124804
0.6136336266344794,-0.48157670513272655,-1.0230336772972963,-0.6213060078131,0.99945811826557
-1.8822079000443157,0.996003185637082,-1.5650204043057743,-1.7909264443342725,-0.9320698913033773
0.7322725207506797,-0.5401656413931211,-0.4001031221213418,0.3888284681310614,-1.2962292119583794
2.458725962910991,-1.2795564588690498,-1.039338650123999,-0.16931833498893706,0.23526805990524033
-0.035674089269021075,-1.022484976045418,-0.18841746117556973,-1.1667490327386323,-0.6791738531009793
-0.0641799707691366,-0.11891779204017491,-0.7222333537261045,-1.2498637579775365,1.0712356539072903
-0.035674089269021075,0.20005947855039993,-0.9088694960392041,0.2706290262759257,-1.1215267007851364
-1.445185056090707,0.047216553089030805,-1.0625237923626778,0.2607209187523603,-0.08698688504331524
-2.3516419606414973,0.3462497590246771,0.9102364313196332,0.17357133858596635,1.0024947106736433
-0.035674089269021075,0.878438297674717,-1.6292961787889526,0.5070387807245923,0.7875646821572846
1.259366300749288,-0.8689351686887565,-0.4247282500847712,-1.1431997591873573,0.5165309658651335
0.9651414339115665,-0.05977361963343628,-0.02048549761417713,-0.4291258615324149,2.0989847716183077
-0.4296062908435666,0.14967463702546882,-0.19139247649329916,-0.6915772996661181,-0.6777432366528426
0.3608135606441786,-0.4798558475299043,-0.02048549761417713,-0.5411543845817869,-0.6814674811897306
-0.00020706670743145285,-1.5062183082982699,-2.7179083358367997,0.08324474155826692,-0.10636911158618763
1.1115906244106792,-1.147228278747132,-0.02048549761417713,0.23460244290304325,-0.9791833576211837
-0.16657297817648026,0.7618961562088742,-0.02048549761417713,0.40392479125051645,-1.4275164451537647
-1.3588166471774443,1.9702023186306554,1.1478186412158358,-0.3431128086091883,-1.7522015028806146
0.035415550632759224,-0.2631169399944307,-0.7797153437865811,-0.8881088100049719,-1.7859949477953772
-0.035674089269021075,0.539315810085066,-1.1163920673948333,-0.7552252517149152,-0.9767962924416904
-0.1933268029226728,1.9722730513948257,-4.027350231793582,-0.6352040077764242,-0.14823643725487637
-0.7629231186907767,0.2983354035522165,-0.7655174597794594,-1.768622497230576,-0.3107997302249844
0.142866166919248,-0.6818584879475297,-0.02048549761417713,0.3639227745354439,0.5529159746366027
-0.22825770516708968,0.07519899777008338,-0.44494456742407557,1.2259361768398127,-0.8418659148503158
1.9184305206318655,-0.9826283076355515,-0.02048549761417713,-0.0179808519026563,0.3274714431518875
-1.0935039673237172,0.6313548147581475,0.18677606922696316,-0.862140984034038,-0.25141093521307417
-0.5525543993497714,-0.816287131383025,1.7913560439201628,0.25358547947236465,0.820540384843588
1.3426755584058028,-0.5020116600502037,0.09989654016597148,-0.16302578327096154,-0.8331180136064915
0.8757703070702924,-0.7683024053026375,-0.02048549761417713,-0.07025180776196716,-0.9721417296153055
-0.36496104892386505,1.8840233388015004,-1.5304354035030014,-1.6869743039820049,2.505540664555456
-0.455447499950909,-0.28502336195222805,-0.02048549761417713,1.2539226258392977,2.6881187968953615
1.8053873091110264,-1.242523923776154,0.6692643192053134,0.26343983827266737,2.04900433280899
0.9952190615376719,1.0518855205556827,-0.02048549761417713,-0.013684796151473711,1.363174985191707
-1.7110418552879227,2.554631146165623,-0.02048549761417713,0.4040858057891049,0.656412902010377
-0.035674089269021075,-0.49974952876742523,-0.02048549761417713,0.8321895696893429,-0.5149098446006217
-1.2643681868928762,0.7493671869982169,0.06784131871020835,-1.2276652408646214,-2.1883431971686855
1.264927450813737,3.9463939553578467,-5.624833446275449,1.4041068976328792,0.49030520539318606
-0.035674089269021075,-0.8252240743422509,-0.02048549761417713,-1.7049806726521908,-0.017711963802898228
-1.5976612066208125,1.009505217817933,-0.02048549761417713,-1.4109891225246123,-0.15022083885984155
-0.035674089269021075,0.3750905313608634,0.32322996921722913,-0.09582305724438304,-1.5749456990026978
-0.035674089269021075,0.05410191098821475,1.6103611820445827,-0.22804891099778488,-0.7916696306731996
-1.893009742495913,-1.6492750665470932,-0.1957311099198498,-0.18607667476251327,-2.5067690968853116
-0.6903403271112813,0.5633895854572084,-0.02048549761417713,0.7132901311040653,0.9316915449370471
-0.33141411929862924,0.3670458794899468,1.7003631644613595,0.9063813125874134,0.44429287148123814
-0.053684287542444385,0.5443932506783317,-0.006558573821783147,-0.5964756531964643,-0.4872003740790486
-0.5615462242922336,-1.3748287387369815,-0.36971466878263204,-0.3530298414336773,-0.04951419319511529
1.524683849089876,-0.6900717135038752,-1.0153803316049759,-0.34781634618081386,-1.232988082976826
1.1885129918764,-0.46452357714865833,1.1927093135855302,-1.5541774652626053,0.5793042600395486
-0.035674089269021075,-1.0579256695932646,-0.02048549761417713,-0.3464644740972735,0.5989064944033696
-0.035674089269021075,0.4717835413618113,-0.02048549761417713,0.23108850835332262,-0.7832470681352851
-0.4414130290294862,-1.4170333110827111,-1.6575890557402655,0.9903472922070915,1.2205380887741792
1.231535207891459,0.13040838839978647,-1.6239118986581846,0.47146045011369625,-0.44977509893163053
-0.34721479516092973,0.1035062799437367,-0.08328811984376548,-0.5296713849791411,1.2870132158990095
-0.6406902306394916,1.4853711451644378,-1.3282659765087463,0.584849520167544,1.789664706785802
-0.4703417585656058,-0.5185621657111955,-0.10134592038714074,-1.251827222513948,-0.41747981902251624
0.16302907150026227,-0.08765523260366374,-0.18018752944939964,-0.5977864735936952,1.1861165736209704
-2.0063855237995414,-0.5363355186392285,-0.30016755729401473,-0.8300468438255044,0.45586636455481894
-0.06350796607461541,-0.23911685590503548,-0.6298386618574361,-1.9466182582430342,0.4626230893804257
0.7278767560904917,-1.3126579955824793,-1.817589541011175,0.7384590088309669,-1.3619656228269195
1.200818390236708,-1.1505717212822186,1.2843954629100856,-0.511859028254997,0.22069753648803023
-0.035674089269021075,-0.11643673843318679,0.9527631818966261,1.6801070187502953,-1.2886327487826055
-0.035674089269021075,0.40308417803199176,-0.8011884513716673,-0.41594555655794835,-0.8835844489227125
-1.4964474186434398,-0.7190444141047931,-1.8471022519380085,1.7450931927639932,-1.1399935798209064
2.3786608568983256,0.7782289795386508,1.2482830685103954,-1.1558804288810989,-1.1754986121050979
-0.11140469569389605,1.9845397035671242,-0.4514813780272644,0.733480138143315,0.6751240391090044
-0.08899031554615004,-1.1614936050759261,-0.8112092367437299,1.5178420776427346,-0.40791772359747275
-0.035674089269021075,-0.44444110814691024,-0.02048549761417713,-0.13195788745064455,-0.10565998946892709
0.8062367801083629,-0.9825149820628661,-0.9753248018028935,-1.6478229030596234,0.5556756915140971
1.0693612964850643,-0.7984064004764452,0.8877208508245646,-0.13709727302495112,1.5054423498381315
-0.7557936022503488,0.5678983030660661,1.7968690094003235,0.6644290512146982,0.3044202239585683
0.42552463952669756,-0.36468554256145935,-0.02048549761417713,0.42161350444834667,0.337904221029136
0.9216813488814191,-1.0194752354213035,0.7677584093572033,1.9600606678504306,-0.19870991409180505
-0.035674089269021075,0.23500798466834835,-0.02048549761417713,-0.5575384388146426,0.3379889960804274
0.4971080911075697,0.3022690360739798,-0.32536894323887366,1.092666150105113,0.17109600983056425
1.2714674500745604,-0.7540173834335239,-1.3718593182782022,-0.26726533006755454,-2.7192535377315883
-0.035674089269021075,-0.6738534311024779,-0.8230873806867481,-0.8322603750442772,0.23920913448973555
1.3337234809680776,-1.541119540491842,-0.02048549761417713,-0.6833384573682796,0.04812791851604849
0.7173634923462012,0.2684094960967879,-0.7686600105538853,0.5280427125204875,1.320903042611197
0.47492274785099825,1.507028873826567,-0.7463950253077889,0.23631594097587563,1.0896302302485592
-0.2936071555416752,-0.30258866244205995,0.31680107290760573,0.07249094182830151,-0.39556055306778237
-0.5018030862893595,-0.23573240411569113,-0.7796816976208923,0.9234684609477355,0.7103313947287353
0.2015357286993515,-0.5635833242160925,-0.7590388335181679,0.6244041176653188,1.3549516100601358
0.28205400702930905,-0.008877061747582937,2.0181684468999186,-1.587476582335771,0.3470264235623069
-0.1475881856139345,0.2615181236764649,-0.9932167842197777,0.6918034052210351,-0.18831872187627455
2.81520181195573,0.006534596574542199,-0.02048549761417713,-0.6652150622842048,2.2745447726176993
-2.62325207773369,-0.9245360864344059,-0.15329985538916818,-2.0528635373945363,-0.8809857431968231
0.21098074727865673,-0.44098813871870973,-0.02048549761417713,-0.9710279021928429,-0.2405780432123376
0.06520902581141594,-1.2468029067136697,0.2054139899061895,-0.8619914364061879,-0.118176297736056
-0.698689041727337,2.623859992742572,-0.02048549761417713,-0.3790843535803721,-0.8677778933644713
-1.5831890778810227,0.20357717367499445,-0.26743062763620035,-1.7142015058712246,0.5558042903435678
0.08007680046334045,1.7634930393894444,-1.5010198558789172,-0.39461358375888744,-0.11203460197286463
1.0194140730357728,-0.13926845161879187,0.8872789437693761,-0.5384623496980957,-0.7447633412010529
-0.7538748167377322,0.6206931105113065,1.3685571351804227,1.0615093627357186,-1.2483064080242536
-0.035674089269021075,-0.04598628287457393,0.05556428150491978,-0.5644421010876451,-0.3975483238781247
-1.5171913483159531,-0.7863485218805337,1.615998663428931,0.3857086963938669,0.9287448087727382
2.5375349784782695,-1.1342786775480709,0.4421566924168875,-0.42900550648608904,0.5694548725829504
-0.5091238272757587,0.8568245701974782,-0.02048549761417713,-0.36743581713732276,-0.2878952933572807
0.6609361550184761,-1.0439294563153751,0.01701319214130387,0.23115588756645464,-0.5840887950295827
-0.5901366067091189,-0.26791486691053934,-0.9252292298496424,1.5857584315239273,1.732670800344926
-0.15301944645159835,0.6547680835465968,-2.923989624149969,-0.4485623449018106,0.6791670402067308
-0.035674089269021075,-1.0074723820718987,0.793635062256235,0.93485678094665,-0.6010311170691347
-0.035674089269021075,-1.166805671457492,0.6965555014894791,-0.2653278307729861,0.7906508803245594
-0.8910171644726795,-0.8084889579995915,0.6987541241011807,1.3269154128174774,1.5260584234559689
2.8324757018690963,2.4719420489106207,0.19791998001958555,-1.128333818448934,-1.3310650989861295
-0.035674089269021075,-0.4020225239088466,-0.20969121811346134,-0.37927703365737797,-1.5511329805704692
-0.035674089269021075,0.5953102530987652,-0.977886376220749,1.0816735565923838,0.12346518087307022
0.39535583110284994,-0.1769390636572382,0.4761574259453855,1.0113209299302932,1.9319737881353034
1.4870334868492765,-0.8514175749152068,-0.15171646341638242,0.042913005190726494,1.6429918804298504
-0.2849807490429143,0.3989772218500889,0.14382399039530638,-1.3487367386158293,-0.05417724521163502
0.49959376659958243,-0.9187258086332452,-1.2666583366389894,0.4018691943119636,0.833496575499991
0.4583149021283943,0.3921332553607705,0.8200771182982926,1.4239914965867955,0.24880614780444654
-1.066390526840848,-0.4752894195600587,-0.02048549761417713,0.4182588153030858,0.7061819341366474
-0.8554716352394826,0.4608266684494945,-0.4887418426924631,-0.7103790562671346,-1.012430928098982
1.8508870716290018,0.6308765350111768,-0.29174155619663245,1.0406774706140705,-1.5424668264081942
0.4503013530417983,-0.8510659492642103,-0.02048549761417713,-0.08021653511605308,0.0926737887697011
-0.035674089269021075,-1.199420312251182,1.797648688338776,-0.0011927229254552576,-1.3570833141668979
0.1851634702586108,1.0920029953210155,-1.3816937961319466,0.009360053700363842,0.7404663241426606
-0.7970348659016556,-0.8361383890045264,-0.02048549761417713,-0.011742162297050406,-1.8810826522752977
1.3563417368419335,-0.8718919635929355,-0.008879657818079936,-1.4321448055902586,-0.682695813287622
-0.035674089269021075,2.2360822669010187,-2.5789725888673374,-0.807216466074366,1.1815404609458295
-0.035674089269021075,1.6737700430221973,-0.02048549761417713,0.5688592076333682,0.4515615385312884
-1.423277812783769,-0.900671241506768,-0.02048549761417713,0.022606116542846885,-1.0448081528553432
-2.241211400616884,-0.5559866647814151,-0.02048549761417713,-0.21321944667815018,0.8309619599419715
-1.0211932860565915,0.9316314095486257,-0.6360816695300145,-0.7572043615928448,-0.1510599293470796
0.23217058990414655,-0.3648202152377732,-0.42948482251294867,-1.0976611690097933,-1.8057120515834668
0.21340856665325172,-0.22959102844510018,1.4655844881566764,0.005190201958912016,-0.030338126667297162
1.251558688680251,-0.9699671778979331,0.6624319429487985,0.49972019751247504,0.14176919290288326
-0.9403114568079028,1.5697198905802898,-0.02048549761417713,0.9446584972315808,0.21339333971989083
-0.035674089269021075,-0.19353624979258757,-0.4542853631653558,1.6141083556997584,-0.4079191426168428
0.6734585123593934,-0.5358248299821943,-0.009473132085167308,0.060455890969438576,1.1297130779282796
-0.035674089269021075,-0.4676313670845998,0.4496270078512037,0.2458066037051844,0.036141106438228196
0.5390768066837923,-1.036169272223941,0.3454913031204898,0.21421746034298905,0.34235566175726256
-0.8449926319767472,-0.3025436411675616,-0.06439552545428014,0.9707699805598178,0.22040846798102728
-2.356241688868867,0.5604339620676513,1.5084787147500505,-0.48365322188992277,1.78941169088028
-0.1938330372690829,-1.5737951712116376,2.3633406683182683,-0.6749460147055262,-0.19293458325116924
-1.4993936169401303,-0.3083604332724353,2.358815936501455,-0.8621140147037527,-1.1773018300937304
1.1401876719443342,-0.25519461665488696,1.1812973449493456,1.1140963027392567,-0.5668671023871836
-0.10183592698183355,-0.7387571932709686,0.9754292522783782,0.09804322664540548,-0.12228016553761367
-0.47162013774865624,-0.09661510473170402,-0.16949546900883553,-0.7229404796844099,-0.060246484812309334
-0.5901487444085768,1.2630489822557571,-0.9730345451351345,-0.16297172300399157,-2.4161211404197456
0.2465518107673634,-0.9676313325729101,-0.02048549761417713,1.2505795736135554,1.426876723497528
-0.035674089269021075,0.7513044741528255,-1.0155259957483393,0.9520783665034585,0.1895424312133555
0.2269966834639719,0.2930682194119124,-1.2218162992669532,-0.7595141939959105,-0.7411924982307595
1.0037281693642564,-1.5113219895725414,-0.34105229468746895,0.31524717251517936,-0.0315020075434023
-0.035674089269021075,0.4192832838390743,0.19819406161179184,-0.02707422606679436,-0.3566644692660595
0.47726673209878373,-0.9571823429393211,-0.02048549761417713,0.7818854887671464,1.1940346057604962
-0.035674089269021075,-2.151315537427428,0.2607645661482269,1.2928071477603513,0.15630825479052343
-0.15051992790954868,-1.16490750724721,0.8317590666708984,1.5894875553400911,1.754987044415379
-0.035674089269021075,1.363907893786643,-0.02048549761417713,-0.023579998318280126,-0.16078448497690265
-0.032223686682834624,-0.910728784797874,0.23825508910453283,0.758631976624052,-0.8765724189971705
-0.035674089269021075,-0.10470469971738264,0.7031363793293015,-0.13026377613487414,-0.1949568443411262
0.5105341397392805,0.44165260795026534,-0.8804905387924469,0.18176822905317264,1.0793355033299985
1.8735648325670744,-0.6499883767307784,-0.02048549761417713,-1.5767753491947933,0.31745684251149414
-0.570399177576799,0.5229161636762477,2.6143744158706412,1.010211262456661,1.3728574239424771
-0.07262760652913784,-0.6502606864478054,1.0309037822870821,1.2861131792305507,1.734910004427213
-0.9728601995844949,-0.2893663477203966,-0.4758314797950009,0.5164414742664073,0.5502333816329217
0.48249324566561175,-0.08199535338563356,1.553978186236905,0.4316980907739021,0.09784762311286757
0.12253695042830245,-0.2734086419466533,-0.02048549761417713,-1.5534676361418363,-0.013529929534024727
-0.035674089269021075,1.5057490203274004,0.6387732152048166,-0.571254330015988,-0.26755253411724605
-0.035674089269021075,-0.1312219767195487,-0.946805992595159,0.530832829920678,1.2765609795086286
-1.0223197190991713,0.1933080960809778,0.8420084594634478,0.29687775370376773,0.09878427266645258
0.28078648113634547,2.0041706554661003,-0.23119016330885614,1.744944497646549,-0.7767896254093317
-0.035674089269021075,-0.7787579639714212,0.34776874190396523,-0.11758332718967089,1.4572030648326815
-0.07177071410599468,0.14796583373185582,-0.2929306500723231,0.5187056567302248,1.0179891409000394
0.7523886379127616,-0.38490419156146155,0.9968381088993549,-1.7211157582716823,-0.3342065654142678
-0.06374499426026264,-0.4706198193724437,1.2095766188982928,1.2228077785442142,1.5518662791621975
1.902867559497228,-0.8127059837362406,0.9061106949096422,0.17679005757024638,0.31709002817051474
0.7923825270686249,0.7412424188914326,-1.444299702745726,1.9807248777522122,0.9620916800148032
1.147575527386847,-0.8928568723900185,-0.30272652456369764,-0.7269024606552814,-0.24826221365141848
-0.4368013845678681,-1.1633901237249462,2.0437242382574077,-0.5297217183370925,-1.3808518294967398
-2.4301919450078535,0.13831646882670076,-1.2989435814948804,-1.4865962317511103,-0.2662966121764884
0.8121943167968776,-1.0355359212392268,1.0292806707924282,1.6487086383004812,-0.2807353018383583
0.05127559293271397,0.8126754274924669,0.6455272249276822,1.2637346941601686,-0.9155044394526015
0.7934666915559165,1.2615488843079492,-1.4595375056960829,-0.7772574720193773,0.4014875782126868
-0.19964536536161318,-0.8497064045782549,0.9617039830618668,2.2510205399852876,-0.6810410894319769
-1.2643999482604371,-1.5828049440643686,0.04501830936514976,0.5834578762874865,1.4925498535898583
1.8453302096404338,-0.12879540153486138,-1.149077036798206,-0.010719581806951182,-1.311287931410113
0.346564686922886,-0.39189452171508277,-0.02048549761417713,-0.4974949945656953,-0.7589710162443613
0.04925097652444092,0.5930621179541369,0.7109350348460924,0.2522161629201983,-1.2946693111096166
-0.035674089269021075,-0.4212628731453571,1.3096802847546456,1.260307996159486,-1.1429835835491042
-0.7991611400790146,-0.7476986359923529,0.8118349082416153,3.295456270278361,-0.3963359450040057
-2.2077975118927182,-0.2077911627057538,-0.02048549761417713,0.6820821694428815,-0.42867347798687305
-1.3325714462191443,-1.1188409266032888,-0.02048549761417713,-0.3094923126249547,0.9434574092870571
-0.035674089269021075,-1.0372802500573688,1.6825358231044039,0.44409160785581986,-0.2746275607113354
-1.2335370555808887,2.3213930407186805,-0.02048549761417713,-0.21378204007118096,1.4036771377113486
0.051422377160036926,1.0338360252548717,-0.02048549761417713,0.11530093386549402,1.2441994578201419
1.404161828313613,-1.710258196861911,-0.4063477728885404,0.38917187897914296,-0.9718264814513773
1.3774554122215916,0.32595641594763636,0.024572663315317118,0.4821252072403316,0.6665840418034645
-1.1942464135326543,0.2488131168851424,0.03487055408581474,1.031759664178883,2.3381454181952424
-0.46915093527102136,-0.08685236641887358,0.3906525998811246,-0.9198069609884819,0.9733089150366762
-0.2627461736845976,1.4638078892291828,0.7252788931866024,0.03625244133046225,-0.271968744464452
-0.16050440234881672,-0.6721499117783257,-0.39978673068869824,-0.29320155045377,-0.30518768036173377
0.45808990515133624,-0.6073413249377366,-0.02048549761417713,-0.8041498901211913,-0.12854501094820503
0.06130865096662959,-0.16084853648868264,-1.2834870898462658,-1.3858901444949756,-0.03959914095008152
2.2276483198855725,3.0510130193886784,-0.162020082953091,-0.7675308892263648,0.29537463801865727
-0.035674089269021075,0.6294786290971554,-0.02048549761417713,-1.4064871121504057,0.5584351995613062
0.5105407155535557,-1.2109834957402152,1.6770556444392604,-1.106339929696691,0.3626724308030645
-0.7439339330490552,0.7840117240742432,0.11547907969473127,0.027010432773679868,0.7269810081680587
-0.035674089269021075,-0.2167494481279739,-0.9539229960898468,-0.696505553683376,0.79496816786682
-0.2139447228449731,1.4547186547651316,0.9806798025430952,-0.47424090171512234,-0.40290020903050955
0.42321303460935916,-0.37988017471703733,0.029311939151197248,1.1098789132359008,-0.13926448994523538
1.0981798277031867,0.6757808000992962,1.0556813061083723,-0.42445320646249535,0.26816044335118705
0.5745298094953581,0.6359484224380186,0.25989381896940655,-1.3814098104233365,1.1206972108603708
2.4133077716674514,-0.8832184150319108,-0.18559801204833412,0.633623244881891,1.4956107704725883
0.8546625257120947,-1.045319445551888,-0.02048549761417713,0.3000423017255239,0.20822348256814452
1.0117211632326064,-1.369403583417403,-0.02048549761417713,1.0250587559449327,0.8101425763423757
0.15615396181155317,0.152474685919522,-1.5728133091190164,0.10505487720773078,-2.2380998830255274
0.3347391032869201,-0.1091580029147521,0.005626240466079429,1.2857323873322584,-1.0158787173346713
-0.12674070515887767,-0.5915844330131935,-0.12310599685686037,-1.1161388764205007,0.6639822056630131
0.46401052314707597,-0.9193863725299946,0.7137686384165244,-0.8873595915152404,-0.9672642782932429
2.972200666726852,-1.0765621918054784,-0.32929757522482966,0.9363494698255773,1.5294388820023057
0.5895044824818477,-0.7561019290271325,-0.02048549761417713,-0.26352394251675826,-0.8359329122336477
0.27934344223855057,0.3691861964376955,-0.1612883478113406,-1.4161901325690558,-0.500261442043969
-1.6072461743270736,0.1159554068255396,1.2285875643478779,-0.20581396397839172,-0.06812675754965666
-1.0097881780318056,-0.15964645046383708,0.07091432100273548,-0.7349961967454495,0.500210450052637
-2.1660835846636153,-0.07362235454762348,-0.02048549761417713,0.20318315631336417,0.7131085327640504
0.1375817809742577,1.031677744796144,0.06113821191385813,-0.9292144281221651,0.9145083287948716
2.025802752458488,-1.887188972356487,-0.02048549761417713,0.6161368487855231,-0.19446475908491087
1.1093184705460193,0.2304088499288212,-0.02048549761417713,0.628452946646869,-1.3409853460112402
1.4862884283789335,0.32657035596856443,-0.15776945788560237,-0.383519383730493,0.45158078124839107
-0.035674089269021075,1.3623961440107744,-1.6062675439679786,0.8804427252059366,0.9052055648686105
0.3035384904716291,0.5972571509031578,1.2198403211670275,-1.2681864224748665,0.7857407169403117
-0.6524057865187781,-1.4799672610848413,0.9666664619297226,-0.7398281703075212,1.2559832675179612
0.7206943879384671,-0.19384031555357276,0.5787499075840064,-0.7541926738395807,0.8263685614492385
-0.035674089269021075,-1.283133391992795,0.6960562548453079,-0.3366509892147606,0.22841131448795626
-0.5801031609892368,-1.0999675816962828,-0.02048549761417713,-1.2651673675326505,-2.978656698966807
0.3242778068488672,-0.8052628415716239,1.049222503807432,0.6575250377365448,0.36692802757732057
0.44936597645659027,-0.046819119691979605,-0.01679693064493555,-0.04517103448524012,-0.4585634623589719
-0.47054838894688944,-0.06797056121294162,-0.4549285785988037,-1.5129171730015814,-0.8945171070358385
0.24404007633709093,-0.4087423063051246,1.9634623431667757,1.6860826513652116,-2.2758249704268185
-0.035674089269021075,0.702092046956445,-0.02048549761417713,0.10908248006655712,0.40860012701232096
-0.4324206196004338,-0.891749827060608,-0.5281507719265536,0.5639710784616297,-0.4458586445721711
1.0657817774909493,-1.356237906520125,0.07291348045131024,-0.2140709323082091,1.6098796484931284
2.381013401919792,-1.1968507016428946,-0.9237641423998496,0.8526000751008045,-1.283760360587849
-0.6627985274028374,-0.056289250322959,-0.619789011317082,-1.076765416145482,2.677317485362004
-0.035674089269021075,1.953371802133735,1.8860024443339798,0.6924198421079064,-0.9069812617348284
1.005654975114569,-0.5836407092342428,-0.02048549761417713,-0.9878968612354521,-1.4794822858514365
0.19553438009004595,0.43908478717277394,-0.6386306090342322,-1.6015419331826306,0.14556549765340976
-0.035674089269021075,-1.122741470728878,-1.5055083111585192,0.5089555173618332,-0.6553735112627446
-1.5155112070250945,1.2601580333803866,-0.02048549761417713,-1.116731136968532,0.20474032322748864
-0.035674089269021075,0.8743746142256935,1.2250229184119228,2.31937221395915,-1.9124728103677036
-0.32724470409381107,-0.2669580077225409,1.2882239386436247,0.3490711449531312,0.38356649641747725
-0.8334943455041525,-2.0683999815808,1.5893578763659837,0.23575835367378162,-0.6959331271694582
-0.596439309160959,-0.5071031856471551,-0.15215359764714945,0.6557243235401227,0.4651497236314268
-1.0184663578628965,-1.4891387143113146,-0.9227808423738434,-0.18839192113326667,-1.029707191850383
-0.6114789358216762,-2.346308031568966,1.1059721234819944,0.10159056463032233,0.15268508283800142
0.5394852923925832,-0.6912205069332582,-0.02048549761417713,-0.4527641766677586,-0.07283509246529928
-0.035674089269021075,0.4400414319302599,-0.4159192583589434,-1.4341349298603916,0.4512997561556358
3.000298966372193,1.7498163168670857,-2.056681404825224,0.14666893122090055,0.5094566478514654
-0.3278416091612441,-0.02354645728589653,-0.6835596917544153,2.8295753695255454,-0.4838368428415095
-0.035674089269021075,0.3219141168940521,-0.08011143826780993,-0.16445434017269303,-0.9656140505122782
0.12886793126167614,-0.8658924198377919,0.10496042877601063,-1.3003436447538845,0.28843305735454
-0.17606897285942893,2.7685926757612087,0.5184722545933133,-0.6725413943506999,-1.2063908763326499
-0.035674089269021075,-0.7052904442054683,-0.2009572878013557,-0.3129736337835097,-0.6146831283099873
-0.035674089269021075,0.07167045877659214,0.1164702189817625,1.3915854071904914,-0.48134541187320784
0.25603012866025465,0.4173016671069084,-0.02048549761417713,0.13096686049069256,-1.9913150132263207
-1.7748768321356714,0.5723780907041883,-3.4583443014113366,0.35725890471671085,0.45628101663571846
-0.12937670720906028,-0.49382443936381426,0.8097497954056743,2.6325655195041597,0.7646684642200011
-0.2938360839949836,-0.2210914680393269,-1.2569447361063184,1.454141299473706,-0.29254286364750964
2.122331079460285,-1.467675798808652,-0.7504584875094555,-1.1907941832083244,-0.008200765572089359
-0.03873665800205352,1.0441910910709296,-0.17465482207722022,-1.2537742873816287,1.767465491587902
2.351542626616837,-0.9044879763560593,2.0767901008623175,-1.0745692999098384,-0.18896112025549214
0.19643436146871138,-0.47886734114917723,-1.637166558257082,1.5178651216506696,-1.0080929204366906
-0.035674089269021075,-1.0807664772997916,-2.051421585130112,0.6653904825187897,0.9863016673616325
-0.035674089269021075,-0.3670862038846597,0.7778450639880163,0.5355426382398438,0.5490201360004102
-0.035674089269021075,-1.1128345856703943,0.4215098232940767,-1.7745266456457727,-0.09200211539609823
1.2015309723335736,0.2963117185247961,-2.5456228774539493,0.8117588693417881,2.5849478681914904
0.1063354067752603,0.18421723530883127,-0.1500341633187474,-1.2646373654360428,-0.17680723887753197
2.0082999430697694,0.4118743341419608,-0.40677986586909054,-0.8101530318733777,-1.3674037263726926
0.9987507179672874,0.8074957050637085,-1.0600007097175457,1.0217739662804897,0.09656746998043893
1.9341646365996419,-1.2644383297431832,0.48813336575317967,-0.2723063606851939,0.9372490979718725
0.6973359237972492,0.5594855852058415,-0.2710701269804688,-0.7338252120243379,1.0006172353838243
0.44363338629116317,-0.5793539931566841,-1.4083234130934157,2.0624417043056877,-2.3302062865036977
0.6910543167975319,-0.21679464527166376,-0.02048549761417713,-0.11570222879079888,-1.1699667009041566
-0.035674089269021075,-0.3783968084414379,-1.077045515111977,-0.7113979443802642,0.7816938571359582
-0.11032007151844084,-0.6030391018905481,0.6621819157764895,-1.133266397240714,0.34792847611089595
1.8440836859344856,0.9599918243919566,-2.0811705848543913,-0.1828836843423196,-0.30912830147672155
-0.035674089269021075,-0.2415009158849802,-0.20999732929829598,-0.5197018059417949,-0.9069049607554684
-1.2793482244158696,-0.4547948438134049,-0.02048549761417713,-0.29567855660123654,-0.6794027790296819
-0.31730864136884146,-0.25215424903002887,2.711427074902115,-0.32444673448951766,0.5969634434063653
0.6407393091926814,-0.7234959970085355,-0.4313770079494374,-0.6369559982941464,0.20981758382917248
0.11835804348941092,0.28908160297084035,-0.02048549761417713,-1.0069907916535283,0.3785869838864348
-0.44277490536316905,-0.16993914621107695,1.077312361545514,-0.6528089369560541,-0.4211858387810214
-1.2228106591670358,0.6736994817582993,-2.6082991983201014,0.4447070406029141,-0.8437568828226901
2.19521353448602,0.6645400312755075,0.9806306419646094,-0.5551530318312095,-0.8769493728492552
-1.5202440361996674,-0.1805904269975707,0.9644282780747229,-1.004174177748772,-0.41783944692231434
-0.9662370103022079,-0.3568521589611565,-0.5695356535271414,-1.1399334639057248,-0.5122323223636612
1.2876791422144647,-0.2679131241747011,-0.02048549761417713,0.04252572089942912,-1.9625984262534302
-1.065445325240144,-1.0565017226914273,-0.02048549761417713,0.19198559927661166,-0.270925015636723
-1.4192725306449405,0.2856137970642332,-0.24522201779818806,-0.2793280430370053,0.6263596149682252
-0.035674089269021075,-1.0412048387001493,-0.8604053244043056,-1.3381528439416168,1.3235279916660743
1.3423903499064131,-0.18074473930655766,-0.9616908266188283,-1.0554580216695622,1.9002887517645364
-0.3004620371331129,1.6720475437166722,-0.9685859917794226,0.5677449081467268,0.4198736732088073
-0.022253624296816373,-0.7273783234199415,0.21255924200907017,1.6490735180875191,-1.0214303041033275
1.1391207516391633,-0.03165662231281324,-0.43773429586902723,-0.28687947153365195,-0.4408204671663221
-0.035674089269021075,-0.18404990671441726,0.4593074713731541,0.3324857827982905,1.503274528793945
-0.035674089269021075,0.6337574419494598,-0.27096505081379596,-1.562719725660225,0.16953209351148021
-0.035674089269021075,0.8756928736492214,-0.2406026862325728,0.00822976731167641,0.18472568549442933
1.5720444053252323,-0.13909240214662552,-0.06821028662460801,0.23517412304913815,0.8884999867869063
2.09102344019215,-1.0427575180310007,1.7802296730715899,0.7329225839710746,1.3191658251675553
0.5102107921269425,0.7425870221882878,-0.4819068188127535,0.4208895394223678,2.058747963671521
0.8854260648977299,0.9266664230874602,-0.726633190956139,1.460394295071498,-0.3683857249118869
0.977346800965964,-0.8234851606039226,-0.02048549761417713,0.869417167159135,-0.6951437128266047
0.4643365597819036,0.2653003977013473,0.8309684898010224,0.4451229549110255,0.5486350329291506
-0.544037528366478,0.8421324935312985,0.017994421081541735,1.8062185045731354,2.2153410256110484
-0.3644307776438182,-0.9366224501224066,-0.02048549761417713,-1.2328428873040516,0.2895635869331745
-0.035674089269021075,-0.5778595146418776,-0.02048549761417713,-0.21586257335900466,-1.122802499252543
-0.8123562523787109,1.4915984029044584,0.273770072232127,-1.8050135183463394,0.5113904337141335
-0.035674089269021075,1.022401206583222,-0.02048549761417713,-1.0991538261298315,-0.7745247236585745
-0.3438690710699981,0.06544378514327391,0.9687095882412741,-0.24402215600222918,-0.35796507789775805
1.2977911980585888,0.21782984345822407,0.4089656822584479,1.52273582392209,0.6696586599220732
-0.035674089269021075,1.2294962634297444,-2.0491383197802033,-0.8888228993133807,-0.9437065107831883
-0.1335888604629771,-0.21242621553675636,0.007565127397677593,0.1603374823781162,1.8971875521769725
-0.035674089269021075,0.9024765135116399,-0.02048549761417713,0.027760399629708304,-0.09838291708957832
0.4566909755989003,-0.33658114989773275,1.1715852358321137,-0.6448657462152064,1.4801897798932038
0.05957828795861442,0.07018370750269695,-0.02048549761417713,0.42858725754929516,0.8335840713923085
0.18009443620648483,1.2437300551669135,-0.3778065996949047,0.12387613682591345,-0.5451642495226543
0.7164988485538054,0.9352566082176171,1.093817522496162,-0.3374854406920178,0.29836232370871585
0.9748538124580106,0.7670088347129294,0.2411584111461676,-1.0630881218883277,-2.308377813959681
-0.16072872295390267,0.5101766554851457,0.5609936369036206,-0.3753906584910559,-0.19901858649799756
-1.7979243092360782,0.3635378774814675,-0.9679215199667387,0.0191175243876552,-0.8983712939661315
-0.23098945507368093,-0.1819500699917259,-0.8044880771493585,1.433981285757794,1.1479095121323055
-1.3920673327258468,2.1641564290845445,-0.02048549761417713,-0.507681951157969,1.261561299403342
0.5809448816608026,-1.728594443570004,1.065599418548571,-1.3800656808649345,0.38361067243750285
-0.5899279526883837,-0.75786186112726,-0.7395497597081847,-1.6051085026853218,-0.6149012839773625
-1.7088154093668118,0.08035765927221993,1.9091528157296638,-0.6876655843325937,-1.130880159257563
0.06740926955785342,-0.9460942457171023,0.6730740705579221,2.3362042691113047,-0.21012859628398195
-2.3436711836367143,0.33434936355927203,-1.3116664650445884,0.355783877425302,-0.6476999521259365
2.280188219406116,0.05833177466712275,-0.7171707428310165,-0.1849621065885502,1.3892967184214047
-0.4839194225672724,-0.49070462688532207,0.9312351584278672,-0.20228544430443218,0.7253667528883011
-1.1312663663880855,-0.37233000097089386,-0.7447777762759756,-0.5658929005464945,-1.3543401003787863
-0.035674089269021075,-0.39496608520231824,-0.02048549761417713,-1.3266539116342821,0.6962285503387403
0.9030165959538867,0.6532850510483592,0.7872530720109964,1.1220593509269583,-1.2704430652416607
1.6909651390760576,1.9317623033379583,3.05234472794823,0.7939617384918272,0.29034865088163525
2.1402119422390746,-1.3962879807442838,-0.5447140403719083,-0.6835660610873859,1.042779763422083
-0.31452272862013747,-0.6605543858856968,-0.02048549761417713,-2.0177525638371057,1.6880260975176997
-0.029845688051756466,-0.09400296607209398,-0.35353739827397557,-0.5748012834687368,0.02883210046052556
-0.06872825709203843,-0.4906553699247339,-0.02048549761417713,-3.038279926026574,0.583263917399706
-0.12645570708325324,-0.3175257402548368,-0.02048549761417713,0.009777536425457634,1.7907909611623223
-0.035674089269021075,0.8058097540911451,-2.458874660461209,1.6224336169080393,-1.2929623025814212
-1.143476832933103,-1.3254907729402023,-2.3373054489678555,-0.3830970594708999,0.03492678662047175
-0.34244985000437755,0.30346038034224376,-0.6368334039174716,0.5973398570382286,-0.5875773009443148
-0.41646232363003893,0.2768089403263989,1.0817347297953435,-0.7384530885713634,0.20934760099837108
-0.14921164314253618,-0.153602022344011,0.8820459582389873,-0.33313007648992815,0.6686387659029525
-0.035674089269021075,-0.6721590413779459,-0.02048549761417713,-0.8279981768079635,0.5244359292580505
0.29120699731683164,-0.6916971189806671,-0.02048549761417713,-1.5392370411508935,-2.1551344823668286
-0.03988132744910189,0.007986095478150976,-0.7988785243915831,0.17762883264813606,-1.3162285345065416
-0.006693603471267813,-0.5776138582907889,-0.02048549761417713,1.121387971367028,1.161210426937063
-0.1108543641148732,1.0656062260708563,-0.02048549761417713,1.2776748657215005,-0.550474891136053
0.9841755751488797,-0.41093856578824195,-0.6667925909495959,0.8708623550811189,-0.24912872664086672
-0.595294249758883,0.09064069193875217,-0.1769267913096106,1.4948357814995517,-0.09858644270135156
0.6707481505592804,-0.587260355451354,0.46013662482413464,-0.12070799499405194,-1.2141503689481823
-0.6631545624808055,-0.5862326558121714,0.3908572173550467,0.12200003816394837,-1.4745055649356984
-1.5056358085924024,-0.5524420168538304,-0.29619656166503144,-0.9071713574024397,-0.06759082837210512
0.5025594493533599,0.06790515283708887,0.25423839960012495,2.0396935934758167,-1.1380846540009513
-0.035674089269021075,-0.34850750281225534,0.29568542862372355,1.016756126844799,-0.8661112152180466
-0.6829181476406061,1.0819895316401071,-0.41467034312606765,0.868437572031358,-2.4028709485440154
1.0008062473000225,1.1720712655824235,-1.103058579667723,1.1209838195105468,-0.5207751446120273
-0.035674089269021075,-1.8340846704457894,-0.021147257016380313,-1.9553784875764,-2.166806885468007
-1.1984151961186844,1.7995443461489327,1.2839555480558134,1.884570048930853,-1.3940191748962034
-0.013913276010962322,-0.4407483843572223,1.1595440892234938,-0.31306058978856743,-0.7352775397278164
-0.035674089269021075,0.43386861969089824,0.1329431450955535,-1.2046671204573767,0.3175943858892973
-0.035674089269021075,0.3159177082487377,-0.02048549761417713,0.15952663533430186,0.4442498616312175
0.28952781246026815,-0.5427490612366068,0.35478894955653456,-1.992192469759457,0.44883338538569967
-0.035674089269021075,0.18087961829319238,-0.02048549761417713,0.586430776093164,-1.5646159293522819
-1.471945998390408,1.8984443417777017,1.3570776465826528,-0.8692085620539968,-2.147238694603983
-0.639505234123422,-0.20862587730897245,-1.7225650718072476,-1.1757676370011407,-1.1365315116308852
-0.874198815015201,-0.9999267038981442,1.1131780359082408,-0.2770264638877549,0.13240816390579488
0.2149522341388354,0.7758174039924257,-0.8652388759691031,0.11552677864266657,-0.2137290755469198
-0.5468150526456239,-0.553627805326399,1.002466857411644,-0.48611825401311753,-1.2142688403572737
-0.7747137419532577,-1.0296356221331637,-0.2768090948169758,0.8867207905339456,1.192780195224467
-0.15426531446815964,0.0898304261490462,0.9414856917529293,-0.19176754145955968,0.42930035657175425
-0.9563756160820842,-0.4444695792693838,-0.02048549761417713,1.4654823135544899,-0.8680057312011034
0.1979073832160168,-1.0844668185647295,-0.02048549761417713,-0.850566104485914,-0.48413269035011686
-0.6114610504365596,0.04376793637353843,-0.02048549761417713,0.6297942535119466,1.579081057908224
0.07312660247315597,1.4931627716871931,-0.04466686703061666,-0.2057269241175235,0.4473344505441575
-0.5467652892346804,0.47328472095950985,1.3689500329987954,0.35188725990968805,0.8037839243870679
0.791831214052895,-1.3544235943978233,-0.257847119526779,-1.5504239914608176,-0.03694751702779451
-1.9447769628096465,-0.9892691063087063,1.1265178169918266,-0.31223268891123,0.6505847712956304
-0.3034196615264187,-1.3705234451801458,-0.02048549761417713,-0.33133216368667817,1.525798452180326
1.752809790679406,-0.1758003135264514,1.1083417184791076,1.722944689965544,0.8548758517373908
-0.3641645242609456,-0.2934511756766651,-0.02048549761417713,-0.044317065542831116,0.2806199940751165
2.593494660023931,0.4425227063138398,-0.5883238724173049,-0.552095399476627,-0.4295227568273344
0.6510687859427414,-1.0032891622941986,0.6329299134859522,-0.4187597513225332,-1.2187354503111694
0.31334943937529314,-0.5191058850681503,-0.02048549761417713,1.823245747104629,0.5941736681900603
0.3845202675540066,0.0792828561561733,-0.02048549761417713,-0.42768556843332534,1.2565921734672412
-0.035674089269021075,0.5803339899452991,-0.8624440838036025,1.001928795290306,-0.6624454537146472
3.0041738505642117,-0.8713782215642042,-0.6002490224013988,-0.8685689441535664,-1.0723729711560392
0.4258725294812859,1.2628891276614342,0.9320408305938773,-0.37158100476136885,0.21682645568223974
-0.5994639566359997,-1.7204155218543016,-0.02048549761417713,2.1388196743384156,0.42798106056849594
0.6186329988449722,-0.8199055617942969,-0.03717778379427134,0.5005172952970424,0.11770184638297826
-0.357056630754637,0.09215047757178911,1.4746059332493369,-0.4211917618506159,-0.3918090072810426
-0.12323341322624358,-0.4400453762973684,-0.02048549761417713,2.1444776230191276,0.6432430712675982
-0.035674089269021075,-0.01628573571292724,-0.02048549761417713,0.5598307567279311,0.352328414895469
-0.035674089269021075,2.1506321430042465,-0.3672551101852631,0.4937226270917053,1.9376532025896864
0.14829514358863238,0.1992651308436866,-1.4745179826860482,0.731371955861379,-0.6907348576251917
-1.0867202882770077,-0.18805943827266683,-0.7842704351477633,1.0182537008992922,0.3231581229398056
-0.9739571871183064,-0.6091181025995495,-0.9385938958812936,-1.9172206693581215,1.5704638119529357
-0.4323260031087683,-0.5585996912771976,-1.389719668174434,-0.37575321087676783,-0.8175220907734798
0.3861653176959217,-1.1512476275005796,0.4238180072943499,-0.08831383424482817,-0.9115209370089179
-0.035674089269021075,0.34213653585131026,-0.12133106675473188,-0.5137892094811993,0.35978654779328234
-1.3148860205629693,0.4387897746481624,-0.42213386824295923,0.27023351032010023,-0.1639839140750627
-0.035674089269021075,0.42897589850916007,-0.02048549761417713,0.4866749178136614,0.6947609011026601
-0.05070807108548745,-0.36257172683179456,-0.02048549761417713,-0.36972560711027264,-1.0855549097055237
1.6581752604495632,-0.518553707098933,-0.6345435395036567,-0.3980435137199486,0.030298026072360377
-2.4901683818094997,0.002882419594111156,-0.02048549761417713,0.11565338078285856,2.566698695252042
0.83042164678842,0.4798648052286052,-0.02048549761417713,-0.7359266197013009,-0.7393817420288761
-0.035674089269021075,0.045097691683475834,-0.02048549761417713,-0.3632967894560938,-1.2488331072642116
1.076781785078852,-2.049998960708633,-0.02048549761417713,-1.109523517842035,-0.6097476972403593
-0.4297996777138464,0.02510543380931845,-0.02048549761417713,-0.913246861441982,-0.6979394604812612
0.02375834744419125,1.2193658638676617,-1.1406241028417479,0.15189792642723277,1.7625643515648766
-0.035674089269021075,-0.2332878067496033,-0.02048549761417713,-1.6579303738740545,-1.218493756648868
-0.20411073717664474,-0.48311324234013564,-0.02048549761417713,-0.6632407559896912,0.0955027386255501
0.5948172497950109,-0.529455867810894,1.7468407473030099,1.0652414508959158,-0.6651001054389526
-1.098344427043824,-0.4005086208199685,-0.02048549761417713,-1.356327470790422,-1.2889945735464667
-0.10405498090614394,0.28966606108101195,-0.5493174827023108,0.6047880566062593,1.1855233304145933
-0.05555666207703778,-0.14748083579068758,-0.02048549761417713,0.36547992662473416,-0.7908136148570655
0.029941561178875087,0.38846444123474005,-0.40016745517803276,-0.1070897957989628,0.6901838023455048
2.177233447968098,-1.5599322565216085,-0.04955820006482707,1.7265769764625476,0.7698854905592738
0.5627322261972832,-0.6092271086161976,1.6609922209078618,-1.649294842182067,-0.10774759867427966
-0.7239978142737827,-1.284388977010844,2.27035543444033,-0.1969804025791188,1.5936677434722364
-0.16070601332063336,-1.7920932899163013,1.0815706595725456,0.1823213568866154,0.3659465020660864
-0.38783814166190356,-0.06779480223384424,-0.28083166547790983,-0.18121998015696453,1.5728928935650315
0.24645872583442582,-0.4610640738405364,-0.14729301515904117,-0.7870800853098322,-1.3071464378363693
0.8879446299407155,-0.5711772827040285,-0.02048549761417713,-1.1591524228691727,-0.14845175767415125
-0.5218486149194123,0.08689057160666554,0.13936005319615666,1.7972713109765288,-0.7312089700357551
-1.3843232268951404,-0.40543615635637276,-1.362319644037705,-0.66867137334591,-0.051881540571612275
3.2774360437107326,-1.5385065437103107,0.3522604698043099,0.8895766369931514,-1.2095635756069203
1.1149309554487752,0.7732108150355198,1.1968479530542995,0.9730075557542238,-1.8105020502890457
-0.3202373596938511,0.43638257685426346,-1.0596386108232785,-0.6559876837910031,-0.5512589786820653
-0.035674089269021075,-0.38117242414486463,0.6831081637367536,-0.7526666949541504,-0.7215987873563188
0.6798433058942563,-0.014196580839534453,-0.24134364946569462,0.987528099507349,1.632028845911994
-1.8979984655816837,-0.24377458310368647,2.2193176975019053,-1.206959559992746,0.24611654465198834
-0.4044349746686639,-0.2750918067134414,0.9539888560876344,0.6383522486649499,-1.9692508700275038
-2.107154763462039,2.089705844888774,-0.6596849078927516,-0.3567708795252284,0.5607983405158001
-0.4903542696626937,-1.3623064177767734,-0.36227358504075396,0.4757380746442841,0.08710958417158943
-0.2963135020378777,1.0151153212109891,0.2774395234537995,-2.0988492354437907,1.0954612251922156
-2.2369458833852502,-0.3738277169533695,1.7104609748334443,-0.7730442662839134,1.1031087462734683
-0.042746894304015993,0.1474432211187596,-0.36487522203241474,0.3932498957612867,-0.3776213562591413
-0.43424452210400316,-1.2189531812601546,-0.02048549761417713,-0.12266587706147017,1.2865456406040991
-0.5499536897246815,0.7783802416330045,0.03941428876334625,0.5230314335610299,0.47556329291199834
0.14369136926451861,-0.922818436073755,-0.9121309336506943,-0.04120923731939609,1.387753914764113
1.2260451383935818,-0.47721654579071543,0.21021948812456898,-1.7391190827304785,0.9504969167574564
0.7363902406602011,-0.5564735466337298,0.09418851620903956,1.2315182956557313,-0.0648917915215912
0.03767970720328821,-0.2221131910315756,0.11326827582865476,-0.7822858658219207,-0.25481193956699083
-0.035674089269021075,-0.703890113919863,-0.9906547950751559,-0.26688031679390956,0.6309116564005363
1.9538475083403906,-2.053314400595745,-0.02048549761417713,-1.0859798810675778,0.10491180826092467
-0.6986368502432058,0.20362684781953988,-0.8547244683320652,-0.42768632112201715,0.38220672519124943
0.518763210953313,0.16499956301085747,-0.9177774719473795,-0.4932826967380642,-1.8962528928751634
0.6269843783149814,3.1329422987955615,-0.9096897018263475,0.11501649801258146,1.6852843012039005
0.347995127785769,1.2582170068795575,0.861925827406273,-1.249361241433658,-0.6051800877326431
0.11227170286121141,1.2871219875007034,-0.31462879660473025,-1.0185174128583034,0.36459372188016376
1.796868854916671,-1.4497213215737557,0.647063721113135,0.1854168293066135,0.12941049088422973
-2.0466382839038846,-1.3474083765552252,-0.02048549761417713,-1.4804530035405512,1.0462608224806986
-0.1591615432481038,2.1367366239689414,-1.8781642242821075,-1.572470688055429,-1.1388125308179178
-0.7471863112809969,-0.06661337068357788,-0.02048549761417713,-0.9106069265942105,1.381858678298304
-0.564349670143183,0.28473714356270413,0.9205802823671337,-1.6386476975620914,-1.0541773101395913
-0.035674089269021075,2.047288662763979,-1.2520200846844487,-0.7745826185776646,1.303064947763398
-0.035674089269021075,-0.9545857787239365,-0.02048549761417713,0.980761767059009,1.7311421286435462
0.20888296937930262,0.42790602157805774,-0.02048549761417713,1.541436496555084,0.4530219327140173
1.02843378188659,0.15999299300426018,1.3769451144300917,1.9826172796063783,1.0015306677618634
-0.035674089269021075,-0.49904650898337366,-0.3230341826555923,1.1912531454913258,2.008227456691928
-0.035674089269021075,1.8216576453747326,-0.02048549761417713,-0.7447318873170192,-1.248166990260182
-0.0741229849177939,1.5804997259056788,-1.2020040030558856,-0.33197728430514556,1.6439895211089073
0.1882838649050905,1.2107728286882657,-0.19767665650077962,-0.03217191942477979,-0.3945854937992975
-0.035674089269021075,0.3788117811038321,-1.0361756115530827,1.2360475538424645,1.1815240780591028
0.5107713465438155,0.467111970294801,-0.730320708351741,0.2535335803911597,-0.5599992640655213
-0.035674089269021075,-1.1613925270688044,-0.02048549761417713,-0.2585364960932951,-0.20131018031310563
-2.103433754615909,-0.3564735788930428,-0.07351367667006457,1.3580044465041183,-0.7566568434920178
-0.035674089269021075,0.9968554103627977,0.22142970172366688,-0.4249775105595446,-1.1012184431301963
0.24888965932212403,1.1878673765924193,0.0909678122476008,1.784840122662417,0.5109145617876091
-0.9346698698449429,-0.07479694907465763,1.4110942450444222,0.16137220080113152,-0.022413603485240182
0.5166670350375046,-0.5676066908764716,-0.02048549761417713,1.7050291627036007,1.4557941533579097
0.7212546813007814,-1.2679688736688497,-0.02048549761417713,-0.005527342487622852,-1.7877357751335574
-0.035674089269021075,-2.1631732235186427,1.6205485256907677,-0.9069904949782205,0.14125867858716892
1.729706299344744,0.38256994137028166,-0.12764583400365678,-0.41830245277356287,-1.733482119266114
-0.5242308409152997,1.058493159828639,-0.02048549761417713,-0.386033384753018,0.502553241799861
-0.035674089269021075,-0.7323022472922189,-0.02048549761417713,-0.4367486959259114,0.6982073289521996
-1.985141704658795,0.2332427537851227,-0.02048549761417713,1.472528468398353,-1.4914559354152903
-0.013135714158309525,-0.14195059484647593,0.7277543760641605,2.821609678250706,0.5508415457169805
-0.7514323218000558,-1.136775056072345,0.6136124087017344,1.4217628302329222,0.3534180703870411
-0.5352817052150953,-0.09008715169712839,-0.05493960251231857,0.07462927529552002,-2.928735502659478
1.6889433524963926,-0.5301457712049572,0.35378347540099586,-0.21780136695146565,-1.0077294485630115
-0.6429202021958376,0.236704854713746,-0.4338021121531978,0.8151314794423936,-0.1657787664018148
-2.163630836415728,1.175739472460864,0.3992121632813021,-1.9540915414772804,-0.08693333378617689
-0.7932368194144165,-1.3773458818580397,-0.02048549761417713,-0.5148919959494321,0.3768281600495996
0.4963029452416078,-1.3660144329966992,1.8276219317460574,1.3757014158314589,0.9499292109120354
-0.004227311317871345,0.23434234274126828,0.2242185220262039,-1.17018852314073,1.0148754180381485
1.2093763223575225,0.2584404628387643,-0.02048549761417713,1.2166341600411905,0.9038862661838094
-0.035674089269021075,-1.0953610063249477,-0.5605221244445919,-0.6590334682034572,1.3496045416888607
-0.002648467452679924,2.0050181756626975,-1.3071539224074038,-0.8881043953650782,-3.169585023180283
-0.035674089269021075,0.4335111891912547,-0.02048549761417713,0.44605980514347465,-0.49613039660928554
-2.3094242443939583,-1.4083914728037634,-0.5680143458696005,1.4259269785475748,-0.1588922017797703
-0.22291450000684856,0.0339591632963746,-1.608780733364643,-0.49832547247138037,0.2736667476515934
-1.5376132569304688,-1.2146121033458523,1.004951652437487,-0.7124538795192762,-0.6493059125045622
-1.0205174824620897,0.04783872989045332,0.9492212219937451,0.11254107514593564,0.22695314214144494
-0.11147672689635772,-0.5832438603606837,-1.3019365319824716,0.6650939726620689,-0.9010711991486706
0.779178658807367,-0.41909164718107444,0.05376979273908692,1.7494513775051772,-1.5203313489181325
0.2750831540137322,0.3382165168403215,0.9718281129431996,-0.4945554028754141,-0.6353194873897564
-1.3575761118987333,1.3975907134883567,1.1765005370117447,1.212396242839558,1.109955722054279
-0.8597468637699328,1.7481295357236515,-0.13189969337347202,0.4780887396603908,0.5117769049487672
0.10852106770275607,0.9056856652573018,-0.02048549761417713,-1.3018898643347112,1.0136864945504038
-0.675844586367411,-0.5160755559032096,-0.02048549761417713,-0.18173906690909863,1.4125816304813708
-0.9615281129166283,-0.48787781569150496,0.14373419042147628,-0.22819214264173557,-0.8978998554863912
0.003472820310503743,-0.08521268762600703,1.2071046182100857,1.7696722880183344,-0.90130772118665
-1.233585462348643,-0.3185520232312316,3.1004983337821885,-0.4681310957857101,0.11887677719900155
0.13834360327312828,-0.42439438521612555,-1.5514052698019132,-0.264114927694319,-0.5966623996839324
-0.035674089269021075,1.0547486607421364,-0.02048549761417713,1.108431649377198,-0.7996280009034724
-0.035674089269021075,-0.28724203034793466,1.0173842129118167,0.715669464683602,0.18724144759953917
-0.29793333848823694,-1.8548703773993889,-0.02048549761417713,-1.0942910644138228,0.5329056595110218
-0.5427969991185291,-0.9147161432245253,-0.1412066844143186,1.6693362993168552,0.17135343860677793
-0.035674089269021075,-1.1886334921402482,1.6207887193206827,-1.7679551257026833,-0.9006250074615054
-0.3936540540937862,0.8786744929146566,0.21710601223495066,-2.005830842771543,0.6734747833362189
-0.08160052727397894,0.9267606829459549,-0.34524240085613583,-0.6151268694282132,0.025031406277404616
0.4075893481783749,-1.0346791556464436,1.2940926087648463,-0.8367103047799193,1.3726672915066083
1.393452997102624,-1.1575608551739986,-0.20398677808875842,1.0065743152845519,-1.146692714972769
-0.1759470143003007,-1.021525503429807,1.6470627361394088,0.23781979012989457,-1.4915130532718903
0.5780006947890575,-1.0335926784800022,-0.07511866775854029,0.26735693211441436,0.7204106468163172
1.251538428273124,0.01697022515448717,0.006347738021902053,-0.5191228903159879,2.366921979987122
-0.6320301756443808,0.9640121652760647,-0.02048549761417713,-0.9412365703038788,-0.36429948637607706
-1.3514952594861842,-0.014979561888269407,-1.1416254274877253,-0.04101286822053232,0.4639369971288198
2.3166236479920546,0.5279377827459437,1.6071770436725157,0.3420258752047498,-0.21292561795419476
-0.25078752315297803,-0.2102841917922802,0.5598503501649933,-0.19964547797392224,-1.9537463775115247
-0.726307760830971,-0.7576661254561848,-0.7172540907361197,0.046691601938080404,0.5841970708215416
-0.45168141640368437,0.4803097790054558,-0.6828328886373917,0.5555101111513895,-1.0625432368636223
0.19459605863765314,-0.2880576177567674,1.8157379805148022,-0.45195784093840935,-0.19071493893871602
-0.035674089269021075,-0.38765637121873586,0.25031951222548743,-0.9502631856097274,3.5397595643134387
1.710960060284279,-0.07523591552028286,0.3364771176270095,-1.1437285453890769,1.5016252550629596
-1.0040973600472696,-0.7953763468768901,0.5873879999475113,-1.2066477915508358,-0.9541879220162938
-0.035674089269021075,-0.07446575150798622,-2.207642535799715,1.2078507834243377,0.010081970403107645
2.0847942010320906,0.32269515038299645,0.36379379548644747,-0.9799708540545014,0.6530451520976682
-0.6498005220399848,1.0443021039313,0.4131822356681058,-1.0674237262193111,0.8248247148033261
-0.25822691323783353,0.7200277278335757,-0.02048549761417713,0.34484566029140423,-0.2100558945713627
-0.035674089269021075,-1.49343792714905,1.7220368575921334,1.3107266074391357,-0.07322239699503527
-0.035674089269021075,1.9526570792803144,1.43162573162465,-0.3765585672253909,-1.6977347055466092
0.6794967380800317,0.7504036645773215,1.316509301851827,-0.3122665990211466,-0.7638982041023862
-2.3168154509360317,0.559096173328377,-0.02048549761417713,1.6785684639762413,-0.09947700134406727
0.2601594807608502,-0.4043413924616643,-0.02048549761417713,0.34841409159666376,-2.4155832506992048
-0.035674089269021075,-1.0162215184193482,-0.1434154158687649,2.079965186795753,-2.043365477756683
0.013116000616149147,-1.9790916456462173,-1.1189077810663552,-1.966517803012577,0.570746240405119
-0.5333006208032554,0.43861666867420074,0.21064653692836333,0.3801299326320572,2.2215099013504824
-0.13312341554385887,1.0138399752424792,-1.343901691245537,-0.42522526106456066,-1.3675359790762127
0.8604581102009405,-0.942503203316974,-0.5533979398930855,1.2249653334768025,0.3158499923399964
0.22913318245743117,-0.381348028260316,0.6082540730666643,1.1783988570851271,1.8579038958038345
-0.4655591618132192,-0.669008066709847,0.18043577934048946,0.0913534104042095,0.755270402913865
0.14164924899718623,1.3859356013349529,-2.0502452837444776,0.08768552800589642,0.6343244876440313
-0.6065462945346113,-1.0164252914538427,-0.02048549761417713,-0.47560047342742645,-0.6447687303593286
0.9376497717645956,1.433182299969634,1.4014628914196376,0.608243961024854,-0.254367376180423
0.5551143565267923,-0.6735470998675148,-0.3826989406428024,0.254795362975275,-1.4284872759780671
1.2332889707815957,0.6610699895114482,3.468023512923043,0.20873812967402317,1.00173821243354
0.9142130714754315,-0.25469573901701076,0.2834786383127006,-0.45976357253468453,0.34993191099052284
1.3652625166208214,1.1863557246759486,-0.3499228247571101,0.2621110040977063,0.5872708490765286
-1.211808802233636,0.39665516932019373,-0.915084299436001,0.8602572475195277,0.24917874833621323
2.4395484089668615,0.8078271196946061,-1.5705001940666743,-1.7493167216437737,0.21061831262647354
0.8209085401280938,0.2355662068403802,0.5804580152096538,1.069079034501763,0.4071212657097939
-0.30897492857291203,0.08460982765928535,0.1320449431125224,-0.1367553913475271,1.547723760545965
0.8113347424928304,0.022716529558968065,-0.7182798153114488,-0.9411801020628371,0.9596733611262834
0.1625411298853291,0.3263883663881613,-0.274339971001894,-0.9697511371221609,0.014201992405105663
-0.49957651465287345,-0.7863328225142803,-0.02048549761417713,0.2322918188867006,0.37642654095606176
0.17528508365969286,-0.06156305103554684,-0.02048549761417713,-1.1821007207949463,0.07005128746311723
0.6060371251057414,0.572965307412656,0.11308667370915464,-0.9890419160836738,-0.9909280710399879
-0.5199431990442529,-0.15168206431315157,0.5620503735271005,-0.06966970207599447,-1.5885230147895675
-0.8410888506057789,1.2839291417018313,-0.588970591562196,0.6712079509513773,1.1555712995810328
-0.41188621913437123,0.7228849410736788,1.0320999075004889,-0.7112103967761424,-1.1269193845204255
0.49343562311842315,-0.5104031094353889,-0.02048549761417713,-0.4380875228537893,-1.4994893191992058
-0.3492467855274309,0.1773793325088784,-0.5485688860422929,0.8616367970268977,0.7481802603665573
2.0614328955663335,-0.7378587665335294,0.7711429360583826,-0.3075363427154091,-0.697046705407109
0.5415604842133893,1.7284341878829843,0.33616572611196194,1.104127895773697,0.12195026895133605
-1.628430395676294,0.2728399553486063,-0.7169925910334829,-0.26427671459545476,0.04877588895019324
0.20266092584076015,-2.3266015749808493,3.897265061498137,-0.8214880244705709,-0.8092462536191974
-0.712577596953604,-1.0044675360107918,1.6081183567949136,-1.498833405589843,-0.48163575500670225
0.5668367084909036,2.0050341070821434,-1.5822394037465124,0.05665044870026902,0.3891624600073129
-0.6355606119221542,-0.7735455170641254,-0.39346416586887073,-1.830864184061912,1.0737349587389184
-0.035674089269021075,2.666491076647643,-2.379375155677986,-0.3478994106288527,0.17646004057167405
0.8852036345177259,0.6429632769169198,0.5253548064891286,-1.3551665716787045,-0.6519897270634931
-0.31033350126139503,-0.6718408607781766,0.22500640283416398,0.12232678581969239,0.6311846668500519
-0.035674089269021075,0.7295887238147203,1.6136671534881504,-0.08196175564598625,1.2267411576046252
0.44171012432775714,2.8690463845542964,-1.2834493601880914,1.722180595106367,-0.5883978935605967
-0.035674089269021075,-0.7896831813418242,0.9200873822869934,0.09378629149792973,-2.619504175085996
0.757930137640818,0.6700666725994124,-0.13554435310062954,0.20483277255148374,-0.7787971804124992
-0.9629392770794603,-0.19721920161882392,-0.02048549761417713,-0.2958507131839275,-0.48430059598086866
-0.07982412963318394,-1.0877916664416443,1.0351764236775507,-0.5614098138570717,-1.2959143549611754
-0.6028152725517157,1.0875048308158621,-0.02048549761417713,1.2202808347556784,-0.5072687641739523
-1.827015405120082,-0.3089212796498442,-0.02048549761417713,-1.22751322589677,0.051081556184161506
-0.6666242587419677,-0.941754126668159,0.04322319995372631,-0.7932521688103713,0.20596836011145891
-0.9308960076486695,-1.0439907035804397,-1.2854949637509696,-1.0218777415238482,0.14042264200939916
1.5630975879300486,1.2129172876082377,-0.02048549761417713,0.8666992688741536,0.761357102824873
0.19340731222924717,-1.5125202504384685,2.636124590428761,-1.2254731089717616,-0.3664892790110919
0.3628269271284936,0.9109296997529481,-0.9740956829551026,0.8251939081602868,-0.21778427582544238
1.4992017654005627,-1.0815785937873101,-0.04347745176268456,-0.915188941661721,1.6228879745423017
-0.035674089269021075,-0.8316732823100114,0.5433279087531626,-1.6898344348925214,2.4957634785691094
0.41542014635612423,0.09772735832543646,-0.02048549761417713,0.14345709920961117,2.2203345711856377
1.0947711015702202,-2.192202759064686,0.3886582095929942,1.1022878563012484,-2.157749234238378
1.117427297926893,-0.3359421390820376,-0.2690022374503056,-0.3915053486891283,0.7604472175742979
0.013964651504048808,-0.4234304618618709,0.7636255175860513,-0.9769031409842763,1.0130208776730592
-0.04578277591378618,-0.43241902685701106,0.7881828131482133,0.5360310342912515,0.16692220147627518
-0.213767530373383,0.4635910182610428,-0.1703492565912789,1.1263576575373941,1.5761873291383786
-0.5567050384867106,0.7200787551599372,1.1821837279343357,-1.63085023992912,-1.3225514338626874
0.43226091838843717,-0.8962877537196595,0.3249059110963885,-0.059039413763415496,-1.388780225924931
-1.9190883085437447,0.4347850703625918,-2.0201403455954905,-1.5707921850004325,1.1887060806012737
-0.09692327524135616,-0.19377256160670883,-0.02048549761417713,-0.6595001561038085,0.7574306649112833
-0.28223209011206013,-0.6337344102882867,-0.26035754046240867,-0.5515254820302372,-2.5651748678299704
-0.22693036514296333,0.2081214145220321,-1.0995642778066708,0.23052110919186364,-1.5257249224013898
-2.213439847471506,0.19583371878811748,0.5130818883966379,-0.08393696668410515,1.0201849634821367
-0.8964509413465982,-0.7279991111622036,-0.5057846348310472,-0.04353903564623549,-0.09561506411178967
0.605396551760696,0.19385929966581694,-1.3796546952822952,0.6273510399291997,-1.4638516697239612
-1.0286299568140342,-0.7057796184184125,1.3637228252963578,-0.2332799899507742,-0.47472116663346486
1.909587293530683,-0.21874686274106592,-0.21272014378536552,0.40449705443627404,-0.28221939587717887
-2.291878816802059,-0.79363415173314,-0.02048549761417713,-1.6525122118022668,-0.24373508926643542
0.5314207358023164,0.14014460883600285,0.44214633562614125,-0.16797411501982204,-0.49222873008519197
-1.5287765278494263,-0.3967491768646274,-2.6447288414971184,-0.8962654193469376,0.7794108650245546
0.8534775303326572,1.041923314192422,-0.02048549761417713,-1.5476899888663167,-0.6606864127227735
1.634376221895827,3.9307701195379185,-3.1380564334249494,0.6514399666286221,0.20640524659061624
2.128138453829962,-0.38710985737462084,1.5597436540747334,-0.21477255572989246,0.18124391150352964
0.3577256416701402,2.1698967587381643,-0.6368460524406966,-0.7114440536761473,-1.0549952420666027
-0.3697335179936449,0.8879847075672209,-0.1324767783777606,1.2671026268968628,-2.0650920944629507
0.9281684906918043,-0.2539528837480116,0.02288515619417113,1.467068401922378,1.595171344245955
-0.3789701988066996,0.07166951523034824,-1.7015377621462628,-0.9481749818326983,-0.5162091621854283
0.042233640823609586,1.3034119136510582,1.081304611575959,0.7039594359179496,1.0285496863560335
0.7230945257043622,-0.14883032083792994,-0.02048549761417713,0.22108332172900455,1.5435820539243768
0.4760405447607028,0.33859257919316904,-0.07650277250916182,-0.6807037928589578,1.374346978404704
0.5483932108355064,2.2075549815356315,-1.0864639125483952,-0.9060363940870596,-0.9507550319249518
-0.035674089269021075,0.44427742217285754,0.9809035216625946,0.5785908151520363,0.4288363777477736
0.7028476398256881,0.2471447606085673,0.34605506841900235,0.10226048120201145,-1.3249978101092057
1.9287526596761593,1.7528210784007197,-2.3586463795150316,1.1654061313641975,-0.7385266680335508
-0.7966387517037403,-0.993330604630475,0.02371702524626223,-1.7821262136562155,2.1454166026248473
-0.16321315118665336,0.2042369286552406,-0.02048549761417713,1.2131953223266323,-1.3986981681873045
-0.035674089269021075,-0.3692197260799701,-1.0334571928254639,0.4406011059023796,0.21084390915050472
-0.035674089269021075,-0.8136467491258349,0.7295619802224754,-0.8426911478296425,0.5199907245256986
1.0357166877199482,0.13163491191502488,-0.02048549761417713,-2.0126309564224973,-0.3907088849619681
-0.035674089269021075,-0.11226379237936035,-0.547807875391449,1.7207246247310504,0.3419257159813093
0.20594535212016205,0.516431314820036,-0.02048549761417713,0.9514332608447696,-0.2295232281951356
-1.375272428707597,-0.0886904557555942,-0.02048549761417713,0.5322560055309915,1.4729168992535875
1.3073463816808455,-0.5997436016870198,-0.02048549761417713,-0.20706378171633452,-0.566447528460396
-0.13107140638218973,0.5037512939442974,-0.02048549761417713,0.11010600261405522,-0.5228816166156277
-0.9106257669966906,1.5727733096176506,-0.17204099214396743,-0.9098356530772223,-0.20778519806195125
-1.1978529479315938,-2.3998221954569607,-0.02048549761417713,0.8504859796981812,-0.40774183543555664
-0.035674089269021075,-0.4594946927508643,-0.02048549761417713,1.4188907679639142,-0.11789901109441016
-0.035674089269021075,-1.0446918049917484,-0.03315739558427567,-1.6535393258785074,0.6517945685369363
0.533801824875285,-0.157092327678102,0.11241685037494135,1.496539793830467,0.4412149162650255
0.14799568509347186,0.22357339385418293,-0.013271392751497408,1.2526199222149899,-0.03600110230219911
0.446866469775356,-0.2391062886531429,1.3324291784983247,0.7524939029876225,-0.5492825927821896
-0.45368146491874917,1.3140647337816642,1.122956453381394,1.0085201056654527,0.09647281910856109
0.5678672038626298,-0.2051138530953134,-0.8631010696054789,-0.0752279330806441,1.014473032536939
1.4254796936546563,-0.10767172771711311,-0.36802118001649153,-0.012316374119455261,-1.1024022852449846
-1.123763473175645,1.093444741840061,0.3645525434381898,0.7677479196582003,-1.4062003248915447
-0.4816806631341383,2.211239234703132,-0.02048549761417713,0.7248732502612599,0.24388708396194533
-0.035674089269021075,-0.20662915742076146,0.10207581718816416,-1.6410596216197721,0.2716799741746004
-0.035674089269021075,-1.4901722010380072,2.523420844926855,0.5309671358635256,-0.7400499319281699
-2.3186158391351084,0.14670983298353618,-0.02048549761417713,-0.9546248482722381,0.6511989070209019
-2.1404510838380726,0.46628724855835896,1.0475273039609254,0.7394062971871089,-0.6302427281323234
0.10847186156579779,-0.10662423388419295,-0.02048549761417713,-0.6205031352038994,0.6343543479271915
0.38091224795914186,0.008095955946638322,-0.02048549761417713,-1.1137220864889072,-0.2668752108483962
1.574086819292516,0.4565067466586245,-0.8844813627229019,0.934249022943285,0.8122569842420465
-0.035674089269021075,0.06520879125174438,-0.4627218842044848,-1.241196891891989,0.8676358383623509
-0.07399828452847437,0.0991670919521553,-0.8176386102851957,0.16973600381220405,1.2283654040507175
-0.035674089269021075,0.07172387636141796,-0.3524057924016649,-0.4802235117184349,-0.15307735461252406
-0.14779285916422577,-0.8365561266755668,1.028760872017363,0.8591896966100203,-0.6224221838664917
0.7378047680205998,0.6062821993494565,0.2839181350903468,1.2030008288299467,0.40732426617397416
-0.2884073896222195,-1.3864315555533118,-0.21050991909447098,0.13714998556506267,-0.38071845700201823
-0.6089092922529226,-0.7494221694155904,0.8974184031941368,2.733874548764028,-1.2064907441327415
-1.4065286599864717,0.8260185601989407,-1.0108556938512716,0.48344784103070104,0.4035947662488473
-1.4313513730886744,-0.09404184512432247,-2.781177609028642,-0.6701054123894095,0.6448561897791992
-1.6261703802975531,0.3360673341876167,0.5399610240968976,1.0457695301498555,0.8578833925571374
-0.04547008790976703,-0.18722568428075195,1.2194335835831642,1.0448644349724199,1.1876385832672192
0.27416149783772364,0.4076381705255865,0.2370243644602716,0.20564444911475785,1.3784573543732914
-0.035674089269021075,-0.5177965576420942,1.4623033245027746,2.505839580401228,-0.07508104830942836
-0.5491584283515073,0.11301297205042848,-0.02048549761417713,-1.224004787102903,-1.0839931604044832
-1.225456385197629,0.537012555309892,-0.15606548419449626,1.419714030877669,1.0614921450609307
0.072807394424655,0.22386589628186138,1.9214019596402272,0.45767298910231324,0.38334794346560397
-0.8070077991664526,-0.07581419162054713,-0.20783956555643052,-1.4248539226641057,1.1878993399021938
0.2672919484785828,0.040625493999411955,-0.02048549761417713,-0.32980788633786806,0.2873055183000511
-2.078166807114853,-0.7635725407685053,-0.0030668545085665924,-1.047821313406225,0.08577412381465858
-0.20422185592132944,-1.0331400708316718,-0.02048549761417713,0.6447907459504739,0.12956810285886686
-0.1990607450067308,-0.039427085687607936,0.43031915155995015,-0.009292425479406152,-1.4750031069448994
0.22721542222898383,-2.4462361614014134,0.062487951142627375,-0.8244550187950731,-0.6394404409677321
0.825324402664024,-0.49456057780241147,0.9822655672930214,-1.6474891681760633,1.8285481863841382
-0.12223770359273355,1.2709395002501136,0.9492095081887195,-0.13242526418267633,1.39133623984879
0.9933988981467371,1.2773238538164033,0.6792426286550128,2.508235679891151,-1.436021809334518
1.1694773365619655,-0.9894008608709766,-1.9316709589175716,-0.3538574352106193,0.07753486954926576
0.5229493588888858,0.12494637083655911,-0.02048549761417713,0.4985748227748818,-0.5606366923123418
-2.2886132567996746,1.8378328555655197,-0.1957635337486096,0.48769879402045646,-0.39388736055265094
-0.035674089269021075,0.9805966727533555,0.4565839754577869,0.6404583865526842,0.7228270256614239
-1.2120663701430383,-1.7229827896217185,1.5098460942691345,0.46634623413751786,0.06861544775748438
-2.0468512055434265,-0.4119373779320279,-0.02048549761417713,-1.7209466321689333,-1.5501078141197648
1.306141980601609,-0.26077399274030666,-0.09504686177260585,-0.7580227850769428,1.194321520204859
-0.67261369863331,-0.5556125717660574,-0.02048549761417713,-0.29005625216530384,-1.2971849136810145
-0.31740984330447025,1.301028552418705,-0.2101958595027526,0.64000804276053,0.8062380842795962
-0.2963517475051092,-0.6175465201616708,0.656494786059617,-0.6816649890616895,1.4925396718481585
1.4140547782815054,0.546723370261518,0.2599740239293929,-0.5949180561330971,1.1728688313499538
-0.55164837817551,-0.7607521047210094,0.44287895209799927,1.3583588464814635,0.6899409174093754
1.2110219028845293,-0.49500489503656997,0.6222705299270678,1.245981393474275,2.286168479852161
0.660941314176419,0.7660751082261364,-0.02048549761417713,1.8045195521323663,-0.5709398348907126
-1.2477481974342632,1.474400550879635,1.1896790216398092,-1.3860601660351928,0.12965213681372822
0.4743814457206904,2.1248199882634675,-0.8648567545366522,1.6728513375977678,0.8071019786993725
-1.5209246536192922,1.251255404594541,-1.1002539286926745,-0.43499496716143543,-0.10930405891203655
-1.9436283115070119,-0.06828788165746684,-0.811430816055229,0.7452074695469648,-0.30398878445320476
-0.035674089269021075,0.3972915414466517,-0.12877724644732452,-1.730426307275211,0.20742198273023754
-0.13688981634252056,-0.8554155557821657,-0.4687391945913619,1.755482962498687,0.1680651214949217
-0.9179823999884884,0.40388288198094086,1.2006583917662965,1.7293586528618277,0.974524808237372
0.17434812820201942,-1.0247681800128896,-0.6635081342119531,-0.1884165531947728,-0.06614106419549878
-1.6685943807147914,0.852775003537205,-0.818113644564394,0.34783083788595714,0.9986999161247199
-1.9720412371560907,-0.000530397478326962,-0.1743381002049592,-2.0149898849951495,0.7955069887822492
-0.49489506740056466,-0.8002851429013225,-0.02048549761417713,1.231765943537246,1.5999924686866622
-0.2542498446016562,0.22009358581221936,0.23669173845312932,0.34478318391594814,-0.13756268714219078
0.3591476086327998,0.3698147636465495,-1.259802664455948,0.9523891257603477,-1.4035594743263773
0.19944676547626672,-0.7367605660248485,1.021255634643636,1.8668726149128279,0.7171186868200757
-0.4688931311261493,0.22909518975579896,-1.83759442525388,1.7921631574050298,0.2817790466049899
1.3056243954004818,-0.7323262978739403,0.5817513586235282,1.6477946927827696,0.007686268607361032
0.430951131974783,-0.04715891494527247,-1.781667307468715,0.8371417222018217,1.2750598113058602
-0.07202492656166458,0.4979643563597785,-0.4569229620878656,1.6842841470236496,1.2288998083847043
-0.09477942613738713,-0.558842136980505,-0.941970018951606,0.5251277583059704,0.3456113347850193
-0.08176841029026344,-1.0170569709980124,-0.02048549761417713,-0.8563192239218294,0.6636819468224927
-0.12056609124015748,-0.2074963993096946,0.17255686539635717,-0.8816763148956592,-2.360707301011065
0.19885080421046164,-0.5273377591158666,1.4886034929461436,-0.870413632337223,0.05034789915156994
0.5956450843859465,0.20616625018698906,-2.0278637393646335,-1.2370761193711592,0.9298380013608023
-0.5105564794685024,0.18738792207540025,-0.8313352813375127,-0.3504036309567981,0.08691302890528742
-1.5961923430356917,0.6147658183221467,1.0708121842774356,0.1136863997176718,-1.315214353416095
1.190103430192346,-1.0975401939919727,-0.34505758141053416,-0.4018791231661902,-0.07205867494086514
-0.035674089269021075,-1.458441791941076,-0.02048549761417713,0.0027153429254193474,-0.3469312030190618
-0.21871202824572478,0.6083332777024186,0.4564935906540325,0.46120953232721607,1.2093362948142963
0.06849981885159845,-0.9670597620151156,1.2317498801783515,1.3965962885371415,-0.08541966112696939
-0.035674089269021075,-0.24390387308066278,0.24306225356803807,-1.2973240260513883,-0.625751002739532
-0.8211362490842289,-0.9289522411163096,-1.4840496114834512,1.3619539924494144,0.07851126154288804
-0.22631256656717563,1.163869406560589,-0.02048549761417713,0.48258876057832156,-0.30138800053200093
-0.9885709612334709,-0.28094196704609553,-1.8804712998888424,3.4539191324448733,-0.5867907174655416
-0.7308306459225813,-0.6685157208921013,2.407414791261004,-1.398462898861161,1.1463043903925638
1.132127822369817,0.0410195429433202,0.9762003362138039,-0.25405719225529305,1.0138808956740197
-0.035674089269021075,-0.4048109483018533,-0.5505029422724054,0.4240943936769133,0.49543389342740185
1.8194721567763483,-0.4409432525630232,-0.02048549761417713,-1.112718874307728,-0.2836953979580938
-0.035674089269021075,0.19131289641810986,-1.6160626865748566,0.460187546688495,-0.9719917987760694
0.4508759514982751,-0.016363656670259,0.756818735632901,0.35768226355636806,-0.3736213250984703
1.517795394561791,2.295412375830063,2.290956718740207,-1.9743953152722988,0.6684674077508654
-0.035674089269021075,1.0505379034965139,-1.9201970719793684,-0.20364317364640558,-2.5399172636015743
-0.035674089269021075,0.019255943900211837,-0.07001781887562157,0.16296991529820914,0.6695504291482318
-0.035674089269021075,0.4418173225410598,0.002181658168025081,-0.513902446337172,0.21933575206410405
-0.46944534548702715,1.1160320167542805,-0.02048549761417713,1.0823076815013744,-1.1871491966661982
-1.912355033453505,0.48760631694431933,-1.4259832584586618,0.9958553029108761,-0.30435133499871714
-1.1534607986814673,-0.24676261189600363,-0.5378421131096544,0.7858138512848275,-0.5027894276070491
-0.5847725548019147,0.8785514078297071,-0.02048549761417713,-0.5901165401394151,-1.5345529263947444
0.9983082344259188,-1.2930641592180079,-0.21137664976826492,-0.9881019112689583,1.1930839620660068
-0.5089948776406616,0.4681018583308989,-0.3296779490415182,0.7762245930159299,0.7549200205519053
1.738894147040249,1.015819284170484,-0.02048549761417713,-1.8456006905867812,0.8228854783469035
-1.29980174235814,-1.0178109987916466,0.8749897253659115,0.9022067413241546,-0.6724117663908843
-0.5590682316346836,-1.8958228037136111,0.12008688021768109,1.7538067546967457,0.7980131015392682
-0.37084882008543024,-0.06645993957151916,0.08656882116124595,1.2889566219577224,0.7116273316863608
0.5884993131819813,0.20347729290174457,-0.02048549761417713,-0.4095127083342845,-0.10196552411169515
-0.21412310444238494,-1.223172164448785,-0.7696933882363196,-1.7064366001942446,1.5980269999753063
-0.035674089269021075,-1.3313057290790191,0.6148482235952134,0.9893310420312028,-0.9983659032158471
-1.0333089843301495,-0.8239745814522594,-0.02048549761417713,-0.4923086807738221,-0.6983286643946501
-0.035674089269021075,-0.2873793590717787,-0.02048549761417713,-1.8894152811722278,-1.7281581621876247
-0.035674089269021075,-0.4607292472791563,0.5617300281682934,1.1364737054118064,-1.026622147293549
-0.035674089269021075,2.220618072074691,-0.02048549761417713,-0.6442269604584162,0.4494333629087352
-0.8013216771726328,2.27911953483232,-0.5902294047221145,-0.8718182217831514,0.41638348435758454
0.33347826906609596,-0.6701258663906549,-0.02048549761417713,0.36536905458655,0.5624798585534201
-0.035674089269021075,-0.7465299035993844,0.8889383839946762,-0.11729798909644808,-0.2226628574437833
-0.8267443097673687,0.048922402266963726,0.5146771385795159,0.46370792337618344,0.9187219834766555
-0.25137078332301,1.2955108806959934,-0.06420656491131986,-0.30871034983072665,0.7965355370634933
0.2830561947479206,0.07264304951433691,-0.02048549761417713,-0.5792168078666241,0.886183550442093
0.8340957773831315,0.28801534583741106,-1.5091928582664214,0.35171561787225,-0.2742485284379285
-0.9591232121449729,1.9755720771035392,-0.02048549761417713,-1.2068211010913559,1.3434587425638003
-0.2895786346932147,0.38220933569800924,-0.09076152427210912,2.372046603633837,-0.7287285741056804
-0.3338160657509702,0.42967227417103143,-0.02048549761417713,0.7605841505336008,-2.077056264297472
-0.10484583506746822,0.11240988469439911,-0.02048549761417713,0.5645164936382013,0.22832237077852102
0.7265416022924135,-0.7002278321215002,0.04943795804218375,1.572651505176886,-1.4973915549439565
0.42622692044745975,1.0474081808410802,-1.7565439331329158,0.11734051935323246,-0.09231548217297356
2.167948862173794,-0.9173774169649087,0.00976351411702828,-1.0647906734991492,0.4268812069026638
-1.2296918114588502,-0.38813942670093227,-0.02048549761417713,-0.9955570626758301,-0.43254491121681116
0.7928897324692834,0.3526513537871955,1.5177221690474256,-0.15172584473422318,-0.5502859856162634
-1.8945083101102513,0.549228689540173,-0.4684503611528706,-0.7661124667008067,-1.1550143250083797
0.2603945149751039,-0.5843963309338526,0.9001708189900103,-0.8514740487189866,1.305365042026871
0.6287033303440799,-1.4738451717713084,-0.02048549761417713,0.24022622903029037,1.635919973480728
-1.3655832745781515,-0.419826425625575,-1.6138557785900043,1.2345220369972152,-0.43454579764258283
-0.2534457531754751,0.24150086666446877,-0.02048549761417713,0.4377488274947256,-0.7125407470974129
-0.5953318150896283,-0.9899089493590802,-0.02048549761417713,-0.13252064397482194,-0.4582317250994056
-0.02108241044624511,-0.26336607529038736,1.3688513560946995,-0.6261877437027585,2.1753303088329985
-1.3550980825947418,0.9596260434833479,-1.8343631233828634,-1.927201849665709,0.7438609007262958
0.4526361510913302,-0.32714852001668504,-0.46691682972156473,-0.7344677769076626,-1.0663734396400193
-0.035674089269021075,-1.5635145320228008,-0.02048549761417713,2.115258463875555,-0.7633202164658272
-1.1079586101174865,-0.09634624367210835,0.5838508851075201,-1.4293987763734677,-0.21916539234251567
-0.035674089269021075,-0.07104393384050721,-1.3160650666458689,-0.21329199468468188,-1.8738806510294626
-0.10348251698542889,-0.2599375845777175,-0.02048549761417713,0.5819524635015475,0.5913243267433421
1.0954444297176018,-0.9708941360244607,0.4045766922299751,1.6389070872899656,-1.37163947117669
0.036962159169646874,0.08659120208093479,-0.02048549761417713,0.9474616429100748,0.22251497358889047
-0.8085694845277478,0.1374634765114422,0.629803377702367,-0.3235700350639307,0.3963237367804929
0.227042796106948,0.1585102603176049,-0.02048549761417713,0.8394868137158726,0.8960149810455706
1.326619148989869,-0.7052094466193636,1.0738983864587879,-0.4601786070325352,1.2229410739751423
-1.285487870562277,1.3269190031930824,-0.4000913052398009,0.6937378588610393,1.7966959002699923
-0.035674089269021075,-1.122160704072958,-0.02048549761417713,-0.45301166587907843,-0.8808056516118973
-0.6908353187023436,-1.4216581906487797,-0.22946035422138736,0.276671681871521,1.2070728682528709
-0.25063673917438734,-0.5274311575817288,1.6327035140996637,-0.9735737037802598,-2.0026954477755665
0.9874009541730989,0.0635001719010104,0.887673007834085,-1.0628434271822573,-1.823664498232428
0.9186633820059454,-1.0221461418808728,-0.17271582781768313,-0.198974413894923,-0.1868620986986852
0.4643857186348084,-0.7817914691949106,-0.02048549761417713,0.6706447292534918,-0.37932530980649193
-0.4620622838819652,-0.1465986237281681,0.8885074191449429,1.4869596667002771,0.7174538389492777
-0.035674089269021075,-0.04515840656398511,-0.39270245094853595,-0.9794373912008673,0.8218740476151878
-1.1584694745693385,-0.41257008379570737,1.7542033817157365,1.5219447005094164,0.25890572364979386
-0.8088986527840294,1.741784451347622,-2.2151955944094732,1.271655960456345,-0.3979598826291298
-0.035674089269021075,0.6785328057441228,-0.9775320388653088,-0.12771941997526856,-0.20836312288859002
0.5521147572107594,-1.2916785654454765,0.4589686103611889,0.5429148681376236,-1.1335255036886596
-0.035674089269021075,-1.1483465552718053,-1.0268586852630226,0.30485123365345446,-0.5236037811678177
-0.3088986015924551,1.038506142921808,-0.02048549761417713,-1.1969921367890417,-0.6141524993569936
-2.198665995852853,-0.24749527503963395,-0.7810087303727307,0.3514969058098424,0.40865360722478966
-0.12272780842617004,1.5525647598579089,-3.5034712839184703,-1.3480182798729263,-0.13173619221141178
0.642119897805311,-1.6047234888513628,-0.02048549761417713,0.15955318546678923,-0.6268719022751351
0.7287764083453401,-0.051577080770536306,-0.02048549761417713,-0.10871263075089649,-1.931423391222606
-2.378261592286817,1.3222024244914685,-0.6986859848375644,0.4638760219259844,0.22239812385204608
-1.1040949580324966,-1.157733222700969,-0.02048549761417713,1.3147305524119297,0.6589633786215674
-0.13897035070200883,2.5918049871503213,-3.149164862760717,1.5536068909980367,2.196056439383427
-0.6949264021004804,-0.8011567957418919,-0.7687705837187284,-1.2414348258867949,-0.643884311716453
0.44980668990280676,0.6639623687567738,-0.02742758670817807,-0.38129438520165077,1.3368815696868785
-0.8731523420154239,-0.7382483455737582,-0.13428802913351917,-1.8106759449812386,0.5812115459116893
1.0413838800512816,-0.10834042003591028,1.234036328308477,-0.11457673524930881,-0.02767549697645835
0.4049904031467095,-0.17883264874641164,-0.02048549761417713,-0.7890535153772585,-1.126980323086729
0.42484629590798967,-0.7236415158312458,-0.30394778290601343,1.1716193734390654,1.1838210439960057
0.13890618162441132,-0.3225908654488051,0.6908356788825843,-0.5336646866718406,-0.4397277500323654
-0.4056903520175992,1.4852690842873546,1.4193201524528967,-1.275457233544413,0.7943743049328376
0.5853635544437812,1.1673604790815157,-1.194188433556083,-0.9201635783749407,0.180084842100922
-0.035674089269021075,-1.0194980062065164,0.2917888220155302,-0.43725776408005934,-0.8472604378257907
-0.7189276024114408,-0.5308555280911075,1.2764001565211112,1.066769158986078,0.14056493531316927
-0.42020431047169715,-0.7928502639664571,-0.8032438363610831,-1.5164573193192368,-0.7195456343169923
-1.2899179286715958,-1.0840104913480362,-0.8950326869922361,0.906714987530946,1.157794733288866
0.7668421288190145,-0.8969943815146577,-2.4808223681952315,-0.4551049761047993,1.2853913140105344
0.26343660560126375,-0.6917327394455826,-1.557443028393569,-0.32508237104631765,-0.33616919065864503
-0.5633274963752631,-0.5586599865229722,-0.02048549761417713,0.6570970786672516,0.268778285173478
-0.035674089269021075,-1.340131496038397,1.3712249942798658,0.7324604385291931,-0.9093374085700757
-0.952368345410946,-0.47645935277935364,1.5453458180803814,-1.276468747658202,0.12185773019546897
2.170681494467641,-0.3322797048962478,-1.7623972706666,0.22748647998783894,-1.0114642098378968
0.734592276974226,-1.2883424988442198,2.4751343726923922,0.7311873786905624,0.2011865332709918
-0.4817950349051587,1.2783907638842704,0.7834793324911687,-0.9583735926801816,1.8326849263645495
-0.035674089269021075,1.7594452794992856,-2.55190257540229,0.3272346808529137,-0.507819799065663
-0.11312612358380794,-0.4498157154419382,-0.9452352612610895,0.01176247610537433,-1.6360058908115973
0.47109681225045186,1.944042001935742,0.23177781152019147,-0.9682981685785812,1.8606897893047425
-0.33991017109114463,0.3310526312114383,-0.02048549761417713,-0.1681515780787955,0.5540440020667932
-0.035674089269021075,3.4423783062870017,0.8584181393194277,-1.2940535251627001,-2.519275446974608
0.7265186918522016,-0.9235589162525926,-0.02048549761417713,0.40100053748965153,-0.5714512384359481
1.1190513558112485,0.4219646873406455,-0.1898892589119416,0.41862648503119226,-0.17815851658284074
-1.395879632832923,1.497490300952177,-0.3764227663683204,0.8953462504315471,-0.928263846042928
-0.7237272032704167,-0.3241408473181961,-0.02048549761417713,-0.3380470875707119,0.88258767032042
1.1440486358477355,-0.664251903419528,-0.1390318508301715,-1.281157204381239,2.3272960507782985
-0.9312393506750276,-0.2755304459263054,-1.1958620665786635,0.9243888241911883,-0.6876195675147231
0.06881976873481929,0.3522989245259622,-0.02048549761417713,0.9094967167975614,-0.01920136626237212
-1.263303095275872,0.3461671956653181,0.09469854382509965,-1.0432582557727121,-1.0000567935637408
-0.946064629895757,-0.34957102527264866,-0.18729555495603278,0.2558766200704142,0.17468310800214742
1.8045228927603547,-0.32301750748558045,-0.08751469926011021,-0.5428767494434694,-0.5938006317831639
-1.5803430617216145,0.10962056625638755,-0.02048549761417713,1.167719320756329,-1.9169461626347966
1.5635407699081139,-0.7577206365821193,-0.013403564077864588,0.9265695040644982,0.08118326808663513
0.4116901928174694,0.8825265650676718,-1.0840567050541796,-0.8910499075829599,-0.0667374444086123
0.7904956779618575,-0.8996810898928559,1.9834434965531609,-0.052466999040374766,0.19803908708671733
-0.31718904879162535,-0.9148020038387583,-0.02048549761417713,-1.390210204631716,-0.2222403898188233
-0.3377355292326456,0.23725553623495405,-1.6500780778980682,-1.1965146950033865,0.3140508345485292
1.3492450657505382,-0.1768619162940189,-0.803400592633219,-0.23531743251468953,0.42024868604562676
-0.035674089269021075,-0.2614826874501303,1.648223534486148,1.970154643237533,0.2545499573867019
-1.2185810448732335,0.5687056458860547,0.9827523091014678,1.7622712844826327,-0.5734031405647622
-0.35063928212753703,0.8318993100317034,-0.16820480178511513,-1.4778834576774549,0.299018679674076
0.7061203853308442,0.40953861904536903,-0.5418746061786536,-0.19728539861177852,0.5849635549117836
-0.32709206997825,-0.821315371217956,-0.48248078715365394,1.8995193273176891,-0.7251342342803925
-1.1339501392965694,1.60343995964773,-0.02048549761417713,0.32694541027195473,0.6849976055405697
0.8133479856949997,0.8612890814039346,-0.02048549761417713,0.3509841661396899,1.0189854776392269
1.8546570098816066,1.4019168451239212,-2.744886214399903,-0.7512112671433264,0.6526728781241395
-1.8761882477595604,0.9990727782208841,-0.17902964652143497,1.4262991410638317,-0.3354635969953958
-1.6619560774898332,-0.6485578225728018,-0.02048549761417713,0.14729492951565107,0.015350901043366075
0.03710680800316688,-1.3756281551238554,-0.02048549761417713,-0.34558389647162746,-0.8931221149260121
-0.2728128097731317,-0.321528410374343,0.07504134800571775,-1.4823333576651812,1.5820692875749667
-0.9911088461507753,0.11863580598218493,0.2531160861726997,0.1363298373890512,0.11608757332031154
0.07741727919821073,-1.0301350731652974,-0.02048549761417713,1.7040430114053193,-0.16220885925049752
-0.8880605133837723,0.2670040176110396,-0.02048549761417713,0.006896803481087187,0.8766027053821224
-0.9459157414873938,-1.5724087814235252,-0.02048549761417713,0.604601107909523,-0.12819725155426143
2.137606105638174,0.789334104020408,1.643348429382249,-1.779042116051737,-1.6596581867473008
0.13703971877888593,-0.5051485142069864,1.6551304025097457,-0.6754618876097908,-0.3534221473252897
1.1598246812999173,-1.6820724515176906,-0.02048549761417713,-0.1524476838919707,-0.6149734290573957
-1.443334866439013,-0.4688871574354746,-0.00502650536947188,-0.9234488014806373,1.011285373963481
1.060402751890715,2.019374902835101,-1.187636053072219,-1.0168805523664386,-0.7087319330662433
0.049872811402550815,0.21672107469564836,0.27302238877696133,0.9725306233466813,1.550817856140976
-0.035674089269021075,0.8762974546516048,0.3767474454824626,0.5941712705775268,-1.2057554409739166
1.3101460020029578,1.503177162111185,-0.02048549761417713,-0.5003273323348862,-0.07653069622387679
0.7876084938208662,-0.4339596614613726,0.46115304251027084,-1.0345365110722553,0.8892854879004357
-1.7237158938756907,0.4728762873071846,-0.02048549761417713,0.41711622725368175,-0.04866718042745668
1.845438560638284,-1.0611730320374948,-1.170574907821118,1.824772982628954,-1.4881251418881976
0.6860763006074513,0.5301785891875915,-0.02048549761417713,0.051719585225990704,0.5104373529208435
-0.5553268348803309,0.1406687198204327,-1.1841417936112237,-0.08348401589203255,-0.7431558636890925
1.7238300674994804,-1.0556626796629396,-0.02048549761417713,0.17116383983616673,-1.3097215495571113
2.8483531346380446,-1.7952897360900144,-0.02048549761417713,-1.37373787001722,0.23335207303376693
-1.8701719242922483,1.4273598411737192,1.1053510471505203,1.2581044368301977,0.5508510407797145
1.3933026293410014,-0.2100641750639085,1.4521136350117463,0.1546739056194247,1.684913715057873
0.2704973989588374,-0.9142148992398371,1.195195666518319,-1.2845408722309486,0.08837911270456013
-1.391415055740932,0.4369653841626062,-0.15084776151796803,1.245568902010603,-0.46998856549046003
0.608343425952092,1.1786154444608172,1.80591676620901,0.5628759997997337,-0.5354556718321718
1.0589777414867292,-1.6845674660215162,0.5874489136706914,-0.10112542108241009,0.28397172265181525
-0.035674089269021075,-0.3243992933526901,-0.40726507691305663,-0.9107305542115612,0.8053585563125559
-0.015139732775467716,-1.1966472015782252,-0.9305349111359633,-0.9180197323510346,-0.016130410374540737
-0.003895708791767198,-0.5879328553031514,0.4043896572340319,0.5457877265509943,-0.904586159794026
0.40500525950920047,-1.6322936586356798,-0.02048549761417713,-0.40374703952993773,-0.322093361551728
1.7486574766587344,-1.514423311662167,1.4477583915273773,-0.4341696765399714,-0.9952431564426117
-0.18141984608631861,0.652632777715112,0.19539386574124892,1.2659977724777876,-1.179738522339083
-0.11929915626111573,-0.5518866677377994,0.48121029241688656,0.07834552896393263,0.9246481880736342
0.29749434183859774,0.574870984486741,-0.02048549761417713,0.9578601396987575,-1.393937972362886
0.147673314918555,0.8333368134361075,-0.02048549761417713,-1.48592869153033,0.7998393940298735
-0.08243956101959303,0.25291843741832015,0.6264082651392602,1.531766059982313,1.0095986374902366
-0.388980526972315,0.07519375248329035,-3.893805973873776,0.634840596538208,0.821087497325115
-0.10923472681585152,0.33895346823721223,-0.043674684652477376,2.215820026017881,0.054316385212674866
0.7227177496202832,1.0853121195361348,0.022583115507999883,-0.6325752354898301,0.43053620634227147
0.8636481965942512,1.3484611745231323,-0.02048549761417713,-0.3805857110022035,-0.04072994531219384
2.2426189995942187,-1.4988676263045329,2.991677811407289,0.5647462064009819,-0.5030802941317288
-0.035674089269021075,0.09092849956912404,-1.8449829260217594,-1.4171993278869084,0.009760456468917428
2.4501708068658163,-0.6892106799597415,-0.7269176282693499,-1.2841086204053989,0.03697214346050746
-0.7106349151604333,-0.1526799197616436,0.6527914159872019,0.7429774563056903,2.289882745226159
-0.42828551475061083,0.30202367002752517,-0.5224078912695345,0.6111770779316732,-2.1450176690949094
2.366960476733536,-0.003496233488381952,0.18036569605118052,0.3520407955394308,-0.007898006076737678
-0.035674089269021075,0.8518638613675248,0.4560994452749296,-0.6435343116157566,-0.6052142597414008
-1.37931210173534,1.4863510643769253,1.115257474634763,2.979383832531498,1.452397037943188
-0.035674089269021075,0.30685608460691444,1.8522088032452175,-0.6948603087912469,0.5771263107902546
-0.035674089269021075,-1.1393425428787547,0.060908084621543845,-0.04850280024527386,-1.4766867555537282
-0.9053945450237096,1.1446105675606464,-3.5804392240230913,0.8375167136389953,2.4927612550995626
-0.035674089269021075,-0.4488855753457161,0.12614367011236272,0.12495794377480486,-1.7466501283148945
-0.40707960777285224,0.5682408831690018,-0.4050145191620119,-0.5560362678854031,-0.9259034915333615
-0.035674089269021075,-0.36989273595539796,0.31259086019195587,-0.10922702815503606,-1.2895309559975425
1.4059109451036997,-0.039983823254815,-0.02048549761417713,0.9068034396959632,1.067474232102258
-0.3431575296542883,0.6662757437583628,-0.02048549761417713,0.5747727392978748,1.004566142101464
0.5463588579179206,1.939110873557549,-1.4313671896984657,-1.2556690375220618,0.7917016339084431
1.0162218950293649,0.35087665243750044,0.2193296282545945,-0.4769955996225632,-0.07000903181165818
-0.25847199215098166,-0.9657436099407296,-0.02048549761417713,-0.3028628114842004,-0.7359610292768104
0.38574934793955007,-0.7383570040879605,1.0878725823202373,-0.03275202925740514,0.09315473002712689
-1.3143761985872613,-0.3071418398932157,-0.02088777660298983,0.36849652130303134,-0.28253006318612733
0.9953928112261453,0.17471641767295065,0.5216268253713419,-0.18083605769391062,-0.5953387468303584
0.1443016526142764,1.619486593939136,1.190974590574804,-0.5223333392165925,0.25276238994694256
1.5216831841826404,-0.8558901696637944,0.8850779196705763,-1.103747602686363,0.20251295546573667
0.901863016361224,0.6655827784430017,-1.1571077443911533,1.572536813432967,-2.043535865001032
-0.7775855885602819,-0.8008281851665032,0.05419719129807534,1.103758818049208,0.4236715696150694
1.4958981757017928,1.6853300412685643,-0.02048549761417713,-0.551350424901903,0.12674203814426396
-1.1463423073463503,-0.5175970993787602,-0.1500606731492663,0.5531590783372631,1.091956156887129
-0.035674089269021075,0.4932855870307362,2.4847486525148605,0.21386900109216314,-0.09914909272906147
1.6679529313505486,-1.4046548792446898,-0.3912268854459195,-2.075029295528369,-1.5378568672977704
-1.0057171725066503,1.2074549771446461,-0.02048549761417713,0.22669370281025158,0.12800737515350608
0.03784513394799749,-0.5574521991721921,-0.02048549761417713,-0.7915967662074003,-1.047903680025229
0.5516226104967615,-1.1514213722079127,1.1798064431686066,-0.5543198926036152,-1.4140833001569029
0.6447119959725236,-0.41877972842381095,-0.5314163138556484,0.30784124151960635,-0.8081486157633416
0.08064326557688782,-1.1296097904112636,-0.02048549761417713,-0.7265615579610433,2.2143394892077177
-1.1682482031494412,1.2297453289671523,0.48156201893529416,0.09456854951183304,-2.5149461641414486
-0.7815924704601623,-0.42710373727887424,2.413894043493922,-1.2879131824928298,-0.03910467022468374
-0.6878934609685898,-1.1403010687479656,2.851229925931997,-0.18386533991624943,1.634509191815988
2.416091413088939,-1.0078868005858517,-0.30755493153502433,1.1589886210373908,-0.3176518841173292
0.06868728532826829,0.38924779698596096,-1.3752394329678004,-0.5420876873880034,-0.3905972224611827
0.8774517788737978,-0.8185019418058563,-0.02048549761417713,0.45026203039461,1.1962662794457897
-1.0011512808692358,-0.5916536842727773,-0.4867011077744218,-1.0657586576403741,-0.6467592506882125
-0.035674089269021075,-1.1190832560381876,0.16920394365789615,-0.140565910536299,-1.652085451092224
-0.3766857034767296,-0.30044149760706546,-0.02048549761417713,0.7721783733784228,-1.0092261622640437
-0.20872187124934086,-0.7495120772847925,-0.3411641454439586,1.173949688112563,0.37380152049324034
0.2768894980185443,0.5391332199607208,-0.5736402400260885,-1.4993352885637496,0.4906221432279331
-0.6682531118758085,0.2710910609855173,-0.3399912513970012,1.2067144979308444,-2.1461143585137643
-0.035674089269021075,0.005506685255139634,-0.4297761739853826,0.07881492583193121,-0.03525765206130857
-0.4892235303548901,-1.681434662248092,-0.23326217109182223,-0.6953134202620391,1.4763874404616713
0.24041826581666045,-0.18537702712680884,-0.759414342610209,-0.17671511453586936,-0.1329749571830616
-1.4029554750324822,-0.7709170922225945,2.089751384323301,0.33143810508998,0.647673179551042
0.028000437533438786,-0.58190469173757,-0.3658376037622289,-0.28704219884235516,-0.08028940900932104
1.329236041245001,-0.0134717107001955,0.4493136008670808,-1.719176561267487,2.162524397239815
-2.05922585913095,0.45020373834907124,-0.02048549761417713,-0.1705294130500838,0.45965854991230704
-0.8017550181930374,0.623915411301024,-0.5988565627976941,-0.5198868187357716,1.0698459716973023
-0.6653757662416686,2.0049265753110976,0.4106712423396971,-0.47331461486119725,-0.058689099847262616
-0.4353997694137727,0.34615834799542156,-1.2745152364941112,0.634571050016464,-0.5357422919656001
-1.2209833069327118,-1.428272257182247,0.678986594982604,0.45085099986305494,-0.5630202893988838
0.021658101879651167,-0.381329643377693,-0.4054925317686268,-0.7205258150528765,-0.30030473052572887
0.8235379835065951,1.5253265658489377,0.363588272396014,-0.35139167260568144,-0.020648522794344107
-0.08406673647756543,-1.1911343295721766,-0.02048549761417713,0.500374204525278,1.2889270976192568
0.007317137641210592,-0.32308460961266416,2.4502523168532253,1.2358811626714874,-0.4378484092560064
-0.432393348571399,-0.3503374799880016,-0.02048549761417713,-2.378161249830834,-0.2705025915878335
1.6721947604681717,1.123278937761739,-0.5070432751082932,0.8115233321093265,-0.8201384787933813
-1.1510779599140906,0.715278367630455,1.0655084084062472,0.9558015502669001,0.8478020508676722
0.7081316131453729,0.5320477321153395,-0.4328811182947999,0.044765048918868136,0.963659265343013
-0.035674089269021075,-0.16018555058556747,0.5888776587171666,0.6697057810167314,0.1683690965723323
-0.07975074194391295,0.4127648118364358,-0.02048549761417713,2.7036060473442585,0.49368557413132447
0.6434364173692715,-0.24480092625543612,-1.3882596113670014,0.04080914440873647,0.5341195398854716
2.3598314240341294,1.176442776604003,-0.02048549761417713,1.7056293082121394,-0.025010113859552627
-0.9651474441059739,0.292428435825542,-0.3723368055437534,1.0348263340765265,-0.17140306335145053
0.7253081954779093,0.24626194111232372,0.7302542054190571,0.41672515527623466,1.2511235900623991
-0.08547558901892666,-0.9511551594801139,-0.0843674485678798,-0.9538489582359578,0.28610440467381354
-0.7085390820300118,0.3462467882537267,-1.0415599880401345,-0.8995684834682662,0.990245708894639
1.2892841859156272,-0.18081815135904647,0.5180235408759348,0.7900953303962723,-0.9857422693559286
-0.3051333668986015,-0.16791469750095067,-0.7103768214859835,-0.1899395696040359,0.7063492692189947
-0.035674089269021075,1.1966714166911658,-1.122764689182059,2.331322110029576,1.9466666803316113
-2.076496792332831,1.298006123817923,-0.02048549761417713,0.8174952294084957,1.347650073095457
-0.676775032705058,-1.0533950711893603,-0.43497888588770967,-0.22883480312708024,-1.313713755515557
0.9817930809254496,-1.1355425631010643,-0.6981943218224189,0.5700003194775768,1.4221652658629287
-0.035674089269021075,-0.8819922292656983,0.7506020557456137,-0.34701573344508924,-0.30501209055615175
0.7501484639433473,0.20794835376065374,-0.4155969195782394,-0.21982526639712752,-0.5165101440594375
-0.5704989091109902,0.5903452093324544,-1.0133175654016293,0.6255309754917316,1.0029187703809006
1.2360217047714883,-0.4437900748999739,0.020575580244966633,-0.5772416219935793,-0.054025946161491124
0.23079933689384577,1.0537580388719194,-0.5964573994512038,0.4055051005938339,-0.3301489753116125
0.3074672567760788,-0.794942551328981,0.8949765394168565,1.915861064855502,0.3036928038778213
-0.4460809660837011,-0.7076788421777186,-0.02048549761417713,0.46898209593752593,0.27355137711355637
-0.3782629259371035,-0.37342484127320086,0.06793728890079473,0.7824549400919248,0.11817419733082155
-0.035674089269021075,0.9557422830304697,-2.7334814175388575,-0.4458353233192456,-0.16620435031543682
-0.6190865667755981,-0.035308418051679925,0.13402737072765586,0.24418388854882003,-1.7964077998040255
-0.035674089269021075,-1.622674758208506,1.9831814908365886,-1.7209032506113626,0.18593116666772228
0.6327713375290434,-0.1637432832650666,-0.6928036743696474,-0.5667048831640893,0.6061766446539553
-1.3522991930834884,0.2021258611410913,-0.20562664033519418,0.21654071246848186,1.0977578187518442
-1.6800072654310991,-0.7775792628645576,-0.02048549761417713,-1.0334340204181232,-1.7090790085444392
0.5915226343578072,-0.36339936545091933,-0.02048549761417713,-1.4634806259129722,1.64850506918597
-0.9390595760699171,1.2985190780959839,-1.0090739211282775,0.9414591329122503,0.23870544604479485
-0.035674089269021075,0.4774128981158326,1.0649139438671207,-1.0257726475868032,-0.3379240064551745
-1.9011024976869817,-0.42974684466698765,-0.02048549761417713,1.4861802170306102,0.8250834997965123
-1.0498864312363094,-0.1902165807372394,-3.414938544504892,1.1085529272817378,-0.380923057266318
0.6216464209813456,-0.1409914647618848,-0.5990681240487234,1.0543789765252267,1.082853776068712
-0.035674089269021075,0.8597796653382277,2.749759252909052,0.45877957318681734,1.3834480285202992
1.1323222268675945,0.9712676192951516,-0.02048549761417713,-1.1629352003067102,1.0151302002318128
-1.0044310455564653,-0.22516685514766835,-0.28640669043515493,2.0716499082575313,0.8610459421680148
1.637963856973275,-0.7170949462505968,-0.02048549761417713,-1.849068429217444,0.3185431602327679
-0.4680688016924823,-1.0852528357573958,-0.02048549761417713,0.7574518431967668,0.2779839650330113
-2.116195581444547,-0.49890344636670236,1.089248791981474,-1.030320797746446,-0.3887901716741375
0.18080394385996862,-0.1560646717391165,-0.02048549761417713,-1.5107762182602595,-0.13961229126512342
-0.7800510602594442,-1.2518282507813328,-0.02048549761417713,2.442050852288348,-0.10404260834025189
-0.9571309783141931,-0.3912172123852348,2.3184692411904386,-0.8408112550956266,1.8655948311352037
-0.6359136919198832,-1.5259674417839744,0.6802111346027021,0.26332918357624374,-0.6731605880139769
0.7862013695204043,-1.179452971034434,-0.6726297436483409,-0.3319161276511768,-1.5167908845994356
0.30604750891261256,-1.1576673769438064,-0.02048549761417713,-0.7948181940614572,-0.6497319491983173
0.17281869125848487,0.2790868354490153,-0.2078280380416545,0.8922543883341254,-0.04520239931331195
-0.2407736418427617,-1.4289935907221503,0.30893106066582565,-1.322810285161218,-0.011407303167040665
-1.1460711002692474,-1.3481639365220763,-0.02048549761417713,0.9355144000928615,-0.5308418518489001
0.719856645305311,-0.7193007079969164,-0.02048549761417713,-0.7994646837439083,0.4860012600227767
-1.093932366303654,0.8230645829914748,1.0180305338040057,0.7491359154148153,3.051837273024253
-3.8481672377022624,-1.0103339630346644,-0.38689568394879525,0.8305472975863121,1.2500816573182918
0.0028374771651403473,0.4079906754752924,0.5885249373694524,-1.5939163161472978,-0.9465538804475322
0.362918675021585,0.5993288739954722,0.31189511429694117,-1.2199100317571334,-2.01956115625746
0.018219903261732815,0.3675214033930825,-2.413037648342127,0.958182601482889,2.2274947708873647
0.14907700081720882,0.027160407330258814,-0.7854397242350878,0.29102524627183735,0.22251201929950726
0.4468188598864396,-1.062628300032343,2.404885564906283,0.5397132912442664,-1.224406870862035
1.297507201079501,-0.670696524723371,-0.573722716502478,-0.4632228716065483,0.8222117994545064
-1.497583580572395,0.7486696007223849,-0.02048549761417713,-0.5162979502618286,-0.45288536725254647
1.2245132718837628,-1.929943983145502,-0.02048549761417713,1.286046331666224,-0.1827870641317016
0.43364425307620597,1.5918291436031324,-0.5740516308380103,-0.03730443067383536,0.25271249853056377
-0.341908299429184,1.747610432493538,2.2590484407169678,-0.9430840427283552,0.29513605262733084
-0.035674089269021075,0.972911115998811,0.7809938208016522,0.04975715122045856,-0.7989710960540081
-0.3286125475095595,-0.24797417233067887,0.28043943021636886,0.03162855524842931,0.00347016554729256
-0.880244311372765,-0.17369428075415239,0.36300551605662423,1.44036774520306,0.17131704709942777
-0.035674089269021075,1.7318204095037881,0.4734971079627961,1.3225990300932648,1.093242444892261
-0.035674089269021075,0.5781455215930674,-0.12841522399145522,-1.0288881367810125,1.1931413153612977
-0.035674089269021075,4.485700577670511,-0.5724805345302793,-0.6276686456563609,-0.1407343817870978
-0.307644502107082,-1.366266923455996,-0.8649639123860008,0.3743540925377403,-0.6740581846887939
0.9726776861834922,1.283619542003166,-0.7680286373650657,-0.6208778058490461,0.07130241551002812
0.909491165744527,-0.9761054667692081,-0.7052212032083206,0.4394371305025936,-0.010721534954402333
-0.1589413775666625,-0.7370895087457391,-0.02048549761417713,0.1276106136199518,-1.7608778301135566
-1.1928836524111215,-0.5867633179718574,-0.4709011956299234,-1.1446801704494391,0.5932864049194606
-0.035674089269021075,-0.9239767008001677,-0.02048549761417713,0.2611013908245354,-0.1543808514036767
-0.5444453574108168,-0.37423019920434936,1.6872393142980686,1.0988747284435207,1.355284043825587
4.1470561553372125,-0.2932306988074691,1.1348601198696213,0.8905224902468608,0.17398922006003711
0.07058861382508887,1.059757030737897,0.5243445623566597,0.5457645703288161,-0.2387964889652419
-0.7603394132526146,1.0279855062401413,0.1439328833133206,-1.282200906362804,-0.07201810513938539
0.21688694215011395,-0.29081282118263446,-1.0405667796419902,-1.087775959574402,2.8845022699250134
0.7358983479147299,0.8229709856046351,0.02003129700292219,-0.5325772389968524,0.24505074146854403
-0.3375989063575655,1.5307015577515712,-0.02048549761417713,1.2258092519877266,0.0017815111695696209
-0.035674089269021075,1.2275961292617836,0.26847258201628704,0.2391209572360067,-1.0299982115250055
0.16755768220208642,-0.7887290338913873,2.122211173881232,-0.2933118252371284,-1.3889127980982274
-0.035674089269021075,-0.21568122688215774,0.49822924599651086,-0.09703574091379708,-0.6940637826785924
-1.5744458425553771,2.9805080800062136,0.17816317392775077,-1.4428579381630964,-0.043337038290732245
-0.035674089269021075,-1.0174816896736016,-0.25048772213366605,-0.31274402792630346,0.11263188266480413
-0.035674089269021075,-0.4864141871480277,-0.02048549761417713,-1.2840568180558465,0.20260309975566423
-0.035674089269021075,-0.2613885915843023,0.961127978560899,-2.181221893315157,-0.39045515016057736
-1.9651699328696537,1.078694101459974,-0.02048549761417713,-0.7052748948716239,1.5800476365919485
-0.035674089269021075,0.07258104876595282,0.2694919970323498,-0.4024406812932374,0.6054728310274965
0.6508998802224709,-1.6997555137949245,2.3379063436504306,-0.8262309626803501,0.01994484019228096
1.4893391661381468,0.5802036659833033,-1.6251021540756292,0.4900325065029826,-0.2898405984912459
0.0019022761455491789,0.4222986432901658,-0.30434785225246547,1.4904109143187643,0.028114014071938555
0.8176499053619759,-0.8435429894255602,-0.8442008233780722,-1.2999600119560282,0.38848294981959275
0.40766425384850363,-1.1049724947759514,-1.0321221218952048,0.5157096541266053,-0.24584751413773775
1.870413441255691,-0.9638842609471902,-1.04488258194624,0.4245539772069757,-0.8427669582042798
-0.988100753673359,0.7399074397745581,-0.42174467991210995,-0.02476703350254623,1.4625647443273178
-0.035674089269021075,-0.12189642415099741,-1.8997929295168399,0.2756902004738409,-0.20709346059062206
0.4216102720738573,-1.0189041380919444,0.3792029594193387,2.103529105680675,0.9734657139671549
-0.599634392016495,0.8663580234158096,0.9859988286487514,-1.3339175416777278,-0.617563597115101
-0.4471029830628752,-0.10176250647461149,0.1307137580163946,-1.1755873724533015,-0.5141086385917465
1.5445199799702292,0.19851127094087115,0.348602101898056,-0.09119509588149964,-0.732211190452569
-1.078339275985189,-0.08325642210979468,0.3843021263326444,0.515213559313158,0.2654895905449417
-1.7365419547661232,0.9659881682152007,2.177176515268582,-0.5218181143248677,-1.0002674436948151
-0.6506252464196061,-1.3883548016750686,-1.5343241740464333,-0.1600417808349379,0.8477625497289464
1.4313234699619057,0.5965322030799722,-0.02048549761417713,0.8706711868226776,-0.6611160734572549
-1.07433958554219,-0.03080280537355637,-0.02048549761417713,0.31909482151002677,-1.5242163969845923
0.17575085401236637,1.531881098598621,-0.9176867492002966,0.24845092576642677,0.3716584565523072
-0.14135892555690455,0.018740665731333952,0.8241110476213929,-0.9713180037993576,0.7346148699268517
-0.30906313020001924,1.645207775757329,-1.5467481575803166,-1.3252384990191426,-0.7903938166106235
-1.900231648892035,0.981058454666162,-0.009337246684791412,-0.5555122106770412,-1.4909463127378266
-0.035674089269021075,0.586132055861245,2.325252777301523,1.7891964306747563,0.677945226029146
-0.035674089269021075,0.59828747121756,-0.9806647318712286,-0.8735357132454614,0.4015483312225775
0.20710969364615467,-1.01131303644257,-0.02048549761417713,-0.6348059724594377,-0.15860664919048637
-0.035674089269021075,-0.48639531065192176,-0.02048549761417713,-1.5057200733565064,0.2479626043331502
-0.65306140803522,-0.7650925679480427,1.331807744330017,-0.4912343121178455,0.3083133175942758
0.023035035256312286,-0.1988086220709601,0.4191358531715021,-1.1834889358770049,0.3103597073679783
0.649277459870107,2.1116962130905845,-0.02048549761417713,-1.6535491708179464,-0.5093825668679884
-0.7705558872124604,0.716066655948801,1.5375195772856571,-0.049666585474805465,1.0216016588736943
-0.5829412268054982,1.9532243475333078,-0.02048549761417713,1.2773455129032298,0.8039646284167018
-1.458379624447191,-0.22853225135104785,2.5357015098286877,-0.9361541748987421,1.4133835743867982
0.5382436414521357,-0.5019382625667835,-0.02048549761417713,-1.2390989352653916,-2.124918701265701
-1.2322041375258759,-0.47902098103267216,0.6801607457016169,0.7572704848758238,0.5032701472323715
0.02970256444597169,-0.28507930755000216,1.063181882721379,-1.6344160526875913,-0.734870012832497
-0.03490158602202524,0.859960628329438,-0.02048549761417713,1.1559444714456797,-0.43156505983296983
-0.6339914802596514,0.3601178960283555,-0.27456960515993806,-0.2699122802349855,0.552702844098123
0.3972126407399825,0.3665811057712534,-0.11603937528014657,0.047748723605931825,0.8277383797564565
-0.035674089269021075,-1.6890046623582355,2.309258734332342,-0.8930976584811787,0.21461780954871565
0.35268781037345737,-1.1914225666294649,-0.7924446025197643,-2.6828779997310175,-0.3478049477208243
-0.035674089269021075,-1.4900673634826305,-0.02048549761417713,-0.6514031928084355,-0.678458298022976
-0.14465665193632782,-0.25680545558713064,0.5839711639395475,-0.5975980817168092,0.26793246617813077
-0.401897580339688,-0.22683335348369174,-0.9733232811863687,0.6729800206400403,1.2020881523306473
-0.9924525987546604,-0.8390254947349167,-0.02048549761417713,-1.0037687204577195,-2.592724698012727
-0.44277228934373025,0.5623908071646294,-0.4745726844165929,0.950620864258216,-1.0907039211221454
-0.2388407351383833,-1.777880787134571,-0.02048549761417713,-0.04100411829796229,-0.2623602098783166
0.3465982396085573,-0.2959352787125296,0.48232947927031666,0.28616326486772825,-0.548290315812234
-0.9615202786781266,-0.6675392138738123,-0.02048549761417713,-0.6835353678570735,-0.1760878404311271
-0.2050712170863124,0.40431324508846456,-0.587575369828098,0.087519837192432,1.9152220326805252
-0.32684202609368446,0.19919698621037193,-0.23256693434129802,0.028829534231399143,0.6241639750568514
-1.8881576529731843,-1.13490128859338,0.8413239920840173,-0.020017156801438913,-1.021066656168924
-0.9182308264088062,0.775498435700225,-0.02048549761417713,0.46294885079222603,0.14602330757390317
-0.035674089269021075,-1.1283800874680945,0.9257683586000273,-0.5968977028364978,-1.0448198128722523
0.5423384562784509,-0.2648989281354411,0.6183212027579237,0.546935110336628,-0.49983693108875255
-0.035674089269021075,0.18834389464318455,-0.02048549761417713,0.256293373211139,-0.4739593156212265
-1.3164404957623383,-0.3595164033455202,-0.02048549761417713,-0.5972258815764192,0.22527285147492312
1.4599386571578405,0.561083399117016,0.16472171198691055,-0.7893378438585525,1.0983078735103118
0.627908193038394,2.6435144852043417,-0.02048549761417713,-0.7432663127963827,-2.0132117054572505
-2.3494356024976906,0.770493380275356,-1.136432087121946,0.8981649247036296,-0.7944768069230487
-0.035674089269021075,-0.448983432531785,0.761114082196596,-0.8448205238161071,0.2547437803053958
-1.4885263838950795,-0.8123593538865245,-0.02048549761417713,0.11764404323911826,-0.09769451136846712
1.8658552441469483,-0.7618025610737448,-0.02048549761417713,0.8743465097423994,-0.9524490228802838
-0.035674089269021075,-1.3250886062931477,-0.02048549761417713,-0.6122675868396261,-0.27245537527499
-0.31818023004014967,1.4184985685018754,-0.02048549761417713,-0.12976690051113904,-0.4456237133676858
1.2818048219982356,-0.5747015909208063,-0.36432583040763683,0.3504395867202808,-0.40473471440696895
-0.035674089269021075,0.6082528560150339,-1.6247541691353542,0.5435702882453398,0.9182618361267244
0.11705363321015731,2.545985812137411,-2.015625622714667,-1.2786580011978164,0.7213405926043388
0.8263041926117427,-0.17048575919393935,-0.32203838095792703,-1.6311112782183004,0.34316302496053874
0.1584401347475057,1.1482649475674518,1.1840351284367256,-0.02563981050681438,-0.5914098066032925
-2.290457474605626,0.2021962450941573,0.48698159704819827,-0.006134825556985827,-1.6015913665884318
-1.2429410220325543,0.8438071750663572,0.2147018637267759,-0.7940238286547885,-0.30698973545646796
0.0881343088137251,1.469674473380567,-1.2664268026369712,-1.1806806899372302,-0.6053375693551389
1.2079811143408954,-1.3873910595171226,0.4005508440274198,-1.031498457789454,1.9882841240538858
-0.10241440106810114,-0.3173514014616478,-0.46014486900326695,0.2494735513262799,-2.506524179089523
0.09670556814224768,0.14970740131015814,-0.8035313312716837,2.418647346040277,0.2336230398859233
-0.035674089269021075,2.6549569131212576,-2.5711019120840763,-0.7236515434526535,0.8105520770775613
-0.2895159905660762,-0.5674146048917809,0.6062052794204259,0.08215107360987191,-0.0014350807574825904
-0.6356051469129842,-1.7609030097528873,2.4034904005206084,-0.9071476736111699,-0.5360614019215237
0.6753970258535678,-1.2517287866373863,-0.5177147361463063,0.6380161173545789,0.40983032980019685
0.35940126073616385,-1.4427351406093898,-0.11649009464184079,1.8420113442635497,3.2274226789637246
0.601004816043404,-0.04252417300966181,1.6461948698028885,0.4111995215317559,1.4636182603244823
-0.035674089269021075,0.5002939932958613,-0.02048549761417713,-0.9015455398692752,1.3290072668246253
-0.677173452569804,-1.1922166867659767,-0.4543152177216391,1.2790496764121184,0.5063833027481718
0.9068469752381542,0.7307419565874608,-1.0021432137449366,0.20418428125125151,1.2266053847905989
-0.1039009475157397,1.591039110689545,1.3959545944336176,-0.3616915438770848,0.35609452972598843
-1.0042403345670043,0.585109216672512,-1.0207889044904266,0.19571009934771677,-0.7876757765723534
0.8354870016899357,-0.14247783907527023,-0.02048549761417713,0.6290606002595932,0.6281010266560744
4.396124210134675,-0.9490266651592189,-0.02048549761417713,-0.2061906172201328,-0.5647883665571751
-1.4203912510182366,0.5730295997998707,1.1097501404116286,-1.6069837138596526,-0.7240671531569984
0.08428723220279077,1.59223811322039,-0.3767886805113521,0.5000222007640669,-0.26613582030812444
0.3907247379481063,-0.8614045599483878,1.080431787648531,-0.14013103915981898,-1.9610502453980598
1.0247064843209972,-1.6561318066678234,-1.7809423569743175,-2.084354455340074,0.09025808598365609
-1.2011701185298493,0.06560483995568507,-0.5161491344065293,-0.35588538226077193,-1.3364623247908216
0.881946799148247,0.295314199185711,-0.02048549761417713,0.027673020253570938,-0.2826611327725384
0.583205882195383,-1.2577989843996302,1.399698529448808,-0.2696367277652038,-1.2540866259267616
0.3099094765468439,0.5901229044297657,-1.8404863156930211,-0.9342213406195983,1.8625142225997162
-0.22010225004449807,-0.3100751825431845,0.30747400413653986,0.3643465670959825,1.1951565686677084
-0.7567135734642884,0.14911897788553596,-0.02048549761417713,0.22463478796720426,1.526934194514945
1.4239249092038508,2.9635276343309966,-0.5228428074533998,-0.0699509768125533,-1.2930454129988
0.1889372598337957,0.8371361384455631,1.1334835402627892,-0.4772438177245762,-0.2803970326268109
0.48905803311807805,-0.8457992839063145,-0.02048549761417713,-0.1811986156385737,0.5021237334526519
0.482667289631521,-0.5025973796952479,-2.2639275695589665,0.1443022694716568,-0.743712365614782
-0.36167283078055296,1.387616527685389,-1.6180105196340513,0.6060320612378665,0.917022660224699
-0.31258876464228835,-0.6207149625788533,-0.35634778598877653,0.38122159434578,-0.5424032914673242
-0.19840839478057756,-1.4477106042684613,0.12903369942987372,-0.8243839385448908,-2.6254151909059007
-0.8464369973140183,-0.6518197269392059,-1.5456180410562768,1.5054437824957994,1.3792623685513068
-0.16534399608478842,0.73403080159233,-0.4128180086348458,1.2841739080933217,1.4341222450696458
-0.2514289919392541,1.450439368292179,0.7328420036992026,-1.5286366832834326,0.913016734556564
-0.03556847928493839,-1.0425775672826645,-0.02048549761417713,1.7727112211956795,-1.5924262798466948
-0.035674089269021075,0.5507871086737722,0.05689875902082804,1.0111092816740899,0.6669005307769436
-0.035674089269021075,-0.3172767954270596,-0.02048549761417713,-0.08446941064319487,0.020485141654080843
0.40769893913665695,1.062576524150864,-0.02048549761417713,2.054717294064544,-0.547473905645705
-0.9038540519175513,-1.5623759768633882,-0.10130092971729492,0.18198228111699283,0.039921117224221585
-0.31869018625558176,-0.10189909677325812,-0.02048549761417713,-0.5530509447458651,0.8501733345485917
0.09368427803823241,-0.9231560551318111,0.5026098072208104,-0.19317491844833182,-1.0358451992999862
-3.5671565383301624,0.7824915661477929,-0.02048549761417713,-0.21700228192850912,1.3332270925825065
-1.5958465431932685,0.2566449198309306,0.933226033547332,-1.7227201693867562,1.914384270271576
-1.694189427691038,-0.9017798665815716,-0.02048549761417713,2.5122223232298024,0.010303047438456427
2.0190161377462528,-1.1674206579037174,-0.28325592703645924,0.18209682855598466,1.4866957715000437
-0.25625686555558425,-0.4983914847374514,-0.02048549761417713,0.3295597590922996,-0.1895032617259496
-0.2968879227456295,-0.755501182727171,-0.02048549761417713,0.5306416517975658,-0.18040515029870646
-0.035674089269021075,-1.1819694971804848,-1.8163828461059812,-1.2921248670360117,-0.21538771003752147
0.05200332875101311,-1.7152817523701773,-1.5440074097370857,0.0005258648501328351,-0.10993636823912994
0.5549815658358481,1.183253007679072,-0.364974807019668,-0.34318082554707574,0.6103581351481122
-0.7056174325556299,0.7761465483201496,-0.02048549761417713,-0.5094302988974182,-1.765949072882024
0.1982901412058514,0.7913873945327121,0.4438597032370126,0.8263220373192722,1.4789172870195435
-1.1640973943711572,-0.2736224923995949,1.3934290721134284,-0.9590919852013775,-0.4195382110687054
-0.035674089269021075,-1.3832530567358712,1.7603596795940795,-1.3834126719011721,-0.014793973424165961
-0.5445390026260849,-1.093481994660218,-0.02048549761417713,-0.40343547024050863,-0.759233607017823
1.3265530226148279,0.3509074308206855,2.271325378571399,-1.0506927413151503,-0.44081990925688574
0.5227580690077027,-0.8024731005370859,0.13128959375964935,0.957321125053198,1.576932599011445
-0.23483018864843377,1.0398329644552677,0.8062035770310085,-0.03333766971893249,1.5902825571907955
0.5677690641109286,0.12345238288036219,-1.0565030535759754,-0.8614845892736698,-0.7477535847294214
-0.035674089269021075,1.1776788675610532,-0.5404319697657307,-1.4591200816012966,2.0033088171112996
1.619372957972477,-1.0914397992466767,1.4630694183578161,0.7112073751707636,-1.4330697889149593
-1.0879578452978933,-0.5890010366055745,-0.02048549761417713,-0.8880448042321283,0.7504286361824021
0.6347470235795233,1.028923895579655,-0.02048549761417713,0.1787872996512887,1.7252310368868577
-0.035674089269021075,-1.2165411344378145,-0.24892537966855457,-1.171353104070521,0.9312613424029621
1.0947552322410754,0.32344232637344955,-0.02048549761417713,-0.36542023527297,0.6484517295377987
-1.9080234104892755,0.058738627513838515,-0.237868216759079,-1.4950591687930268,0.511889925018076
0.74344666373335,0.004850554210869138,-0.3724511450227916,0.45368569353636395,0.1808918789848774
-0.7694285130486781,-1.124900863835457,-0.02048549761417713,-0.9493475520385541,-0.0028331104562822357
-0.5109123609564808,-0.3765033999342863,0.6357033564625159,-0.754061730868463,0.01424483496690035
-0.24906482022839818,-0.08772075872197815,0.08832338617556311,2.63182302736973,0.6624464723385737
0.17629597537866873,-0.8851629777002072,-0.02048549761417713,0.6316383736151678,1.6843648242841662
-0.09957889628882842,-1.045735447352006,-0.02048549761417713,0.14335814120924162,-0.3155614918259093
-0.035674089269021075,-0.07717484464919631,-0.02048549761417713,-1.1740487631427698,-0.8439812995052519
0.06269458938125597,0.45304263476530493,-0.3443311757451,0.7057492352138026,0.9873291730380428
-0.035674089269021075,-0.6318002372332282,-0.02048549761417713,0.9326516085602177,-0.6638288293997225
-0.035674089269021075,-1.4962625336606188,0.541188786961704,2.114413989752515,0.20189369492050252
0.15247898986094094,-0.8210292750156375,1.3934843880950476,-0.152664654756131,-0.35132798138246646
-0.6702183505615038,-0.1590572831943786,-0.02048549761417713,-1.6871800245220097,-1.0205368979011382
0.12818301112434685,-0.6156851937599781,-1.6901652227938735,1.1168563313861521,0.032887796566649606
-0.8927608596212289,0.5553392551384443,-0.02057402734720595,-1.4189282372715886,0.23506358265220811
1.7337493782286655,0.20797459190473805,-0.018515657343813274,-0.13343989431709355,1.213827266295414
-1.8837419913797027,0.6087968993056416,-0.21664393651314087,0.2261380290266951,0.1373563860845665
-0.3841394884824449,-0.8569819153207157,1.0784054405730423,0.8310165277413694,-0.8933058394920925
-0.12714958548127067,0.4366338931561232,-0.02048549761417713,-0.5543789446604864,1.3451454126329376
1.4891260047869148,-0.6001816068221539,-0.6751166553849678,0.7358024469580718,0.4643021226909303
-0.2566499340077,-1.2541745721902944,1.0915954956035079,-0.26862888436879995,-1.701527480593229
-0.035674089269021075,0.025510270297125017,-1.086977017962078,-1.1773154852163432,0.34228660108066344
-1.078814044772992,-0.900422061660281,0.5015048833086863,0.17468885823471272,2.398892003047069
-0.3757998619816924,-1.5448502537141415,1.8952687820983174,2.13274107673023,0.8036458542864303
-0.42141696301851933,2.520314975476168,-0.7635022909381707,1.4372012346845509,-0.2306087540198541
-2.484445871329834,0.09968607609970509,-0.6756992454555416,-0.36511564984317063,1.8140976004256832
-0.6392401775558062,2.0307581111545785,-1.2540422570907508,-1.338017500067056,0.8056428980561675
-0.915195978681668,-0.6816193730610782,-0.5702539685992621,-0.0366910999586255,-1.5962545308236613
0.36357954196345005,2.5864473063908013,0.11664542898983105,0.3831251251753088,-0.2572376733386396
1.9874446187296126,2.7656142561915162,-0.02048549761417713,1.8063956150932827,0.991696250491688
-0.035674089269021075,-0.3750381815704027,-0.02048549761417713,-0.6615639415033098,-1.6550485663902617
-0.03339149316335471,-0.23535171775512026,1.0460288429497673,1.333464276723093,0.7495608378174217
-0.10463551694426011,0.4513478292664523,-0.07668195661502385,0.6624031655835739,-0.3466268756194629
0.25534730014235485,-0.2706326443306842,0.5108448804886143,0.8147027340445092,-0.1659955606899274
-0.035674089269021075,-0.8267338799437912,1.693674117588401,0.7194704138384558,-0.2261210792415804
-0.5591420416120528,1.0926246233754782,0.4369782505691533,1.713614504520341,0.05326622037007949
-0.035674089269021075,-0.19120299092208193,0.697621106398859,0.6082351801776529,0.43942033001518527
-0.6336434789456425,0.0270493662417811,-0.7574939629835844,0.7038271667226342,0.07605347774729848
0.18943517677645874,0.733974682316529,-0.02048549761417713,-0.1280027445463985,-0.04769451588062243
-0.36301422653638604,0.37053471482056566,-1.3347513743363146,-0.7195515083295478,1.092006730609268
-0.035674089269021075,-0.18211862341218393,-0.2755580399107919,1.3739010257645696,0.36780221837907123
-0.4788614878481484,-0.06412628778300097,0.6431179312700156,-0.8603989076526647,0.7175802841438194
-0.6430899229392145,-1.562985961981699,-0.02048549761417713,-0.14488077433313504,-0.9078570505594684
0.9793406948580359,-0.610954141529594,1.0622651342215497,-1.0059701059968387,-0.783335365647998
1.0667951121933388,-0.9795345041112097,0.03905745181783576,-0.34883485896849104,-0.4176194018495121
0.3462546780384526,-0.7855552899076373,0.4234107362021182,-0.8961546402972422,-0.8048921441291986
0.1802532567942803,-1.1717439111791128,-0.02048549761417713,0.8154927199890533,1.1636797476143974
-2.1483274012640177,-0.5105898431348581,-0.7508926956821337,-0.27002090156494524,1.3938049090810618
1.1249011392290043,0.2810376962429942,-0.13232121226716045,-1.163126095626186,-0.21578492498442547
-0.29848653049229745,0.18412015675333027,-0.02048549761417713,1.0522164979485158,0.2554882341896521
0.0945748651902652,-0.056849735748246095,-0.02048549761417713,0.0934274667952619,-0.005887604797349586
